mass,CaPhi,acceptance,cross_section_pb,BR_h_to_Za,Gamma_total_alp_GeV,N_signal
0.0562,3.16e-08,0.0,1.584951377205463e-17,2.9023097916232613e-19,2.113605440218875e-28,0.0
0.0562,3.98e-08,0.0,2.514246895077453e-17,4.604004568902129e-19,3.35286368523104e-28,0.0
0.0562,5.01e-08,0.0,3.983980738563014e-17,7.295331877976587e-19,5.312821253608976e-28,0.0
0.0562,6.31e-08,0.0,6.319758705531006e-17,1.1572530132816345e-18,8.427688428166437e-28,0.0
0.0562,7.94e-08,0.0,1.0006513443758041e-16,1.832359173000923e-18,1.3344145162131738e-27,0.0
0.0562,1e-07,0.0,1.5872369984832788e-16,2.9064951446315303e-18,2.1166534211453243e-27,0.0
0.0562,1.26e-07,0.0,2.5198974587920523e-16,4.614351691617016e-18,3.360398971410317e-27,0.0
0.0562,1.58e-07,0.0,3.9623784430136575e-16,7.255774479058153e-18,5.28401360054719e-27,0.0
0.0562,2e-07,0.0,6.348947993933115e-16,1.1625980578526121e-17,8.466613684581297e-27,0.0
0.0562,2.51e-07,0.0,9.999751814144509e-16,1.8311210060693112e-17,1.333512821855766e-26,0.0
0.0562,3.16e-07,0.0,1.584951377205463e-15,2.902309791623261e-17,2.113605440218876e-26,0.0
0.0562,3.98e-07,0.0,2.514246895077453e-15,4.60400456890213e-17,3.35286368523104e-26,0.0
0.0562,5.01e-07,0.0,3.983980738563016e-15,7.29533187797659e-17,5.312821253608978e-26,0.0
0.0562,6.31e-07,0.0,6.319758705531005e-15,1.1572530132816344e-16,8.427688428166437e-26,0.0
0.0562,7.94e-07,0.0,1.0006513443758043e-14,1.8323591730009236e-16,1.334414516213174e-25,0.0
0.0562,1e-06,0.0,1.5872369984832785e-14,2.90649514463153e-16,2.116653421145325e-25,0.0
0.0562,1.26e-06,0.0,2.519897458792052e-14,4.614351691617015e-16,3.360398971410318e-25,0.0
0.0562,1.58e-06,0.0,3.9623784430136525e-14,7.255774479058144e-16,5.2840136005471865e-25,0.0
0.0562,2e-06,0.0,6.348947993933108e-14,1.162598057852611e-15,8.4666136845813e-25,0.0
0.0562,2.51e-06,0.0,9.999751814144486e-14,1.831121006069307e-15,1.3335128218557664e-24,0.0
0.0562,3.16e-06,0.0,1.5849513772054574e-13,2.902309791623251e-15,2.1136054402188746e-24,0.0
0.0562,3.98e-06,0.0,2.514246895077441e-13,4.6040045689021074e-15,3.35286368523104e-24,0.0
0.0562,5.01e-06,0.0,3.9839807385629865e-13,7.295331877976536e-15,5.312821253608978e-24,0.0
0.0562,6.31e-06,0.0,6.319758705530933e-13,1.1572530132816212e-14,8.427688428166437e-24,0.0
0.0562,7.94e-06,0.0,1.0006513443757865e-12,1.8323591730008908e-14,1.334414516213174e-23,0.0
0.0562,1e-05,0.0,1.5872369984832332e-12,2.906495144631447e-14,2.1166534211453248e-23,0.0
0.0562,1.26e-05,0.0,2.5198974587919367e-12,4.614351691616804e-14,3.360398971410318e-23,0.0
0.0562,1.58e-05,0.0,3.96237844301337e-12,7.255774479057627e-14,5.284013600547191e-23,0.0
0.0562,2e-05,0.0,6.348947993932377e-12,1.162598057852477e-13,8.466613684581299e-23,0.0
0.0562,2.51e-05,0.0,9.999751814142677e-12,1.8311210060689757e-13,1.333512821855766e-22,0.0
0.0562,3.16e-05,0.0,1.584951377205003e-11,2.9023097916224185e-13,2.1136054402188764e-22,0.0
0.0562,3.98e-05,0.0,2.514246895076296e-11,4.604004568900011e-13,3.35286368523104e-22,0.0
0.0562,5.01e-05,0.0,3.983980738560108e-11,7.295331877971265e-13,5.312821253608975e-22,0.0
0.0562,6.31e-05,0.0,6.319758705523693e-11,1.1572530132802953e-12,8.427688428166436e-22,0.0
0.0562,7.94e-05,0.0,1.0006513443739709e-10,1.832359172997566e-12,1.3344145162131744e-21,0.0
0.0562,0.0001,0.0,1.587236998478666e-10,2.906495144623084e-12,2.116653421145325e-21,0.0
0.0562,0.000126,0.0,2.5198974587804263e-10,4.614351691595727e-12,3.360398971410317e-21,0.0
0.0562,0.000158,0.0,3.9623784429849065e-10,7.2557744790055054e-12,5.284013600547188e-21,0.0
0.0562,0.0002,0.0,6.348947993859303e-10,1.162598057839096e-11,8.4666136845813e-21,0.0
0.0562,0.000251,0.0,9.999751813961396e-10,1.8311210060357802e-11,1.3335128218557655e-20,0.0
0.0562,0.000316,0.0,1.5849513771594623e-09,2.9023097915390266e-11,2.1136054402188753e-20,0.0
0.0562,0.000398,0.0,2.514246894961697e-09,4.6040045686901615e-11,3.3528636852310406e-20,0.0
0.0562,0.000501,0.0,3.98398073827237e-09,7.295331877444369e-11,5.312821253608977e-20,0.0
0.0562,0.000631,0.0,6.319758704799654e-09,1.1572530131477118e-10,8.427688428166437e-20,0.0
0.0562,0.000794,0.0,1.0006513441924493e-08,1.83235917266517e-10,1.3344145162131737e-19,0.0
0.0562,0.001,0.0,1.587236998021949e-08,2.9064951437867593e-10,2.1166534211453247e-19,0.0
0.0562,0.00126,0.0,2.519897457629285e-08,4.6143516894877954e-10,3.3603989714103175e-19,0.0
0.0562,0.00158,0.0,3.962378440138645e-08,7.255774473793527e-10,5.284013600547188e-19,0.0
0.0562,0.002,0.0,6.34894798655184e-08,1.162598056500978e-09,8.466613684581299e-19,0.0
0.0562,0.00251,0.0,9.999751795833749e-08,1.8311210027163063e-09,1.333512821855766e-18,0.0
0.0562,0.00316,1.3682373176415209e-05,1.584951372605443e-07,2.9023097831998592e-09,2.1136054402188754e-18,2.6023075375751017e-06
0.0562,0.00398,0.0,2.514246883501849e-07,4.604004547705272e-09,3.3528636852310407e-18,0.0
0.0562,0.00501,3.324139525395551e-05,3.983980709498553e-07,7.295331824754721e-09,5.312821253608976e-18,1.5891969293829063e-05
0.0562,0.00631,7.117000826341083e-06,6.319758632395411e-07,1.1572529998892896e-08,8.427688428166436e-18,5.39732728908412e-06
0.0562,0.00794,3.3425271412711166e-05,1.0006513260402777e-06,1.8323591394255222e-08,1.3344145162131735e-17,4.013645059486274e-05
0.0562,0.01,7.929256407662154e-05,1.5872369523503138e-06,2.9064950601543926e-08,2.1166534211453254e-17,0.0001510273052988225
0.0562,0.0126,0.00011271783548933272,2.5198973425151266e-06,4.61435147869461e-08,3.360398971410318e-17,0.0003408448489243521
0.0562,0.0158,5.3352045807762775e-05,3.962378155512435e-06,7.255773952595559e-08,5.284013600547189e-17,0.0002536811770326936
0.0562,0.02,0.00012695183714201485,6.3489472558057396e-06,1.1625979226892034e-07,8.466613684581302e-17,0.0009672126216507508
0.0562,0.0251,0.0002153824154985203,9.999749983069275e-06,1.8311206707689573e-07,1.3335128218557664e-16,0.0025845243668816977
0.0562,0.0316,0.00032722765138014836,1.5849509172036067e-05,2.9023089492832936e-07,2.1136054402188756e-16,0.006223677194272179
0.0562,0.0398,0.0005281470321739266,2.5142457375175674e-05,4.6040024492173e-07,3.352863685231041e-16,0.015934697093110184
0.0562,0.0501,0.0007885692976219568,3.9839778321189667e-05,7.29532655579375e-07,5.312821253608977e-16,0.037699711209786
0.0562,0.0631,0.000879024138017544,6.319751391979665e-05,1.1572516740486476e-06,8.427688428166436e-16,0.06666256823784118
0.0562,0.0794,0.0015534529963589657,0.00010006495108264944,1.8323558154669372e-06,1.3344145162131739e-15,0.18653543770782616
0.0562,0.1,0.002338851242388772,0.00015872323852000585,2.906486696942059e-06,2.116653421145325e-15,0.4454760523301821
0.0562,0.126,0.003000975174451677,0.00025198858311526064,4.614330399473734e-06,3.3603989714103185e-15,0.9074537786089802
0.0562,0.158,0.00332824798272513,0.0003962349693097877,7.255721833176848e-06,5.284013600547189e-15,1.5825218847485456
0.0562,0.2,0.0034599789757020225,0.0006348874182045181,1.1625845416673102e-05,8.4666136845813e-15,2.6360365427104444
0.0562,0.251,0.0028729693768439497,0.0009999568709941342,1.8310874766418863e-05,1.3335128218557659e-14,3.4474145622370127
0.0562,0.316,0.0019063905086631437,0.0015849053783414792,2.9022255600466568e-05,2.1136054402188757e-14,3.6257382844792385
0.0562,0.398,0.0007991331642785818,0.0025141311443646975,4.603792610080017e-05,3.352863685231041e-14,2.410950692168991
0.0562,0.501,0.0003324607337256287,0.003983690115148126,7.294799698128779e-05,5.3128212536089755e-14,1.5893046463412162
0.0562,0.631,1.8387615875565317e-07,0.006319027434177086,0.00011571191053244986,8.427688428166436e-14,0.0013943021900016885
0.0562,0.794,9.193807937782657e-08,0.010004680226999352,0.00018320234804979586,1.3344145162131743e-13,0.0011037733018315662
0.0562,1.0,6.841186588207604e-06,0.01586775802866614,0.000290565061869001,2.116653421145325e-13,0.1302651520927612
0.1,3.16e-08,0.0,1.5849368638338367e-17,2.902283215224019e-19,3.796731961172533e-28,0.0
0.1,3.98e-08,0.0,2.5142238721632658e-17,4.603962410114019e-19,6.02284819717968e-28,0.0
0.1,5.01e-08,0.0,3.9839442573221113e-17,7.295265074752081e-19,9.543577942099296e-28,0.0
0.1,6.31e-08,0.0,6.319700835612723e-17,1.1572424163363346e-18,1.5138905968518844e-27,0.0
0.1,7.94e-08,0.0,1.0006421814292069e-16,1.8323423941205032e-18,2.3970482601684098e-27,0.0
0.1,1e-07,0.0,1.5872224641822588e-16,2.9064685299070842e-18,3.802207139453347e-27,0.0
0.1,1.26e-07,0.0,2.5198743841357537e-16,4.6143094380804865e-18,6.0363840545961334e-27,0.0
0.1,1.58e-07,0.0,3.9623421595845916e-16,7.255708038060047e-18,9.491829902931337e-27,0.0
0.1,2e-07,0.0,6.348889856729035e-16,1.1625874119628337e-17,1.520882855781339e-26,0.0
0.1,2.51e-07,0.0,9.999660246594652e-16,1.8311042385267628e-17,2.3954285199270035e-26,0.0
0.1,3.16e-07,0.0,1.5849368638338366e-15,2.902283215224019e-17,3.796731961172535e-26,0.0
0.1,3.98e-07,0.0,2.5142238721632654e-15,4.603962410114018e-17,6.022848197179679e-26,0.0
0.1,5.01e-07,0.0,3.983944257322114e-15,7.295265074752085e-17,9.543577942099299e-26,0.0
0.1,6.31e-07,0.0,6.319700835612721e-15,1.1572424163363342e-16,1.513890596851884e-25,0.0
0.1,7.94e-07,0.0,1.0006421814292063e-14,1.8323423941205023e-16,2.397048260168411e-25,0.0
0.1,1e-06,0.0,1.587222464182259e-14,2.906468529907085e-16,3.802207139453348e-25,0.0
0.1,1.26e-06,0.0,2.519874384135753e-14,4.614309438080485e-16,6.036384054596135e-25,0.0
0.1,1.58e-06,0.0,3.962342159584587e-14,7.255708038060039e-16,9.491829902931333e-25,0.0
0.1,2e-06,0.0,6.348889856729031e-14,1.162587411962833e-15,1.5208828557813391e-24,0.0
0.1,2.51e-06,0.0,9.999660246594631e-14,1.831104238526759e-15,2.395428519927004e-24,0.0
0.1,3.16e-06,0.0,1.5849368638338314e-13,2.902283215224009e-15,3.796731961172533e-24,0.0
0.1,3.98e-06,0.0,2.5142238721632533e-13,4.603962410113996e-15,6.02284819717968e-24,0.0
0.1,5.01e-06,0.0,3.983944257322084e-13,7.29526507475203e-15,9.543577942099298e-24,0.0
0.1,6.31e-06,0.0,6.31970083561265e-13,1.1572424163363213e-14,1.513890596851884e-23,0.0
0.1,7.94e-06,0.0,1.0006421814291881e-12,1.832342394120469e-14,2.3970482601684104e-23,0.0
0.1,1e-05,0.0,1.5872224641822137e-12,2.906468529907002e-14,3.802207139453348e-23,0.0
0.1,1.26e-05,0.0,2.519874384135638e-12,4.6143094380802746e-14,6.036384054596134e-23,0.0
0.1,1.58e-05,0.0,3.962342159584304e-12,7.25570803805952e-14,9.49182990293134e-23,0.0
0.1,2e-05,0.0,6.348889856728301e-12,1.1625874119626993e-13,1.5208828557813392e-22,0.0
0.1,2.51e-05,0.0,9.99966024659282e-12,1.8311042385264272e-13,2.3954285199270034e-22,0.0
0.1,3.16e-05,0.0,1.5849368638333762e-11,2.902283215223176e-13,3.796731961172536e-22,0.0
0.1,3.98e-05,0.0,2.514223872162109e-11,4.6039624101119e-13,6.022848197179681e-22,0.0
0.1,5.01e-05,0.0,3.983944257319205e-11,7.295265074746759e-13,9.543577942099293e-22,0.0
0.1,6.31e-05,0.0,6.319700835605412e-11,1.1572424163349957e-12,1.5138905968518841e-21,0.0
0.1,7.94e-05,0.0,1.0006421814273735e-10,1.832342394117146e-12,2.3970482601684106e-21,0.0
0.1,0.0001,0.0,1.587222464177646e-10,2.9064685298986377e-12,3.802207139453348e-21,0.0
0.1,0.000126,0.0,2.5198743841241277e-10,4.6143094380591976e-12,6.036384054596134e-21,0.0
0.1,0.000158,0.0,3.9623421595558416e-10,7.2557080380074015e-12,9.491829902931336e-21,0.0
0.1,0.0002,0.0,6.348889856655226e-10,1.162587411949318e-11,1.5208828557813392e-20,0.0
0.1,0.000251,0.0,9.999660246411544e-10,1.8311042384932327e-11,2.395428519927002e-20,0.0
0.1,0.000316,0.0,1.5849368637878374e-09,2.9022832151397866e-11,3.7967319611725343e-20,0.0
0.1,0.000398,0.0,2.5142238720475124e-09,4.6039624099020556e-11,6.022848197179681e-20,0.0
0.1,0.000501,0.0,3.9839442570314735e-09,7.295265074219875e-11,9.543577942099298e-20,0.0
0.1,0.000631,0.0,6.3197008348813845e-09,1.1572424162024143e-10,1.5138905968518845e-19,0.0
0.1,0.000794,0.0,1.0006421812458547e-08,1.832342393784755e-10,2.39704826016841e-19,0.0
0.1,0.001,0.0,1.5872224637209377e-08,2.9064685290623286e-10,3.8022071394533476e-19,0.0
0.1,0.00126,0.0,2.5198743829730063e-08,4.6143094359513025e-10,6.036384054596134e-19,0.0
0.1,0.00158,0.0,3.96234215670963e-08,7.255708032795515e-10,9.491829902931335e-19,0.0
0.1,0.002,0.0,6.348889849347897e-08,1.1625874106112245e-09,1.520882855781339e-18,0.0
0.1,0.00251,1.8215966825103507e-07,9.999660228284233e-08,1.8311042351738204e-09,2.3954285199270035e-18,2.185841747768791e-08
0.1,0.00316,5.996196835625322e-05,1.5849368592339007e-07,2.9022832068007703e-09,3.796731961172534e-18,1.1404312056005102e-05
0.1,0.00398,2.732395023765526e-07,2.5142238605878735e-07,4.603962388917549e-09,6.022848197179681e-18,8.243823318363427e-08
0.1,0.00501,9.107983412551754e-08,3.983944228258181e-07,7.295265021531187e-09,9.543577942099296e-18,4.3542837537008174e-08
0.1,0.00631,5.316619021171426e-05,6.319700762478466e-07,1.1572424029442348e-08,1.513890596851884e-17,4.03193295382855e-05
0.1,0.00794,0.00011294599889971641,1.0006421630940157e-06,1.8323423605457166e-08,2.39704826016841e-17,0.00013562223438219186
0.1,0.01,0.0001470079709060539,1.5872224180501393e-06,2.9064684454314947e-08,3.8022071394533477e-17,0.0002800012164649817
0.1,0.0126,0.0002797037454005086,2.5198742678609583e-06,4.614309225161982e-08,6.036384054596136e-17,0.0008457819247908894
0.1,0.0158,0.000313037078733842,3.962341872088633e-06,7.255707511607092e-08,9.491829902931338e-17,0.0014884319095000902
0.1,0.02,0.00042725819531131564,6.3488891186151806e-06,1.1625872768019009e-07,1.520882855781339e-16,0.0032551378884614064
0.1,0.0251,0.0005214642953421574,9.999658415552956e-06,1.8311039032325503e-07,2.3954285199270034e-16,0.006257357795194317
0.1,0.0316,0.0008964830958839796,1.5849364038404036e-05,2.9022823728994757e-07,3.7967319611725352e-16,0.0170504243291288
0.1,0.0398,0.0015672722313036138,2.514222714624579e-05,4.6039602904680076e-07,6.022848197179681e-16,0.04728565732732672
0.1,0.0501,0.0021178643099424945,3.9839413509312914e-05,7.295259752666712e-07,9.543577942099298e-16,0.10124936640049763
0.1,0.0631,0.0027596008642326946,6.319693522195321e-05,1.1572410771278742e-06,1.5138905968518842e-15,0.20927798046643165
0.1,0.0794,0.0033284694440193384,0.0001000640347913476,1.8323390366480058e-06,2.397048260168411e-15,0.3996720986979462
0.1,0.1,0.0031793427607110796,0.00015872178509835253,2.9064600823723225e-06,3.8022071394533474e-15,0.6055571501035042
0.1,0.126,0.002802122047049279,0.0002519862756709254,4.6142881463271445e-06,6.036384054596135e-15,0.8473155583336051
0.1,0.158,0.0019363821758248334,0.0003962313410195331,7.255655393142888e-06,9.491829902931336e-15,0.9207063675040742
0.1,0.2,0.001056809383576735,0.0006348816046192876,1.1625738960250642e-05,1.520882855781339e-14,0.8051386046663013
0.1,0.251,0.0006123004415103549,0.0009999477145744803,1.8310707097133862e-05,2.395428519927003e-14,0.7347221125454696
0.1,0.316,0.00010045539917062761,0.001584890865812258,2.9021989851899983e-05,3.796731961172534e-14,0.1910530134804624
0.1,0.398,9.107983412551754e-08,0.0025141081235703073,4.6037504551736085e-05,6.022848197179682e-14,0.0002747814610420797
0.1,0.501,0.0,0.00398365363922947,7.294732904650192e-05,9.543577942099294e-14,0.0
0.1,0.631,0.0,0.006318969577650445,0.0001157108510831431,1.5138905968518842e-13,0.0
0.1,0.794,0.0,0.010004588631103616,0.00018320067077648078,2.397048260168411e-13,0.0
0.1,1.0,0.0,0.015867612770106482,0.0002905624019429863,3.802207139453347e-13,0.0
0.178,3.16e-08,0.0,1.5848908647059224e-17,2.9021989831641135e-19,6.778213642225725e-28,0.0
0.178,3.98e-08,0.0,2.5141509026285546e-17,4.603828790749963e-19,1.075244505871579e-27,0.0
0.178,5.01e-08,0.0,3.983828632551387e-17,7.29505334655079e-19,1.7037918626945794e-27,0.0
0.178,6.31e-08,0.0,6.319517420907853e-17,1.1572088300508795e-18,2.7027122276099957e-27,0.0
0.178,7.94e-08,0.0,1.0006131401034916e-16,1.832289214619102e-18,4.2793922205478066e-27,0.0
0.178,1e-07,0.0,1.5871763987200788e-16,2.906384176378097e-18,6.787988345443163e-27,0.0
0.178,1.26e-07,0.0,2.5198012506079976e-16,4.614175518417868e-18,1.0776610297225566e-26,0.0
0.178,1.58e-07,0.0,3.962227161764806e-16,7.255497457910283e-18,1.6945534105564318e-26,0.0
0.178,2e-07,0.0,6.348705594880315e-16,1.1625536705512388e-17,2.7151953381772654e-26,0.0
0.178,2.51e-07,0.0,9.999370029576373e-16,1.831051094959966e-17,4.276500537512648e-26,0.0
0.178,3.16e-07,0.0,1.5848908647059224e-15,2.9021989831641133e-17,6.778213642225727e-26,0.0
0.178,3.98e-07,0.0,2.5141509026285534e-15,4.603828790749961e-17,1.075244505871579e-25,0.0
0.178,5.01e-07,0.0,3.983828632551388e-15,7.295053346550792e-17,1.7037918626945804e-25,0.0
0.178,6.31e-07,0.0,6.319517420907852e-15,1.1572088300508794e-16,2.7027122276099954e-25,0.0
0.178,7.94e-07,0.0,1.0006131401034918e-14,1.8322892146191024e-16,4.279392220547808e-25,0.0
0.178,1e-06,0.0,1.5871763987200783e-14,2.9063841763780963e-16,6.787988345443164e-25,0.0
0.178,1.26e-06,0.0,2.519801250607997e-14,4.614175518417866e-16,1.0776610297225568e-24,0.0
0.178,1.58e-06,0.0,3.962227161764801e-14,7.255497457910275e-16,1.694553410556431e-24,0.0
0.178,2e-06,0.0,6.348705594880308e-14,1.1625536705512375e-15,2.7151953381772656e-24,0.0
0.178,2.51e-06,0.0,9.99937002957635e-14,1.8310510949599616e-15,4.276500537512649e-24,0.0
0.178,3.16e-06,0.0,1.5848908647059164e-13,2.902198983164103e-15,6.778213642225724e-24,0.0
0.178,3.98e-06,0.0,2.514150902628543e-13,4.603828790749941e-15,1.075244505871579e-23,0.0
0.178,5.01e-06,0.0,3.983828632551357e-13,7.295053346550736e-15,1.7037918626945798e-23,0.0
0.178,6.31e-06,0.0,6.319517420907778e-13,1.1572088300508658e-14,2.7027122276099954e-23,0.0
0.178,7.94e-06,0.0,1.0006131401034737e-12,1.8322892146190694e-14,4.279392220547807e-23,0.0
0.178,1e-05,0.0,1.5871763987200334e-12,2.906384176378014e-14,6.787988345443164e-23,0.0
0.178,1.26e-05,0.0,2.5198012506078818e-12,4.6141755184176554e-14,1.0776610297225568e-22,0.0
0.178,1.58e-05,0.0,3.962227161764518e-12,7.255497457909757e-14,1.6945534105564321e-22,0.0
0.178,2e-05,0.0,6.3487055948795785e-12,1.1625536705511039e-13,2.7151953381772657e-22,0.0
0.178,2.51e-05,0.0,9.999370029574538e-12,1.83105109495963e-13,4.276500537512648e-22,0.0
0.178,3.16e-05,0.0,1.584890864705462e-11,2.9021989831632707e-13,6.778213642225729e-22,0.0
0.178,3.98e-05,0.0,2.5141509026273972e-11,4.603828790747843e-13,1.0752445058715789e-21,0.0
0.178,5.01e-05,0.0,3.98382863254848e-11,7.295053346545468e-13,1.7037918626945795e-21,0.0
0.178,6.31e-05,0.0,6.31951742090054e-11,1.1572088300495404e-12,2.7027122276099954e-21,0.0
0.178,7.94e-05,0.0,1.0006131401016585e-10,1.8322892146157455e-12,4.2793922205478076e-21,0.0
0.178,0.0001,0.0,1.5871763987154663e-10,2.9063841763696507e-12,6.787988345443167e-21,0.0
0.178,0.000126,0.0,2.51980125059637e-10,4.614175518396576e-12,1.0776610297225565e-20,0.0
0.178,0.000158,0.0,3.962227161736057e-10,7.25549745785764e-12,1.6945534105564315e-20,0.0
0.178,0.0002,0.0,6.348705594806509e-10,1.1625536705377238e-11,2.715195338177267e-20,0.0
0.178,0.000251,0.0,9.99937002939327e-10,1.8310510949264367e-11,4.2765005375126464e-20,0.0
0.178,0.000316,0.0,1.5848908646599255e-09,2.9021989830798854e-11,6.778213642225726e-20,0.0
0.178,0.000398,0.0,2.514150902512808e-09,4.603828790538011e-11,1.0752445058715791e-19,0.0
0.178,0.000501,0.0,3.983828632260765e-09,7.295053346018613e-11,1.70379186269458e-19,0.0
0.178,0.000631,0.0,6.319517420176557e-09,1.1572088299169671e-10,2.702712227609996e-19,0.0
0.178,0.000794,0.0,1.0006131399201507e-08,1.8322892142833743e-10,4.2793922205478054e-19,0.0
0.178,0.001,0.0,1.5871763982587847e-08,2.906384175533391e-10,6.787988345443164e-19,0.0
0.178,0.00126,0.0,2.5198012494453176e-08,4.614175516288807e-10,1.0776610297225568e-18,0.0
0.178,0.00158,1.8162784802077906e-07,3.962227158890011e-08,7.255497452646056e-10,1.6945534105564313e-18,8.635809506864139e-09
0.178,0.002,6.781739161548611e-06,6.348705587499606e-08,1.1625536691997082e-09,2.7151953381772658e-18,5.166631836946628e-07
0.178,0.00251,3.3333333333333335e-05,9.999370011267012e-08,1.8310510916072172e-09,4.276500537512648e-18,3.999748004506806e-06
0.178,0.00316,2.034521748464583e-05,1.5848908601062532e-07,2.9021989747413537e-09,6.778213642225725e-18,3.8693939085946935e-06
0.178,0.00398,4.5406962005194756e-07,2.5141508910538343e-07,4.603828769554724e-09,1.0752445058715792e-17,1.369919447824896e-07
0.178,0.00501,6.055110390353818e-05,3.9838286034891425e-07,7.2950532933329836e-09,1.7037918626945794e-17,2.894702636445102e-05
0.178,0.00631,0.00010121105994248243,6.319517347777842e-07,1.1572088166595573e-08,2.7027122276099953e-17,7.675260589122009e-05
0.178,0.00794,0.0002735087408218783,1.0006131217693656e-06,1.8322891810462653e-08,4.279392220547806e-17,0.0003284117219819855
0.178,0.01,0.00031577349142969396,1.5871763525906365e-06,2.90638409190741e-08,6.787988345443164e-17,0.0006014258620466307
0.178,0.0126,0.0005472295884221248,2.5198011343399496e-06,4.614175305511719e-08,1.0776610297225568e-16,0.0016546916851805445
0.178,0.0158,0.000589130460466867,3.962226874285537e-06,7.255496931487891e-08,1.6945534105564316e-16,0.0028011222515064403
0.178,0.02,0.001103723370884426,6.348704856809302e-06,1.1625535353981509e-07,2.715195338177266e-16,0.00840865671036947
0.178,0.0251,0.0016373590020531059,9.999368198640963e-06,1.8310507596852156e-07,4.2765005375126484e-16,0.019647066641865996
0.178,0.0316,0.002346532382169272,1.5848904047391904e-05,2.902198140888465e-07,6.778213642225726e-16,0.0446279598829185
0.178,0.0398,0.0032560385390511325,2.5141497451570562e-05,4.603826671226984e-07,1.0752445058715792e-15,0.0982340215581235
0.178,0.0501,0.0036856174716456075,3.983825726329265e-05,7.295048024774337e-07,1.7037918626945797e-15,0.17619429241140472
0.178,0.0631,0.003787222194271532,6.319510107914957e-05,1.1572074909201532e-06,2.702712227609996e-15,0.28720066725142573
0.178,0.0794,0.002617680032909827,0.00010006113066941866,1.832285857341488e-06,4.279392220547806e-15,0.314313628588462
0.178,0.1,0.0014538894838052308,0.00015871717857891154,2.906375729333667e-06,6.787988345443165e-15,0.2769086842021396
0.178,0.126,0.0005094458218881973,0.0002519789623856404,4.614154227900392e-06,1.077661029722557e-14,0.1540435555093053
0.178,0.158,0.0002928245262120625,0.00039621984140442845,7.255444816048864e-06,1.6945534105564315e-14,0.13922746480208434
0.178,0.2,1.8162784802077904e-07,0.0006348631788628428,1.1625401553979908e-05,2.715195338177266e-14,0.00013837059955738688
0.178,0.251,9.081392401038952e-08,0.000999918693935443,1.8310175680927358e-05,4.276500537512648e-14,0.0001089678483451455
0.178,0.316,0.0,0.0015848448693542392,2.902114758019116e-05,6.778213642225726e-14,0.0
0.178,0.398,0.0,0.0025140351607540142,4.603616848112094e-05,1.075244505871579e-13,0.0
0.178,0.501,0.0,0.003983538031326921,7.294521207337339e-05,1.7037918626945793e-13,0.0
0.178,0.631,0.0,0.006318786205388645,0.00011570749323180087,2.7027122276099956e-13,0.0
0.178,0.794,0.0,0.010004298324242985,0.00018319535477463806,4.2793922205478077e-13,0.0
0.178,1.0,0.0,0.01586715238313974,0.0002905539714912972,6.787988345443165e-13,0.0
0.316,3.16e-08,0.0,1.5847462518646205e-17,2.901934172980444e-19,4.008895752389564e-25,0.0
0.316,3.98e-08,0.0,2.513921499763294e-17,4.603408715918868e-19,6.35940877625297e-25,0.0
0.316,5.01e-08,0.0,3.983465129429097e-17,7.294387711827681e-19,1.0076879133407438e-24,0.0
0.316,6.31e-08,0.0,6.318940798636733e-17,1.157103240914985e-18,1.5984877640474101e-24,0.0
0.316,7.94e-08,0.0,1.0005218394893894e-16,1.832122027997417e-18,2.530996838000188e-24,0.0
0.316,1e-07,0.0,1.5870315773359845e-16,2.9061189843178622e-18,4.014676887106998e-24,0.0
0.316,1.26e-07,0.0,2.51957133217861e-16,4.613754499503039e-18,6.373701025971071e-24,0.0
0.316,1.58e-07,0.0,3.961865629661553e-16,7.254835432451113e-18,1.0022239380973914e-23,0.0
0.316,2e-07,0.0,6.348126309343938e-16,1.1624475937271449e-17,1.6058707548427992e-23,0.0
0.316,2.51e-07,0.0,9.998457640374444e-16,1.830884021310098e-17,2.5292865856462806e-23,0.0
0.316,3.16e-07,0.0,1.5847462518646211e-15,2.901934172980445e-17,4.0088957523895655e-23,0.0
0.316,3.98e-07,0.0,2.513921499763293e-15,4.6034087159188666e-17,6.359408776252971e-23,0.0
0.316,5.01e-07,0.0,3.983465129429097e-15,7.294387711827681e-17,1.0076879133407441e-22,0.0
0.316,6.31e-07,0.0,6.318940798636731e-15,1.1571032409149845e-16,1.5984877640474095e-22,0.0
0.316,7.94e-07,0.0,1.0005218394893893e-14,1.8321220279974167e-16,2.5309968380001885e-22,0.0
0.316,1e-06,0.0,1.5870315773359845e-14,2.9061189843178624e-16,4.0146768871069985e-22,0.0
0.316,1.26e-06,0.0,2.519571332178609e-14,4.613754499503038e-16,6.373701025971071e-22,0.0
0.316,1.58e-06,0.0,3.9618656296615495e-14,7.254835432451107e-16,1.0022239380973909e-21,0.0
0.316,2e-06,0.0,6.348126309343933e-14,1.162447593727144e-15,1.6058707548427994e-21,0.0
0.316,2.51e-06,0.0,9.998457640374425e-14,1.8308840213100944e-15,2.5292865856462806e-21,0.0
0.316,3.16e-06,0.0,1.5847462518646163e-13,2.9019341729804362e-15,4.0088957523895636e-21,0.0
0.316,3.98e-06,0.0,2.5139214997632815e-13,4.603408715918845e-15,6.3594087762529694e-21,0.0
0.316,5.01e-06,0.0,3.983465129429067e-13,7.294387711827627e-15,1.007687913340744e-20,0.0
0.316,6.31e-06,0.0,6.318940798636659e-13,1.1571032409149714e-14,1.5984877640474095e-20,0.0
0.316,7.94e-06,0.0,1.0005218394893711e-12,1.8321220279973834e-14,2.5309968380001882e-20,0.0
0.316,1e-05,0.0,1.5870315773359397e-12,2.90611898431778e-14,4.014676887106999e-20,0.0
0.316,1.26e-05,0.0,2.519571332178495e-12,4.613754499502829e-14,6.373701025971072e-20,0.0
0.316,1.58e-05,8.66519776942188e-06,3.9618656296612664e-12,7.254835432450588e-14,1.0022239380973914e-19,4.119641906026802e-11
0.316,2e-05,0.0,6.348126309343205e-12,1.1624475937270106e-13,1.6058707548427997e-19,0.0
0.316,2.51e-05,0.0,9.998457640372612e-12,1.8308840213097623e-13,2.52928658564628e-19,0.0
0.316,3.16e-05,2.4567988247553707e-05,1.584746251864161e-11,2.901934172979603e-13,4.0088957523895655e-19,4.67208327493842e-10
0.316,3.98e-05,8.74471049339757e-06,2.5139214997621367e-11,4.603408715916749e-13,6.359408776252969e-19,2.638021886225726e-10
0.316,5.01e-05,3.323345861010121e-05,3.983465129426191e-11,7.294387711822361e-13,1.0076879133407437e-18,1.5886118820428012e-09
0.316,6.31e-05,1.735103013122582e-05,6.318940798629421e-11,1.157103240913646e-12,1.59848776404741e-18,1.3156815863334148e-09
0.316,7.94e-05,3.3412846057309015e-05,1.0005218394875558e-10,1.8321220279940594e-12,2.5309968380001883e-18,4.011633863972802e-09
0.316,0.0001,5.802155830337561e-05,1.587031577331373e-10,2.9061189843094177e-12,4.014676887106999e-18,1.1049845423211651e-08
0.316,0.000126,7.513320536212676e-05,2.519571332166985e-10,4.613754499481753e-12,6.373701025971071e-18,2.271641643890753e-08
0.316,0.000158,0.00018520428322737603,3.9618656296328106e-10,7.2548354323984815e-12,1.0022239380973912e-17,8.805053810151858e-08
0.316,0.0002,0.0001751334779552524,6.348126309270146e-10,1.1624475937136323e-11,1.6058707548427996e-17,1.3341233268500652e-07
0.316,0.000251,0.0004113209310375071,9.998457640191378e-10,1.8308840212765754e-11,2.5292865856462796e-17,4.935089886603112e-07
0.316,0.000316,0.0006212150747936791,1.5847462518186333e-09,2.9019341728962338e-11,4.008895752389565e-17,1.181361913623018e-06
0.316,0.000398,0.0008377346683156919,2.5139214996475685e-09,4.603408715706956e-11,6.359408776252971e-17,2.5271990324147315e-06
0.316,0.000501,0.001476658696733974,3.983465129138527e-09,7.294387711295599e-11,1.0076879133407438e-16,7.058662111294713e-06
0.316,0.000631,0.0020607979997204736,6.318940797905568e-09,1.1571032407810966e-10,1.5984877640474098e-16,1.5626472668011067e-05
0.316,0.000794,0.002991681347644011,1.0005218393060813e-08,1.8321220276617493e-10,2.5309968380001873e-16,3.5918910294749786e-05
0.316,0.001,0.004189379172069478,1.5870315768747747e-08,2.90611898347331e-10,4.0146768871069995e-16,7.978412440290914e-05
0.316,0.00126,0.00532209021065239,2.5195713310161417e-08,4.6137544973743665e-10,6.373701025971071e-16,0.00016091263099009704
0.316,0.00158,0.006191909238754661,3.961865626787284e-08,7.254835427187849e-10,1.002223938097391e-15,0.00029437814852650455
0.316,0.002,0.005819292523300716,6.348126301964576e-08,1.162447592375861e-09,1.6058707548427998e-15,0.0004432992471118931
0.316,0.00251,0.004844597967117404,9.998457622068422e-08,1.8308840179579604e-09,2.52928658564628e-15,0.0005812620896421863
0.316,0.00316,0.0029832337548431316,1.584746247265792e-07,2.9019341645592235e-09,4.008895752389564e-15,0.000567320219724515
0.316,0.00398,0.001327949695933254,2.513921488190686e-07,4.603408694727497e-09,6.359408776252971e-15,0.00040060335310114747
0.316,0.00501,0.00035779951158460493,3.9834651003721557e-07,7.294387658619585e-09,1.0076879133407437e-14,0.00017103382407929722
0.316,0.00631,9.129326045268838e-05,6.318940725520062e-07,1.1571032275261055e-08,1.5984877640474097e-14,6.922520417280033e-05
0.316,0.00794,2.4567988247553707e-05,1.0005218211586087e-06,1.832121994430706e-08,2.5309968380001878e-14,2.9496970012374877e-05
0.316,0.01,0.0,1.5870315312149608e-06,2.9061188998625906e-08,4.014676887106999e-14,0.0
0.316,0.0126,0.0,2.519571215931779e-06,4.613754286635743e-08,6.373701025971073e-14,0.0
0.316,0.0158,0.0,3.9618653422347425e-06,7.25483490612478e-08,1.0022239380973914e-13,0.0
0.316,0.02,0.0,6.3481255714076125e-06,1.1624474585987206e-07,1.6058707548427997e-13,0.0
0.316,0.0251,0.0,9.998455809773141e-06,1.8308836860965283e-07,2.529286585646281e-13,0.0
0.316,0.0316,0.0,1.5847457919818244e-05,2.9019333308584954e-07,4.0088957523895657e-13,0.0
0.316,0.0398,0.0,2.513920342503012e-05,4.6034065967826625e-07,6.359408776252972e-13,0.0
0.316,0.0501,0.0,3.983462223737306e-05,7.294382391022351e-07,1.007687913340744e-12,0.0
0.316,0.0631,0.0,6.318933486978313e-05,1.1571019020286236e-06,1.5984877640474097e-12,0.0
0.316,0.0794,0.0,0.00010005200064146455,1.8321186713324402e-06,2.5309968380001876e-12,0.0
0.316,0.1,0.0,0.0001587026965246793,2.9061105388148566e-06,4.014676887106999e-12,0.0
0.316,0.126,0.0,0.0002519559707548674,4.613733212870672e-06,6.373701025971072e-12,0.0
0.316,0.158,0.0,0.00039618368871869263,7.2547828001958e-06,1.0022239380973914e-11,0.0
0.316,0.2,0.0,0.0006348052516560214,1.1624340810401418e-05,1.6058707548427998e-11,0.0
0.316,0.251,0.0,0.0009998274583562683,1.8308505005608283e-05,2.5292865856462803e-11,0.0
0.316,0.316,0.0,0.0015847002649060948,2.901849963204715e-05,4.0088957523895655e-11,0.0
0.316,0.398,0.0,0.0025138057790089624,4.603196811955617e-05,6.359408776252971e-11,0.0
0.316,0.501,0.0,0.003983174581231903,7.293855669715991e-05,1.0076879133407438e-10,0.0
0.316,0.631,0.0,0.006318209716542751,0.00011569693676144939,1.5984877640474096e-10,0.0
0.316,0.794,0.0,0.010003385652573029,0.00018317864223719153,2.530996838000188e-10,0.0
0.316,1.0,0.0,0.01586570501070674,0.00029052746769285363,4.014676887106999e-10,0.0
0.562,3.16e-08,0.0,1.584288109139584e-17,2.9010952373916574e-19,8.708017242401745e-25,0.0
0.562,3.98e-08,0.0,2.5131947368224914e-17,4.602077892002365e-19,1.381373941741514e-24,0.0
0.562,5.01e-08,0.0,3.982313528302203e-17,7.292278938476841e-19,2.188873012998799e-24,0.0
0.562,6.31e-08,0.0,6.31711402242355e-17,1.1567687277831076e-18,3.472192810899618e-24,0.0
0.562,7.94e-08,0.0,1.0002325933078862e-16,1.831592370093181e-18,5.497764338878773e-24,0.0
0.562,1e-07,0.0,1.586572773934049e-16,2.9052788389197016e-18,8.720574870214853e-24,0.0
0.562,1.26e-07,0.0,2.5188429358976966e-16,4.612420684668919e-18,1.3844784663953101e-23,0.0
0.562,1.58e-07,0.0,3.960720272848961e-16,7.252738093479145e-18,2.177004310600437e-23,0.0
0.562,2e-07,0.0,6.346291095736196e-16,1.1621115355678806e-17,3.488229948085941e-23,0.0
0.562,2.51e-07,0.0,9.995567133061904e-16,1.8303547213078016e-17,5.494049373984062e-23,0.0
0.562,3.16e-07,0.0,1.5842881091395844e-15,2.901095237391658e-17,8.708017242401748e-23,0.0
0.562,3.98e-07,0.0,2.5131947368224916e-15,4.6020778920023655e-17,1.3813739417415138e-22,0.0
0.562,5.01e-07,0.0,3.982313528302205e-15,7.292278938476844e-17,2.1888730129987995e-22,0.0
0.562,6.31e-07,0.0,6.31711402242355e-15,1.1567687277831075e-16,3.472192810899617e-22,0.0
0.562,7.94e-07,0.0,1.0002325933078859e-14,1.8315923700931806e-16,5.497764338878774e-22,0.0
0.562,1e-06,0.0,1.586572773934049e-14,2.905278838919701e-16,8.720574870214855e-22,0.0
0.562,1.26e-06,0.0,2.5188429358976958e-14,4.612420684668917e-16,1.3844784663953103e-21,0.0
0.562,1.58e-06,0.0,3.9607202728489576e-14,7.252738093479138e-16,2.1770043106004364e-21,0.0
0.562,2e-06,0.0,6.346291095736189e-14,1.1621115355678795e-15,3.488229948085942e-21,0.0
0.562,2.51e-06,0.0,9.995567133061884e-14,1.830354721307798e-15,5.494049373984062e-21,0.0
0.562,3.16e-06,0.0,1.5842881091395792e-13,2.9010952373916486e-15,8.708017242401745e-21,0.0
0.562,3.98e-06,0.0,2.51319473682248e-13,4.602077892002344e-15,1.381373941741514e-20,0.0
0.562,5.01e-06,0.0,3.9823135283021763e-13,7.292278938476793e-15,2.1888730129987992e-20,0.0
0.562,6.31e-06,0.0,6.317114022423474e-13,1.1567687277830937e-14,3.472192810899617e-20,0.0
0.562,7.94e-06,0.0,1.0002325933078685e-12,1.8315923700931487e-14,5.497764338878773e-20,0.0
0.562,1e-05,0.0,1.586572773934004e-12,2.905278838919619e-14,8.720574870214857e-20,0.0
0.562,1.26e-05,0.0,2.518842935897581e-12,4.612420684668707e-14,1.3844784663953107e-19,0.0
0.562,1.58e-05,2.231881684591982e-10,3.960720272848674e-12,7.25273809347862e-14,2.177004310600437e-19,1.0607830841715737e-15
0.562,2e-05,3.331643714253372e-05,6.346291095735464e-12,1.1621115355677465e-13,3.4882299480859427e-19,2.537229700551504e-10
0.562,2.51e-05,2.2318816845919824e-10,9.995567133060076e-12,1.8303547213074667e-13,5.494049373984061e-19,2.677070785366365e-15
0.562,3.16e-05,5.979418423680386e-05,1.584288109139125e-11,2.901095237390817e-13,8.708017242401748e-19,1.1367745809845097e-09
0.562,3.98e-05,8.17972244130001e-08,2.5131947368213344e-11,4.602077892000246e-13,1.381373941741514e-18,2.466868246576145e-12
0.562,5.01e-05,6.863706869789518e-05,3.9823135282992974e-11,7.292278938471521e-13,2.1888730129987984e-18,3.280011926621235e-09
0.562,6.31e-05,8.42035054491383e-05,6.317114022416242e-11,1.1567687277817692e-12,3.472192810899617e-18,6.383077740112247e-09
0.562,7.94e-05,0.00020001510521388838,1.0002325933060545e-10,1.831592370089827e-12,5.497764338878774e-18,2.400739528661651e-08
0.562,0.0001,0.00019335735218158732,1.58657277392944e-10,2.905278838911262e-12,8.720574870214856e-18,3.681306127324712e-08
0.562,0.000126,0.0004594029870582123,2.518842935886079e-10,4.612420684647645e-12,1.3844784663953103e-17,1.38859676241185e-07
0.562,0.000158,0.0004845958130970085,3.9607202728202353e-10,7.252738093426543e-12,2.1770043106004364e-17,2.303218153268553e-07
0.562,0.0002,0.0006817137073611593,6.346291095662448e-10,1.162111535554376e-11,3.4882299480859425e-17,5.191624356980593e-07
0.562,0.000251,0.0012900675939811204,9.995567132878947e-10,1.8303547212742992e-11,5.4940493739840596e-17,1.547394868990789e-06
0.562,0.000316,0.0016742740118195758,1.5842881090936228e-09,2.9010952373074947e-11,8.708017242401746e-17,3.183038889948275e-06
0.562,0.000398,0.0030417279163476502,2.513194736706833e-09,4.602077891790575e-11,1.3813739417415142e-16,9.17334550783099e-06
0.562,0.000501,0.0038333491294725032,3.982313528011802e-09,7.292278937945068e-11,2.1888730129987993e-16,1.8318717715068735e-05
0.562,0.000631,0.0048901651928162666,6.3171140216928094e-09,1.1567687276492967e-10,3.4721928108996175e-16,3.7070077329520516e-05
0.562,0.000794,0.00602493809461605,1.0002325931246846e-08,1.8315923697577086e-10,5.497764338878772e-16,7.231607344552209e-05
0.562,0.001,0.006061573683906367,1.5865727734731063e-08,2.9052788380756385e-10,8.720574870214855e-16,0.00011540553325544304
0.562,0.00126,0.004591801781105439,2.5188429347359008e-08,4.6124206825414776e-10,1.3844784663953104e-15,0.00013879232968854195
0.562,0.00158,0.002835496709721156,3.9607202699763534e-08,7.252738088218922e-10,2.1770043106004364e-15,0.00013476731152372605
0.562,0.002,0.0012609686898860286,6.3462910883611e-08,1.1621115342173779e-09,3.488229948085942e-15,9.60296923119129e-05
0.562,0.00251,0.0004220648413814824,9.995567114766469e-08,1.830354717957603e-09,5.494049373984061e-15,5.062532938574247e-05
0.562,0.00316,6.692738674196247e-05,1.5842881045434132e-07,2.9010952289753034e-09,8.708017242401746e-15,1.2723871522016123e-05
0.562,0.00398,8.85866471104862e-06,2.513194725256574e-07,4.602077870823245e-09,1.3813739417415143e-14,2.6716259309548736e-06
0.562,0.00501,0.0,3.982313499262062e-07,7.292278885299509e-09,2.188873012998799e-14,0.0
0.562,0.00631,0.0,6.31711394934915e-07,1.1567687144019686e-08,3.472192810899616e-14,0.0
0.562,0.00794,0.0,1.0002325749877022e-06,1.831592336545875e-08,5.497764338878772e-14,0.0
0.562,0.01,0.0,1.5865727278396877e-06,2.9052787545132535e-08,8.720574870214855e-14,0.0
0.562,0.0126,0.0,2.51884281971807e-06,4.612420471924684e-08,1.3844784663953105e-13,0.0
0.562,0.0158,0.0,3.960719985588313e-06,7.252737567457083e-08,2.1770043106004373e-13,0.0
0.562,0.02,0.0,6.346290358226474e-06,1.1621114005175744e-07,3.488229948085942e-13,0.0
0.562,0.0251,0.0,9.995565303518887e-06,1.8303543862880219e-07,5.494049373984062e-13,0.0
0.562,0.0316,0.0,1.5842876495226488e-05,2.901094395756544e-07,8.708017242401749e-13,0.0
0.562,0.0398,0.0,2.513193580231231e-05,4.6020757740912487e-07,1.381373941741514e-12,0.0
0.562,0.0501,0.0,3.982310624290214e-05,7.292273620747507e-07,2.1888730129987987e-12,0.0
0.562,0.0631,0.0,6.317106714992052e-05,1.1567673896707659e-06,3.4721928108996167e-12,0.0
0.562,0.0794,0.0,0.00010002307612928556,1.8315890153687156e-06,5.497764338878773e-12,0.0
0.562,0.1,0.0,0.00015865681645111344,2.9052703982990928e-06,8.720574870214857e-12,0.0
0.562,0.126,0.0,0.0002518831317988025,4.612399410342474e-06,1.3844784663953106e-11,0.0
0.562,0.158,0.0,0.0003960691546990501,7.252685491650798e-06,2.177004310600437e-11,0.0
0.562,0.2,0.0,0.0006346217345612353,1.1620980306926118e-05,3.488229948085943e-11,0.0
0.562,0.251,0.0,0.0009995384182075614,1.830321219936937e-05,5.494049373984061e-11,0.0
0.562,0.316,0.0,0.0015842421487660577,2.901011076297487e-05,8.708017242401748e-11,0.0
0.562,0.398,0.0,0.0025130790829656054,4.601866110539472e-05,1.3813739417415144e-10,0.0
0.562,0.501,0.0,0.003982023148066853,7.291747203931246e-05,2.1888730129987987e-10,0.0
0.562,0.631,0.0,0.006316383362948855,0.00011566349318712424,3.4721928108996164e-10,0.0
0.562,0.794,0.0,0.010000494250182283,0.00018312569584659006,5.497764338878775e-10,0.0
0.562,1.0,0.0,0.0158611196418148,0.00029044350195595676,8.720574870214855e-10,0.0
1.0,3.16e-08,0.0,1.582837226251033e-17,2.898438429318867e-19,1.6281952783298434e-24,0.0
1.0,3.98e-08,0.0,2.51089316602977e-17,4.597863332777458e-19,2.582845746560653e-24,0.0
1.0,5.01e-08,0.0,3.9786665460887237e-17,7.285600706992719e-19,4.0926798896017166e-24,0.0
1.0,6.31e-08,0.0,6.31132884194578e-17,1.1557093649415456e-18,6.492187351937679e-24,0.0
1.0,7.94e-08,0.0,9.993165854518473e-17,1.82991500723649e-18,1.027953171055473e-23,0.0
1.0,1e-07,0.0,1.5851197987612497e-16,2.902618199526185e-18,1.6305432606251433e-23,0.0
1.0,1.26e-07,0.0,2.516536192513359e-16,4.60819665356777e-18,2.588650480568478e-23,0.0
1.0,1.58e-07,0.0,3.9570930656275855e-16,7.246096073297172e-18,4.0704881958246095e-23,0.0
1.0,2e-07,0.0,6.340479195044999e-16,1.161047279810474e-17,6.522173042500573e-23,0.0
1.0,2.51e-07,0.0,9.98641324417575e-16,1.828678491883492e-17,1.0272585596264468e-22,0.0
1.0,3.16e-07,0.0,1.5828372262510342e-15,2.898438429318869e-17,1.6281952783298438e-22,0.0
1.0,3.98e-07,0.0,2.5108931660297702e-15,4.5978633327774585e-17,2.5828457465606523e-22,0.0
1.0,5.01e-07,0.0,3.978666546088727e-15,7.285600706992724e-17,4.0926798896017186e-22,0.0
1.0,6.31e-07,0.0,6.311328841945777e-15,1.155709364941545e-16,6.492187351937678e-22,0.0
1.0,7.94e-07,0.0,9.993165854518472e-15,1.82991500723649e-16,1.0279531710554732e-21,0.0
1.0,1e-06,0.0,1.5851197987612497e-14,2.902618199526185e-16,1.6305432606251439e-21,0.0
1.0,1.26e-06,0.0,2.516536192513359e-14,4.60819665356777e-16,2.588650480568478e-21,0.0
1.0,1.58e-06,0.0,3.9570930656275815e-14,7.246096073297164e-16,4.070488195824609e-21,0.0
1.0,2e-06,0.0,6.340479195044993e-14,1.161047279810473e-15,6.5221730425005756e-21,0.0
1.0,2.51e-06,0.0,9.986413244175735e-14,1.8286784918834893e-15,1.0272585596264471e-20,0.0
1.0,3.16e-06,0.0,1.5828372262510288e-13,2.898438429318859e-15,1.6281952783298435e-20,0.0
1.0,3.98e-06,0.0,2.5108931660297583e-13,4.597863332777437e-15,2.5828457465606527e-20,0.0
1.0,5.01e-06,0.0,3.9786665460886966e-13,7.28560070699267e-15,4.0926798896017174e-20,0.0
1.0,6.31e-06,0.0,6.311328841945706e-13,1.1557093649415321e-14,6.492187351937677e-20,0.0
1.0,7.94e-06,8.875802508503117e-06,9.993165854518288e-13,1.8299150072364565e-14,1.0279531710554731e-19,1.0643683987130534e-11
1.0,1e-05,0.0,1.5851197987612048e-12,2.902618199526103e-14,1.6305432606251438e-19,0.0
1.0,1.26e-05,0.0,2.5165361925132443e-12,4.60819665356756e-14,2.5886504805684784e-19,0.0
1.0,1.58e-05,2.4379681366744888e-05,3.957093065627298e-12,7.246096073296645e-14,4.07048819582461e-19,1.1576720169425908e-10
1.0,2e-05,3.32552714783678e-05,6.340479195044267e-12,1.16104727981034e-13,6.522173042500575e-19,2.5302522832096806e-10
1.0,2.51e-05,2.4395548648273358e-05,9.986413244173926e-12,1.828678491883158e-13,1.0272585596264469e-18,2.923488361440077e-10
1.0,3.16e-05,8.454223603678661e-05,1.582837226250575e-11,2.898438429318028e-13,1.628195278329844e-18,1.6057991806738648e-09
1.0,3.98e-05,0.0001577426251229375,2.5108931660286152e-11,4.597863332775344e-13,2.5828457465606526e-18,4.7528985529511715e-09
1.0,5.01e-05,0.0002130769986565004,3.978666546085824e-11,7.28560070698741e-13,4.092679889601717e-18,1.0173147915539908e-08
1.0,6.31e-05,0.00024001537922059072,6.311328841938487e-11,1.1557093649402102e-12,6.492187351937679e-18,1.8177791824604615e-08
1.0,7.94e-05,0.000557715983700137,9.993165854500189e-11,1.8299150072331422e-12,1.0279531710554732e-17,6.688017989785432e-08
1.0,0.0001,0.0007573387851036594,1.585119798756649e-10,2.9026181995177603e-12,1.6305432606251435e-17,1.4405672431609412e-07
1.0,0.000126,0.001110918374948395,2.5165361925017634e-10,4.608196653546536e-12,2.5886504805684775e-17,3.354799556967456e-07
1.0,0.000158,0.0017812801889996405,3.9570930655989087e-10,7.24609607324466e-12,4.070488195824609e-17,8.458429780535028e-07
1.0,0.0002,0.002765315794168283,6.340479194971383e-10,1.1610472797969938e-11,6.522173042500574e-17,2.1040112712539723e-06
1.0,0.000251,0.0038220677657651286,9.986413243993132e-10,1.8286784918500516e-11,1.0272585596264466e-16,4.580249778657135e-06
1.0,0.000316,0.0050898093186799685,1.5828372262051557e-09,2.8984384292348573e-11,1.6281952783298436e-16,9.667607596671067e-06
1.0,0.000398,0.005904526112084274,2.510893165914323e-09,4.5978633325660553e-11,2.5828457465606527e-16,1.779076111535409e-05
1.0,0.000501,0.006451430173132892,3.978666545798855e-09,7.28560070646192e-11,4.092679889601718e-16,3.080170728288138e-05
1.0,0.000631,0.00641775237845115,6.311328841216375e-09,1.1557093648079793e-10,6.492187351937679e-16,4.8605454818284474e-05
1.0,0.000794,0.004351528666885668,9.993165852689809e-09,1.8299150069016315e-10,1.0279531710554731e-15,5.21826572171072e-05
1.0,0.001,0.0018810842638586772,1.58511979830115e-08,2.9026181986836664e-10,1.6305432606251437e-15,3.578092690698161e-05
1.0,0.00126,0.0007125707376675973,2.516536191353691e-08,4.6081966514442245e-10,2.5886504805684783e-15,2.1518520602881266e-05
1.0,0.00158,0.0001576032182820557,3.9570930627602354e-08,7.246096068046576e-10,4.070488195824609e-15,7.483807220791317e-06
1.0,0.002,2.4379681366744888e-05,6.340479187683404e-08,1.1610472784624436e-09,6.522173042500575e-15,1.8549463476983862e-06
1.0,0.00251,0.0,9.986413225913811e-08,1.8286784885394272e-09,1.0272585596264467e-14,0.0
1.0,0.00316,0.0,1.582837221663277e-07,2.8984384209179213e-09,1.6281952783298435e-14,0.0
1.0,0.00398,0.0,2.510893154485028e-07,4.597863311637114e-09,2.5828457465606528e-14,0.0
1.0,0.00501,0.0,3.9786665171017485e-07,7.285600653912742e-09,4.092679889601717e-14,0.0
1.0,0.00631,0.0,6.31132876900516e-07,1.1557093515849039e-08,6.492187351937677e-14,0.0
1.0,0.00794,0.0,9.993165671652036e-07,1.8299149737506017e-08,1.0279531710554731e-13,0.0
1.0,0.01,0.0,1.5851197527512754e-06,2.902618115274264e-08,1.6305432606251435e-13,0.0
1.0,0.0126,0.0,2.5165360765464294e-06,4.6081964412130184e-08,2.5886504805684784e-13,0.0
1.0,0.0158,0.0,3.957092778892841e-06,7.246095548238126e-08,4.0704881958246095e-13,0.0
1.0,0.02,0.0,6.340478458885473e-06,1.1610471450074113e-07,6.522173042500574e-13,0.0
1.0,0.0251,0.0,9.986411417982172e-06,1.8286781574770503e-07,1.0272585596264468e-12,0.0
1.0,0.0316,0.0,1.5828367674755427e-05,2.8984375892245793e-07,1.6281952783298438e-12,0.0
1.0,0.0398,0.0,2.5108920115559395e-05,4.597861218743709e-07,2.5828457465606533e-12,0.0
1.0,0.0501,0.0,3.9786636473932554e-05,7.28559539899882e-07,4.092679889601717e-12,0.0
1.0,0.0631,0.0,6.311321547892362e-05,1.155708029278953e-06,6.492187351937678e-12,0.0
1.0,0.0794,0.0,9.99314756790777e-05,1.8299116586536843e-06,1.0279531710554731e-11,0.0
1.0,0.1,0.0,0.0001585115197777029,2.9026097743582293e-06,1.6305432606251437e-11,0.0
1.0,0.126,0.0,0.0002516524595873139,4.608175418189231e-06,2.5886504805684785e-11,0.0
1.0,0.158,0.0,0.0003957064392358829,7.246043567769327e-06,4.070488195824609e-11,0.0
1.0,0.2,0.0,0.0006340405579938488,1.1610337996591262e-05,6.522173042500575e-11,0.0
1.0,0.251,0.0,0.0009986230628124101,1.8286450518447358e-05,1.0272585596264467e-10,0.0
1.0,0.316,0.0,0.0015827913500182892,2.8983544223004746e-05,1.6281952783298435e-10,0.0
1.0,0.398,0.0,0.002510777723901435,4.5976519390247846e-05,2.582845746560653e-10,0.0
1.0,0.501,0.0,0.003978376697447931,7.285069945885242e-05,4.0926798896017164e-10,0.0
1.0,0.631,0.0,0.006310599520049407,0.00011555758139625357,6.492187351937677e-10,0.0
1.0,0.794,0.0,0.009991337524670598,0.000182958020960824,1.0279531710554732e-09,0.0
1.0,1.0,0.0,0.015846598325142586,0.0002901775924765169,1.6305432606251437e-09,0.0
1.78,3.16e-08,0.0,1.5782418756804717e-17,2.89002357751414e-19,2.941068776159828e-24,0.0
1.78,3.98e-08,0.0,2.5036034497204928e-17,4.5845146488198e-19,4.665488888187204e-24,0.0
1.78,5.01e-08,0.0,3.967115536749661e-17,7.264448886192384e-19,7.392757609807053e-24,0.0
1.78,6.31e-08,0.0,6.293005562638325e-17,1.1523540675038134e-18,1.1727075839053972e-23,0.0
1.78,7.94e-08,0.0,9.964153332163255e-17,1.824602331471023e-18,1.8568294694030378e-23,0.0
1.78,1e-07,0.0,1.5805178213432064e-16,2.89419121286066e-18,2.945310022592361e-23,0.0
1.78,1.26e-07,0.0,2.5092300931644743e-16,4.594817969537584e-18,4.675974191867632e-23,0.0
1.78,1.58e-07,0.0,3.9456046892011796e-16,7.22505894378535e-18,7.352671940399572e-23,0.0
1.78,2e-07,0.0,6.322071285372826e-16,1.157676485144264e-17,1.1781240090369445e-22,0.0
1.78,2.51e-07,0.0,9.957420326244335e-16,1.8233694060143444e-17,1.8555747673334136e-22,0.0
1.78,3.16e-07,0.0,1.5782418756804719e-15,2.89002357751414e-17,2.9410687761598286e-22,0.0
1.78,3.98e-07,0.0,2.5036034497204917e-15,4.584514648819798e-17,4.665488888187204e-22,0.0
1.78,5.01e-07,0.0,3.967115536749664e-15,7.26444888619239e-17,7.3927576098070555e-22,0.0
1.78,6.31e-07,0.0,6.293005562638323e-15,1.1523540675038131e-16,1.172707583905397e-21,0.0
1.78,7.94e-07,0.0,9.964153332163258e-15,1.8246023314710232e-16,1.8568294694030384e-21,0.0
1.78,1e-06,0.0,1.5805178213432056e-14,2.8941912128606587e-16,2.9453100225923615e-21,0.0
1.78,1.26e-06,0.0,2.509230093164474e-14,4.594817969537583e-16,4.675974191867633e-21,0.0
1.78,1.58e-06,0.0,3.945604689201177e-14,7.225058943785345e-16,7.35267194039957e-21,0.0
1.78,2e-06,0.0,6.322071285372817e-14,1.1576764851442625e-15,1.1781240090369446e-20,0.0
1.78,2.51e-06,0.0,9.957420326244316e-14,1.823369406014341e-15,1.8555747673334138e-20,0.0
1.78,3.16e-06,1.5636073585820595e-08,1.578241875680467e-13,2.8900235775141314e-15,2.941068776159828e-20,2.961300732523596e-15
1.78,3.98e-06,0.0,2.503603449720481e-13,4.584514648819778e-15,4.665488888187204e-20,0.0
1.78,5.01e-06,1.5845373765577432e-08,3.967115536749633e-13,7.264448886192333e-15,7.392757609807055e-20,7.543251414123272e-15
1.78,6.31e-06,6.108059184305377e-08,6.29300556263825e-13,1.1523540675037996e-14,1.172707583905397e-19,4.6125660508508865e-14
1.78,7.94e-06,8.885191462149702e-06,9.964153332163075e-13,1.8246023314709896e-14,1.856829469403038e-19,1.0624009213738304e-11
1.78,1e-05,8.885400762329459e-06,1.5805178213431611e-12,2.894191212860577e-14,2.945310022592362e-19,1.6852241105565384e-11
1.78,1.26e-05,7.311427561726429e-05,2.50923009316436e-12,4.594817969537374e-14,4.675974191867634e-19,2.201526487425033e-10
1.78,1.58e-05,9.318444379584385e-05,3.945604689200895e-12,7.225058943784829e-14,7.352671940399572e-19,4.412027740817505e-10
1.78,2e-05,0.00010226935030782757,6.322071285372096e-12,1.1576764851441303e-13,1.1781240090369447e-18,7.758649475457319e-10
1.78,2.51e-05,0.00014448724720277133,9.957420326242519e-12,1.823369406014012e-13,1.8555747673334134e-18,1.7264643026156433e-09
1.78,3.16e-05,0.00024458001854214557,1.578241875680016e-11,2.890023577513305e-13,2.941068776159829e-18,4.632077126613707e-09
1.78,3.98e-05,0.0003642522217223154,2.5036034497193447e-11,4.584514648817698e-13,4.665488888187204e-18,1.0943317426463094e-08
1.78,5.01e-05,0.0008060644442238127,3.967115536746779e-11,7.264448886187108e-13,7.392757609807053e-18,3.837300936359334e-08
1.78,6.31e-05,0.0011461278546153631,6.293005562631073e-11,1.1523540675024854e-12,1.1727075839053973e-17,8.655106757497078e-08
1.78,7.94e-05,0.0019434044500074989,9.964153332145079e-11,1.8246023314676944e-12,1.8568294694030383e-17,2.3237255911497358e-07
1.78,0.0001,0.0025220374352134863,1.5805178213386323e-10,2.894191212852284e-12,2.945310022592361e-17,4.78335013492571e-07
1.78,0.000126,0.003286960901557454,2.5092300931529444e-10,4.59481796951647e-12,4.6759741918676324e-17,9.897289451046114e-07
1.78,0.000158,0.004023143564298514,3.945604689172673e-10,7.22505894373315e-12,7.352671940399571e-17,1.9048480935013296e-06
1.78,0.0002,0.005326071014033033,6.322071285299637e-10,1.157676485130862e-11,1.1781240090369445e-16,4.040616074554196e-06
1.78,0.000251,0.006091153761372692,9.957420326062768e-10,1.8233694059810966e-11,1.8555747673334133e-16,7.278261392719935e-06
1.78,0.000316,0.005882755550186532,1.5782418756348608e-09,2.8900235774306186e-11,2.9410687761598285e-16,1.1141293384113336e-05
1.78,0.000398,0.004536743603078985,2.5036034496057155e-09,4.584514648609624e-11,4.665488888187205e-16,1.3629848321574255e-05
1.78,0.000501,0.0027728787081562857,3.967115536461475e-09,7.264448885664667e-11,7.392757609807054e-16,1.3200396244620031e-05
1.78,0.000631,0.000836012125437843,6.293005561913148e-09,1.1523540673710214e-10,1.1727075839053972e-15,6.313234746248613e-06
1.78,0.000794,0.00024234215108042748,9.964153330345197e-09,1.824602331138106e-10,1.8568294694030377e-15,2.8976812221252724e-06
1.78,0.001,1.7786437598244735e-05,1.5805178208857747e-08,2.8941912120230266e-10,2.945310022592362e-15,3.3734137912918295e-07
1.78,0.00126,0.0,2.5092300920115298e-08,4.5948179674263503e-10,4.675974191867633e-15,0.0
1.78,0.00158,2.0930017975684552e-10,3.9456046863504576e-08,7.225058938565203e-10,7.35267194039957e-15,9.909789241231235e-12
1.78,0.002,0.0,6.322071278053915e-08,1.1576764838040497e-09,1.1781240090369448e-14,0.0
1.78,0.00251,0.0,9.957420308088282e-08,1.8233694026896689e-09,1.8555747673334135e-14,0.0
1.78,0.00316,0.0,1.578241871119316e-07,2.8900235691619046e-09,2.941068776159828e-14,0.0
1.78,0.00398,0.0,2.503603438242686e-07,4.584514627802025e-09,4.665488888187205e-14,0.0
1.78,0.00501,0.0,3.9671155079307533e-07,7.264448833420167e-09,7.392757609807053e-14,0.0
1.78,0.00631,0.0,6.293005490120619e-07,1.1523540542246144e-08,1.172707583905397e-13,0.0
1.78,0.00794,0.0,9.964153150357087e-07,1.824602298179287e-08,1.8568294694030378e-13,0.0
1.78,0.01,0.0,1.5805177756000002e-06,2.8941911290972354e-08,2.945310022592361e-13,0.0
1.78,0.0126,0.0,2.5092299778699243e-06,4.594817758414071e-08,4.675974191867634e-13,0.0
1.78,0.0158,0.0,3.945604404128937e-06,7.225058421770624e-08,7.352671940399573e-13,0.0
1.78,0.02,0.0,6.322070553481585e-06,1.1576763511227953e-07,1.1781240090369445e-12,0.0
1.78,0.0251,0.0,9.95741851063911e-06,1.8233690735468063e-07,1.8555747673334137e-12,0.0
1.78,0.0316,0.0,1.578241419564981e-05,2.8900227422907545e-07,2.941068776159829e-12,0.0
1.78,0.0398,0.0,2.5036023019403507e-05,4.5845125470433085e-07,4.6654888881872044e-12,0.0
1.78,0.0501,0.0,3.96711265486095e-05,7.264443608974456e-07,7.392757609807054e-12,0.0
1.78,0.0631,0.0,6.292998310876125e-05,1.1523527395854467e-06,1.1727075839053974e-11,0.0
1.78,0.0794,0.0,9.964135151579029e-05,1.8245990023034297e-06,1.8568294694030378e-11,0.0
1.78,0.1,0.0,0.00015805132470356553,2.8941828365421267e-06,2.945310022592362e-11,0.0
1.78,0.126,0.0,0.0002509218563761929,4.594796857282419e-06,4.6759741918676334e-11,0.0
1.78,0.158,0.0,0.00039455761821806975,7.225006742685768e-06,7.352671940399571e-11,0.0
1.78,0.2,0.0,0.0006321998097087465,1.1576630831509733e-05,1.1781240090369448e-10,0.0
1.78,0.251,0.0,0.0009957238768998936,1.8233361598606367e-05,1.8555747673334136e-10,0.0
1.78,0.316,0.0,0.0015781962654363019,2.8899400575651014e-05,2.9410687761598285e-10,0.0
1.78,0.398,0.0,0.002503488676915368,4.5843044807093347e-05,4.665488888187206e-10,0.0
1.78,0.501,0.0,0.0039668273686030665,7.263921202349508e-05,7.392757609807052e-10,0.0
1.78,0.631,0.0,0.006292280469139076,0.00011522212908146998,1.1727075839053971e-09,0.0
1.78,0.794,0.0,0.009962335602086612,0.00018242694748373214,1.8568294694030382e-09,0.0
1.78,1.0,0.0,0.015800605216154617,0.0002893353820940234,2.9453100225923614e-09,0.0
3.16,3.16e-08,0.0,1.5638258892121164e-17,2.863625506705945e-19,3.6665172390642495e-22,0.0
3.16,3.98e-08,0.0,2.4807350199763265e-17,4.542638747438796e-19,5.816285418369788e-22,0.0
3.16,5.01e-08,0.0,3.9308790860652394e-17,7.198093913322174e-19,9.216266358780304e-22,0.0
3.16,6.31e-08,0.0,6.235523953238519e-17,1.1418282280239002e-18,1.4619694063682314e-21,0.0
3.16,7.94e-08,0.0,9.873138702645109e-17,1.8079360378401592e-18,2.3148378285998935e-21,0.0
3.16,1e-07,0.0,1.5660810459182386e-16,2.8677550740125228e-18,3.671804637742598e-21,0.0
3.16,1.26e-07,0.0,2.4863102684997957e-16,4.552847955502281e-18,5.82935704288015e-21,0.0
3.16,1.58e-07,0.0,3.909564723030293e-16,7.159063766764865e-18,9.166293097660629e-21,0.0
3.16,2e-07,0.0,6.264324183672954e-16,1.1471020296050091e-17,1.4687218550970393e-20,0.0
3.16,2.51e-07,2.2266269032818086e-10,9.866467197389497e-16,1.8067143741786297e-17,2.3132736398242157e-20,2.636272956246591e-19
3.16,3.16e-07,3.28565022172305e-05,1.5638258892121172e-15,2.863625506705946e-17,3.6665172390642516e-20,6.165821855551247e-14
3.16,3.98e-07,4.7574161965224453e-07,2.480735019976327e-15,4.542638747438797e-17,5.816285418369788e-20,1.4162266755978973e-15
3.16,5.01e-07,3.3205973078846367e-05,3.930879086065241e-15,7.198093913322178e-17,9.216266358780305e-20,1.5663439812969915e-13
3.16,6.31e-07,1.2736621547397504e-07,6.235523953238521e-15,1.1418282280239006e-16,1.4619694063682312e-19,9.530341049055722e-16
3.16,7.94e-07,3.4991618699652196e-07,9.873138702645109e-15,1.807936037840159e-16,2.314837828599894e-19,4.145725258220837e-15
3.16,1e-06,6.679445439052024e-05,1.5660810459182382e-14,2.867755074012522e-16,3.6718046377426e-19,1.2552663479213281e-12
3.16,1.26e-06,6.771505838805975e-05,2.4863102684997958e-14,4.552847955502281e-16,5.829357042880151e-19,2.0203277400275546e-12
3.16,1.58e-06,0.00010073244230278507,3.909564723030289e-14,7.159063766764858e-16,9.166293097660622e-19,4.7258400346998305e-12
3.16,2e-06,0.00013372022935689823,6.264324183672947e-14,1.1471020296050078e-15,1.46872185509704e-18,1.005200239928053e-11
3.16,2.51e-06,0.0002021000966395404,9.86646719738948e-14,1.8067143741786267e-15,2.3132736398242158e-18,2.3928167688999232e-11
3.16,3.16e-06,0.0004327293944034219,1.5638258892121124e-13,2.8636255067059373e-15,3.666517239064249e-18,8.120561159893803e-11
3.16,3.98e-06,0.0008059153658954851,2.480735019976317e-13,4.542638747438779e-15,5.816285418369787e-18,2.3991149655767487e-10
3.16,5.01e-06,0.0012071104392190554,3.9308790860652114e-13,7.198093913322123e-15,9.216266358780303e-18,5.694006216116612e-10
3.16,6.31e-06,0.0016736712608907457,6.235523953238447e-13,1.141828228023887e-14,1.4619694063682312e-17,1.2523460684557247e-09
3.16,7.94e-06,0.00273799343654681,9.873138702644934e-13,1.807936037840127e-14,2.3148378285998943e-17,3.2439106759149743e-09
3.16,1e-05,0.004368608803923667,1.5660810459181942e-12,2.867755074012441e-14,3.671804637742599e-17,8.20991453382745e-09
3.16,1.26e-05,0.006017928975612477,2.4863102684996834e-12,4.552847955502075e-14,5.829357042880152e-17,1.79549263286005e-08
3.16,1.58e-05,0.005875456313664908,3.909564723030013e-12,7.159063766764352e-14,9.16629309766063e-17,2.756457208272994e-08
3.16,2e-05,0.006378211222500056,6.264324183672239e-12,1.147102029604878e-13,1.4687218550970397e-16,4.7946219371612126e-08
3.16,2.51e-05,0.0055756000149960435,9.866467197387714e-12,1.8067143741783033e-13,2.3132736398242143e-16,6.60137695844555e-08
3.16,3.16e-05,0.0037979492972861997,1.563825889211669e-11,2.8636255067051255e-13,3.666517239064252e-16,7.12719772441131e-08
3.16,3.98e-05,0.0012759046063121498,2.4807350199751996e-11,4.5426387474367326e-13,5.816285418369787e-16,3.798217486831465e-08
3.16,5.01e-05,0.0005008816707843067,3.930879086062409e-11,7.198093913316992e-13,9.216266358780302e-16,2.3626863411336338e-08
3.16,6.31e-05,0.00010044639421922497,6.235523953231399e-11,1.1418282280225965e-12,1.4619694063682314e-15,7.516030766036415e-09
3.16,7.94e-05,6.571300145396752e-05,9.873138702627261e-11,1.807936037836891e-12,2.314837828599894e-15,7.785522935051619e-09
3.16,0.0001,0.0,1.566081045913748e-10,2.8677550740042994e-12,3.6718046377426005e-15,0.0
3.16,0.000126,0.0,2.4863102684884774e-10,4.5528479554815554e-12,5.8293570428801496e-15,0.0
3.16,0.000158,0.0,3.909564723002303e-10,7.159063766713612e-12,9.166293097660627e-15,0.0
3.16,0.0002,0.0,6.264324183601098e-10,1.147102029591851e-11,1.4687218550970402e-14,0.0
3.16,0.000251,0.0,9.866467197211237e-10,1.8067143741459873e-11,2.3132736398242144e-14,0.0
3.16,0.000316,0.0,1.5638258891673348e-09,2.8636255066239422e-11,3.666517239064251e-14,0.0
3.16,0.000398,0.0,2.480735019863637e-09,4.542638747232443e-11,5.816285418369788e-14,0.0
3.16,0.000501,0.0,3.930879085782291e-09,7.198093912804048e-11,9.216266358780304e-14,0.0
3.16,0.000631,0.0,6.235523952526532e-09,1.1418282278935235e-10,1.4619694063682312e-13,0.0
3.16,0.000794,0.0,9.873138700860114e-09,1.8079360375132967e-10,2.3148378285998933e-13,0.0
3.16,0.001,0.0,1.5660810454691256e-08,2.867755073190122e-10,3.6718046377425994e-13,0.0
3.16,0.00126,0.0,2.486310267367818e-08,4.5528479534294413e-10,5.82935704288015e-13,0.0
3.16,0.00158,0.0,3.909564720231409e-08,7.159063761639642e-10,9.166293097660626e-13,0.0
3.16,0.002,0.0,6.264324176487139e-08,1.1471020282891666e-09,1.4687218550970398e-12,0.0
3.16,0.00251,0.0,9.866467179563609e-08,1.8067143709144129e-09,2.313273639824215e-12,0.0
3.16,0.00316,0.0,1.5638258847339048e-07,2.8636254985055938e-09,3.66651723906425e-12,0.0
3.16,0.00398,0.0,2.480735008707245e-07,4.542638726803232e-09,5.81628541836979e-12,0.0
3.16,0.00501,0.0,3.9308790577704013e-07,7.198093861509616e-09,9.216266358780302e-12,0.0
3.16,0.00631,0.0,6.235523882039544e-07,1.141828214986183e-08,1.461969406368231e-11,0.0
3.16,0.00794,0.0,9.87313852414508e-07,1.8079360051538327e-08,2.3148378285998934e-11,0.0
3.16,0.01,0.0,1.5660810010068721e-06,2.867754991772335e-08,3.6718046377425996e-11,0.0
3.16,0.0126,0.0,2.4863101553018744e-06,4.552847748218045e-08,5.829357042880153e-11,0.0
3.16,0.0158,0.0,3.909564443142081e-06,7.159063254242961e-08,9.166293097660626e-11,0.0
3.16,0.02,0.0,6.264323465091143e-06,1.1471018980207183e-07,1.4687218550970398e-10,0.0
3.16,0.0251,0.0,9.866465414801012e-06,1.8067140477570062e-07,2.3132736398242153e-10,0.0
3.16,0.0316,0.0,1.563825441391075e-05,2.863624686671077e-07,3.6665172390642505e-10,0.0
3.16,0.0398,0.0,2.4807338930685368e-05,4.542636683883056e-07,5.816285418369788e-10,0.0
3.16,0.0501,0.0,3.9308762565835934e-05,7.198088732070305e-07,9.216266358780301e-10,0.0
3.16,0.0631,0.0,6.235516833349381e-05,1.1418269242536864e-06,1.4619694063682314e-09,0.0
3.16,0.0794,0.0,9.873120852674116e-05,1.8079327692133522e-06,2.314837828599894e-09,0.0
3.16,0.1,0.0,0.0001566076554794253,2.867746850016944e-06,3.671804637742601e-09,0.0
3.16,0.126,0.0,0.00024862989487587115,4.552827227172151e-06,5.829357042880151e-09,0.0
3.16,0.158,0.0,0.00039095367344075117,7.159012514937762e-06,9.166293097660627e-09,0.0
3.16,0.2,0.0,0.0006264252326307384,1.1470888713252854e-05,1.4687218550970404e-08,0.0
3.16,0.251,0.0,0.0009866288941728992,1.806681732600072e-05,2.3132736398242153e-08,0.0
3.16,0.316,0.0,0.0015637811083774283,2.8635435055437252e-05,3.666517239064251e-08,0.0
3.16,0.398,0.0,0.0024806223342649938,4.542432401144468e-05,5.8162854183697884e-08,0.0
3.16,0.501,0.0,0.003930596158062429,7.197575825054806e-05,9.216266358780302e-08,0.0
3.16,0.631,0.0,0.006234812044799601,0.00011416978657388026,1.4619694063682313e-07,0.0
3.16,0.794,0.0,0.009871354024976705,0.00018076092336525738,2.3148378285998944e-07,0.0
3.16,1.0,0.0,0.015656320609895455,0.00028669329078731835,3.6718046377426e-07,0.0
5.62,3.16e-08,0.0,1.5184663132485297e-17,2.7805645728777325e-19,1.519336219337864e-21,0.0
5.62,3.98e-08,0.0,2.408780022069982e-17,4.410877169144813e-19,2.4101599752443024e-21,0.0
5.62,5.01e-08,0.0,3.8168619120703244e-17,6.989309489233336e-19,3.819048533788888e-21,0.0
5.62,6.31e-08,0.0,6.054659366981932e-17,1.1087089117344684e-18,6.058127988581392e-21,0.0
5.62,7.94e-08,1.2791965175065244e-12,9.586763225636417e-17,1.7554959211932644e-18,9.592255335427875e-21,1.4716024958872466e-22
5.62,1e-07,1.4982437370999184e-07,1.5206560579720097e-16,2.7845743599560695e-18,1.521527218532551e-20,2.733976098167537e-17
5.62,1.26e-07,1.5001422365439362e-07,2.414193557636362e-16,4.420790253866255e-18,2.4155766121422776e-20,4.345960467603089e-17
5.62,1.58e-07,1.2242486166653807e-05,3.7961657831213257e-16,6.951411432194334e-18,3.7983405483446615e-20,5.576940850342482e-15
5.62,2e-07,3.733164302828121e-10,6.082624231888039e-16,1.1138297439824278e-17,6.086108874130204e-20,2.72489227800021e-19
5.62,2.51e-07,2.1200152020837803e-05,9.58028523082946e-16,1.7543096925159238e-17,9.585773629476928e-20,2.437242039558861e-14
5.62,3.16e-07,4.279427614231283e-05,1.5184663132485303e-15,2.7805645728777336e-17,1.5193362193378646e-19,7.797800006634876e-14
5.62,3.98e-07,4.5713576340117084e-05,2.408780022069982e-15,4.4108771691448124e-17,2.4101599752443025e-19,1.3213673931053407e-13
5.62,5.01e-07,0.00015675560222666013,3.816861912070324e-15,6.989309489233335e-17,3.8190485337888904e-19,7.179773851711022e-13
5.62,6.31e-07,0.0001547231768999462,6.054659366981933e-15,1.1087089117344686e-16,6.058127988581391e-19,1.1241553587677543e-12
5.62,7.94e-07,0.0002997408605510837,9.58676322563642e-15,1.7554959211932648e-16,9.592255335427876e-19,3.4482535909820915e-12
5.62,1e-06,0.00041297735910848565,1.5206560579720096e-14,2.7845743599560696e-16,1.521527218532551e-18,7.535958275203208e-12
5.62,1.26e-06,0.0005244329586675986,2.4141935576363617e-14,4.4207902538662547e-16,2.4155766121422784e-18,1.5192992042729914e-11
5.62,1.58e-06,0.0010873667847112352,3.7961657831213214e-14,6.951411432194326e-16,3.798340548344659e-18,4.9533894981881276e-11
5.62,2e-06,0.0016435739520467374,6.082624231888033e-14,1.1138297439824269e-15,6.086108874130204e-18,1.199669129714336e-10
5.62,2.51e-06,0.00236653357474003,9.580285230829442e-14,1.7543096925159206e-15,9.585773629476925e-18,2.72064799852127e-10
5.62,3.16e-06,0.003544234702896613,1.5184663132485255e-13,2.7805645728777247e-15,1.5193362193378636e-17,6.458161203113885e-10
5.62,3.98e-06,0.004540691428102768,2.408780022069971e-13,4.410877169144793e-15,2.410159975244302e-17,1.3125032158077978e-09
5.62,5.01e-06,0.005938719030895792,3.8168619120702974e-13,6.989309489233286e-15,3.8190485337888893e-17,2.7200724570615814e-09
5.62,6.31e-06,0.006920870763372641,6.054659366981866e-13,1.1087089117344562e-14,6.058127988581391e-17,5.028421799415011e-09
5.62,7.94e-06,0.0069421578585606115,9.586763225636253e-13,1.7554959211932346e-14,9.592255335427875e-17,7.986338839801271e-09
5.62,1e-05,0.005081744758121587,1.5206560579719677e-12,2.7845743599559928e-14,1.5215272185325512e-16,9.27310314180586e-09
5.62,1.26e-05,0.0030820255836684876,2.4141935576362562e-12,4.420790253866062e-14,2.4155766121422787e-16,8.928727570275103e-09
5.62,1.58e-05,0.0012207892311557516,3.796165783121061e-12,6.951411432193849e-14,3.798340548344661e-16,5.561181969259359e-09
5.62,2e-05,0.00025794024136679186,6.082624231887363e-12,1.1138297439823041e-13,6.086108874130205e-16,1.882744275019828e-09
5.62,2.51e-05,2.4470933711154138e-05,9.580285230827776e-12,1.7543096925156157e-13,9.585773629476925e-16,2.8132622978104266e-10
5.62,3.16e-05,1.1983358217982057e-05,1.5184663132481075e-11,2.7805645728769596e-13,1.5193362193378643e-15,2.1835590928308754e-10
5.62,3.98e-05,0.0,2.40878002206892e-11,4.410877169142868e-13,2.4101599752443024e-15,0.0
5.62,5.01e-05,0.0,3.816861912067655e-11,6.989309489228448e-13,3.819048533788888e-15,0.0
5.62,6.31e-05,0.0,6.05465936697522e-11,1.1087089117332393e-12,6.058127988581391e-15,0.0
5.62,7.94e-05,0.0,9.586763225619591e-11,1.7554959211901832e-12,9.592255335427877e-15,0.0
5.62,0.0001,0.0,1.5206560579677753e-10,2.784574359948316e-12,1.521527218532551e-14,0.0
5.62,0.000126,0.0,2.41419355762569e-10,4.420790253846714e-12,2.4155766121422774e-14,0.0
5.62,0.000158,0.0,3.796165783094936e-10,6.95141143214601e-12,3.798340548344661e-14,0.0
5.62,0.0002,0.0,6.082624231820288e-10,1.1138297439700218e-11,6.086108874130205e-14,0.0
5.62,0.000251,0.0,9.580285230661388e-10,1.754309692485147e-11,9.58577362947692e-14,0.0
5.62,0.000316,0.0,1.5184663132063081e-09,2.7805645728004176e-11,1.5193362193378643e-13,0.0
5.62,0.000398,0.0,2.4087800219637348e-09,4.4108771689502556e-11,2.4101599752443026e-13,0.0
5.62,0.000501,0.0,3.816861911803552e-09,6.989309488744831e-11,3.8190485337888896e-13,0.0
5.62,0.000631,0.0,6.054659366310651e-09,1.1087089116115458e-10,6.058127988581391e-13,0.0
5.62,0.000794,0.0,9.586763223953467e-09,1.7554959208850882e-10,9.592255335427873e-13,0.0
5.62,0.001,0.0,1.520656057548572e-08,2.7845743591806847e-10,1.5215272185325512e-12,0.0
5.62,0.00126,0.0,2.4141935565690988e-08,4.420790251911919e-10,2.415576612142278e-12,0.0
5.62,0.00158,0.0,3.7961657804824534e-08,6.95141142736212e-10,3.798340548344661e-12,0.0
5.62,0.002,0.0,6.082624225113031e-08,1.1138297427418113e-09,6.086108874130205e-12,0.0
5.62,0.00251,0.0,9.580285214022675e-08,1.7543096894383218e-09,9.585773629476926e-12,0.0
5.62,0.00316,0.0,1.5184663090263362e-07,2.7805645651461936e-09,1.5193362193378642e-11,0.0
5.62,0.00398,0.0,2.4087800114451496e-07,4.4108771496889754e-09,2.410159975244303e-11,0.0
5.62,0.00501,0.0,3.816861885393094e-07,6.9893094403828855e-09,3.8190485337888884e-11,0.0
5.62,0.00631,0.0,6.054659299853389e-07,1.1087088994421147e-08,6.05812798858139e-11,0.0
5.62,0.00794,0.0,9.586763057341185e-07,1.755495890375606e-08,9.592255335427873e-11,0.0
5.62,0.01,0.0,1.5206560156282123e-06,2.7845742824175284e-08,1.521527218532551e-10,0.0
5.62,0.0126,0.0,2.414193450909933e-06,4.420790058432399e-08,2.415576612142279e-10,0.0
5.62,0.0158,0.0,3.796165519234241e-06,6.951410948973157e-08,3.798340548344661e-10,0.0
5.62,0.02,0.0,6.082623554387334e-06,1.1138296199207718e-07,6.086108874130204e-10,0.0
5.62,0.0251,0.0,9.580283550151027e-06,1.7543093847557273e-07,9.585773629476927e-10,0.0
5.62,0.0316,0.0,1.5184658910292836e-05,2.780563799724013e-07,1.5193362193378644e-09,0.0
5.62,0.0398,0.0,2.4087789595871707e-05,4.4108752235619313e-07,2.4101599752443027e-09,0.0
5.62,0.0501,0.0,3.8168592443492706e-05,6.989304604192035e-07,3.819048533788889e-09,0.0
5.62,0.0631,0.0,6.05465265413458e-05,1.1087076825003809e-06,6.05812798858139e-09,0.0
5.62,0.0794,0.0,9.586746396142224e-05,1.7554928394327457e-06,9.592255335427872e-09,0.0
5.62,0.1,0.0,0.00015206518236039315,2.784566606123295e-06,1.5215272185325516e-08,0.0
5.62,0.126,0.0,0.00024141828850401934,4.420770710566185e-06,2.4155766121422778e-08,0.0
5.62,0.158,0.0,0.00037961393945945386,6.9513631104093366e-06,3.7983405483446606e-08,0.0
5.62,0.2,0.0,0.0006082556482564741,1.1138173379536242e-05,6.086108874130207e-08,0.0
5.62,0.251,0.0,0.0009580117165905465,1.7542789170308487e-05,9.585773629476926e-08,0.0
5.62,0.316,0.0,0.0015184240924861483,2.7804872596340382e-05,1.5193362193378642e-07,0.0
5.62,0.398,0.0,0.002408673778428211,4.410682619352153e-05,2.410159975244303e-07,0.0
5.62,0.501,0.0,0.003816595158422752,6.988821018902677e-05,3.819048533788889e-07,0.0
5.62,0.631,0.0,0.006053988155919933,0.00011085860018165049,6.058127988581391e-07,0.0
5.62,0.794,0.0,0.009585080568652158,0.00017551877986911113,9.592255335427876e-07,0.0
5.62,1.0,0.0,0.015202327378617082,0.00027837991903711923,1.521527218532551e-06,0.0
10.0,3.16e-08,2.1472390796218274e-11,1.3779748803595488e-17,2.5233013740332335e-19,1.2031899820120662e-20,3.550609816614283e-22
10.0,3.98e-08,5.151489488631689e-06,2.1859150471526388e-17,4.002774303520672e-19,1.9086495144071397e-20,1.3512862066138396e-16
10.0,5.01e-08,2.491164150785606e-05,3.4637184840683287e-17,6.342645090767861e-19,3.024373985288922e-20,1.0354429579109381e-15
10.0,6.31e-08,3.3624884272958297e-06,5.494470601053903e-17,1.0061290241812677e-18,4.797541724362144e-20,2.2170112572193094e-16
10.0,7.94e-08,5.827539053516393e-05,8.699777396194043e-17,1.5930740516744264e-18,7.596281440271578e-20,6.083795103986394e-15
10.0,1e-07,5.200293212062459e-05,1.379962025676523e-16,2.5269401678749737e-18,1.2049250741187972e-19,8.611448586035501e-15
10.0,1.26e-07,0.000134316955273928,2.190827711964048e-16,4.011770210518308e-18,1.912939047671002e-19,3.531183693609085e-14
10.0,1.58e-07,0.00021191272314858883,3.444937200898872e-16,6.308253435083084e-18,3.0079749550301655e-19,8.760312279820288e-14
10.0,2e-07,0.0004667701614117492,5.519848102706092e-16,1.0107760671499895e-17,4.819700296475189e-19,3.0918004678421524e-13
10.0,2.51e-07,0.00039263757446493145,8.693898757964665e-16,1.5919975751629126e-17,7.591148459455835e-19,4.096261585165112e-13
10.0,3.16e-07,0.0005814047763070393,1.3779748803595489e-15,2.5233013740332336e-17,1.2031899820120662e-18,9.613934124865954e-13
10.0,3.98e-07,0.0010080403717018442,2.185915047152639e-15,4.002774303520672e-17,1.9086495144071398e-18,2.6441887399684806e-12
10.0,5.01e-07,0.0012220277289030279,3.4637184840683305e-15,6.342645090767864e-17,3.024373985288923e-18,5.079312039174553e-12
10.0,6.31e-07,0.002253708343861021,5.494470601053901e-15,1.0061290241812673e-16,4.797541724362145e-18,1.485952108643311e-11
10.0,7.94e-07,0.0031527742968337153,8.699777396194044e-15,1.5930740516744267e-16,7.596281440271584e-18,3.291412147547463e-11
10.0,1e-06,0.004407136266684175,1.3799620256765228e-14,2.526940167874973e-16,1.2049250741187972e-17,7.298016828007154e-11
10.0,1.26e-06,0.0052960923019511625,2.1908277119640474e-14,4.011770210518307e-16,1.912939047671002e-17,1.3923390936280886e-10
10.0,1.58e-06,0.006591114449850666,3.444937200898869e-14,6.308253435083079e-16,3.0079749550301646e-17,2.7247170436407175e-10
10.0,2e-06,0.0065432507853951105,5.519848102706087e-14,1.0107760671499885e-15,4.819700296475189e-17,4.334130051995198e-10
10.0,2.51e-06,0.0055227684030184085,8.693898757964652e-14,1.5919975751629101e-15,7.591148459455837e-17,5.76172672314338e-10
10.0,3.16e-06,0.0032179018774322445,1.3779748803595451e-13,2.523301374033227e-15,1.2031899820120659e-16,5.321025545476144e-10
10.0,3.98e-06,0.0015455092606270952,2.1859150471526305e-13,4.0027743035206564e-15,1.908649514407139e-16,4.054022337982205e-10
10.0,5.01e-06,0.0004131308757253846,3.4637184840683073e-13,6.342645090767822e-15,3.024373985288922e-16,1.7171628607072099e-10
10.0,6.31e-06,0.00012683548356696783,5.494470601053845e-13,1.006129024181257e-14,4.797541724362145e-16,8.362726027549834e-11
10.0,7.94e-06,1.1661434948721912e-05,8.699777396193905e-13,1.5930740516744012e-14,7.596281440271583e-16,1.2174226580889183e-11
10.0,1e-05,0.0,1.3799620256764886e-12,2.5269401678749106e-14,1.2049250741187973e-15,0.0
10.0,1.26e-05,0.0,2.190827711963961e-12,4.011770210518148e-14,1.9129390476710026e-15,0.0
10.0,1.58e-05,0.0,3.4449372008986547e-12,6.308253435082686e-14,3.007974955030167e-15,0.0
10.0,2e-05,0.0,5.519848102705537e-12,1.0107760671498878e-13,4.819700296475189e-15,0.0
10.0,2.51e-05,0.0,8.693898757963279e-12,1.5919975751626587e-13,7.591148459455835e-15,0.0
10.0,3.16e-05,0.0,1.3779748803592011e-11,2.523301374032597e-13,1.2031899820120668e-14,0.0
10.0,3.98e-05,0.0,2.1859150471517645e-11,4.002774303519071e-13,1.9086495144071394e-14,0.0
10.0,5.01e-05,0.0,3.4637184840661316e-11,6.342645090763838e-13,3.0243739852889225e-14,0.0
10.0,6.31e-05,0.0,5.494470601048373e-11,1.006129024180255e-12,4.797541724362144e-14,0.0
10.0,7.94e-05,0.0,8.699777396180188e-11,1.5930740516718892e-12,7.596281440271584e-14,0.0
10.0,0.0001,0.0,1.3799620256730363e-10,2.5269401678685886e-12,1.2049250741187974e-13,0.0
10.0,0.000126,0.0,2.1908277119552594e-10,4.011770210502215e-12,1.9129390476710017e-13,0.0
10.0,0.000158,0.0,3.4449372008771407e-10,6.3082534350432904e-12,3.0079749550301656e-13,0.0
10.0,0.0002,0.0,5.519848102650299e-10,1.0107760671397727e-11,4.819700296475189e-13,0.0
10.0,0.000251,0.0,8.693898757826256e-10,1.5919975751375675e-11,7.591148459455831e-13,0.0
10.0,0.000316,0.0,1.3779748803247786e-09,2.5233013739695636e-11,1.2031899820120662e-12,0.0
10.0,0.000398,0.0,2.1859150470651437e-09,4.0027743033604534e-11,1.90864951440714e-12,0.0
10.0,0.000501,0.0,3.463718483848638e-09,6.342645090365571e-11,3.024373985288923e-12,0.0
10.0,0.000631,0.0,5.494470600501088e-09,1.0061290240800382e-10,4.797541724362144e-12,0.0
10.0,0.000794,0.0,8.699777394808107e-09,1.5930740514206386e-10,7.59628144027158e-12,0.0
10.0,0.001,0.0,1.3799620253278153e-08,2.5269401672364317e-10,1.2049250741187974e-11,0.0
10.0,0.00126,0.0,2.190827711085139e-08,4.011770208908879e-10,1.9129390476710025e-11,0.0
10.0,0.00158,0.0,3.444937198725718e-08,6.308253431103678e-10,3.007974955030165e-11,0.0
10.0,0.002,0.0,5.519848097126763e-08,1.0107760661283213e-09,4.8197002964751896e-11,0.0
10.0,0.00251,0.0,8.693898744123998e-08,1.591997572628456e-09,7.591148459455835e-11,0.0
10.0,0.00316,0.0,1.377974876882503e-07,2.523301367666184e-09,1.203189982012066e-10,0.0
10.0,0.00398,0.0,2.1859150384029152e-07,4.0027742874984715e-09,1.90864951440714e-10,0.0
10.0,0.00501,0.0,3.4637184620991925e-07,6.342645050538716e-09,3.024373985288923e-10,0.0
10.0,0.00631,0.0,5.49447054577244e-07,1.0061290140583115e-08,4.797541724362144e-10,0.0
10.0,0.00794,0.0,8.69977725760015e-07,1.593074026295578e-08,7.59628144027158e-10,0.0
10.0,0.01,0.0,1.3799619908057095e-06,2.5269401040207094e-08,1.2049250741187974e-09,0.0
10.0,0.0126,0.0,2.190827624073078e-06,4.011770049575312e-08,1.912939047671003e-09,0.0
10.0,0.0158,0.0,3.4449369835835174e-06,6.308253037142497e-08,3.0079749550301666e-09,0.0
10.0,0.02,0.0,5.519847544773113e-06,1.010775964983174e-07,4.81970029647519e-09,0.0
10.0,0.0251,0.0,8.69389737389831e-06,1.5919973217173247e-07,7.591148459455838e-09,0.0
10.0,0.0316,0.0,1.3779745326550457e-05,2.523300737328412e-07,1.2031899820120666e-08,0.0
10.0,0.0398,0.0,2.185914172180532e-05,4.002772701301103e-07,1.9086495144071396e-08,0.0
10.0,0.0501,0.0,3.4637162871560186e-05,6.342641067855739e-07,3.024373985288923e-08,0.0
10.0,0.0631,0.0,5.494465072913117e-05,1.0061280118866722e-06,4.797541724362144e-08,0.0
10.0,0.0794,0.0,8.6997635368265e-05,1.5930715137935358e-06,7.596281440271581e-08,0.0
10.0,0.1,0.0,0.0001379958538603862,2.5269337824644975e-06,1.2049250741187975e-07,0.0
10.0,0.126,0.0,0.00021908189229019576,4.011754116282654e-06,1.912939047671003e-07,0.0
10.0,0.158,0.0,0.0003444915469499028,6.308213641272712e-06,3.0079749550301656e-07,0.0
10.0,0.2,0.0,0.0005519792309966467,1.010765850570677e-05,4.81970029647519e-07,0.0
10.0,0.251,0.0,0.0008693760353510642,1.591972231003597e-05,7.591148459455835e-07,0.0
10.0,0.316,0.0,0.0013779401107778002,2.5232377051415496e-05,1.2031899820120663e-06,0.0
10.0,0.398,0.0,0.0021858275534090126,4.0026140879124934e-05,1.90864951440714e-06,0.0
10.0,0.501,0.0,0.003463498806631302,6.34224282481469e-05,3.024373985288922e-06,0.0
10.0,0.631,0.0,0.005493917842034166,0.00010060278048039126,4.797541724362143e-06,0.0
10.0,0.794,0.0,0.008698391677986693,0.0001592820303604961,7.5962814402715825e-06,0.0
10.0,1.0,0.0,0.013796134056234421,0.0002526301786528918,1.2049250741187976e-05,0.0
17.8,3.16e-08,8.207877473856623e-06,9.659509949764433e-18,1.7688170572723738e-19,4.540414443087337e-20,9.514088895019849e-17
17.8,3.98e-08,9.262877291518763e-05,1.532311542703979e-17,2.8059174925910617e-19,7.20256979493277e-20,1.7032336550933723e-15
17.8,5.01e-08,3.493416817412072e-05,2.4280430388768052e-17,4.446150959305631e-19,1.1412920261470166e-19,1.0178599662495053e-15
17.8,6.31e-08,0.00010732625928016675,3.851586425560965e-17,7.052895853435205e-19,1.8104229641424627e-19,4.960516360196722e-15
17.8,7.94e-08,0.00015939671348306748,6.098484632560576e-17,1.1167340473467453e-18,2.8665685785953857e-19,1.1664940891885778e-14
17.8,1e-07,0.0004339326856080433,9.67343970293666e-17,1.7713678269431716e-18,4.546962068465928e-19,5.0371460032353325e-14
17.8,1.26e-07,0.0006924026110435851,1.5357552872382248e-16,2.8122235620549805e-18,7.218756979896506e-19,1.2760331649692857e-13
17.8,1.58e-07,0.0008327011060287172,2.4148774874411087e-16,4.422042643180935e-18,1.1351036107718345e-18,2.413045385659273e-13
17.8,2e-07,0.001079844567728474,3.869375881174664e-16,7.085471307772686e-18,1.8187848273863712e-18,5.013989430943246e-13
17.8,2.51e-07,0.0018808536786776141,6.094363747247129e-16,1.1159794446524683e-17,2.86463157275422e-18,1.3755127767851103e-12
17.8,3.16e-07,0.0025324265179936406,9.659509949764435e-16,1.768817057272374e-17,4.540414443087338e-18,2.9354398977128252e-12
17.8,3.98e-07,0.0038218336246541008,1.5323115427039787e-15,2.8059174925910616e-17,7.20256979493277e-18,7.027487732821997e-12
17.8,5.01e-07,0.004707647598216531,2.4280430388768058e-15,4.4461509593056326e-17,1.1412920261470167e-17,1.3716445176401715e-11
17.8,6.31e-07,0.0058641573972475864,3.851586425560965e-15,7.052895853435204e-17,1.8104229641424622e-17,2.7103570834310068e-11
17.8,7.94e-07,0.004691129575012093,6.098484632560578e-15,1.1167340473467457e-16,2.8665685785953866e-17,3.433053794707402e-11
17.8,1e-06,0.004102978823235449,9.673439702936661e-15,1.771367826943172e-16,4.5469620684659285e-17,4.7627901898792964e-11
17.8,1.26e-06,0.002197935086889643,1.5357552872382244e-14,2.8122235620549797e-16,7.218756979896509e-17,4.0505885168366106e-11
17.8,1.58e-06,0.0010298304724672854,2.4148774874411065e-14,4.4220426431809314e-16,1.135103610771834e-16,2.9842973086105024e-11
17.8,2e-06,0.00016058987592894162,3.8693758811746633e-14,7.085471307772685e-16,1.8187848273863714e-16,7.45659111216334e-12
17.8,2.51e-06,6.736123456775444e-05,6.094363747247121e-14,1.1159794446524669e-15,2.8646315727542195e-16,4.926286391034388e-12
17.8,3.16e-06,2.9234435477850942e-05,9.659509949764415e-14,1.7688170572723704e-15,4.540414443087336e-16,3.388683844488564e-12
17.8,3.98e-06,0.0,1.5323115427039744e-13,2.8059174925910536e-15,7.202569794932769e-16,0.0
17.8,5.01e-06,0.0,2.4280430388767945e-13,4.446150959305612e-15,1.1412920261470169e-15,0.0
17.8,6.31e-06,0.0,3.851586425560936e-13,7.0528958534351515e-15,1.8104229641424622e-15,0.0
17.8,7.94e-06,0.0,6.09848463256051e-13,1.1167340473467333e-14,2.8665685785953864e-15,0.0
17.8,1e-05,0.0,9.673439702936493e-13,1.771367826943141e-14,4.546962068465929e-15,0.0
17.8,1.26e-05,0.0,1.5357552872381816e-12,2.8122235620549015e-14,7.21875697989651e-15,0.0
17.8,1.58e-05,0.0,2.414877487441003e-12,4.4220426431807413e-14,1.1351036107718344e-14,0.0
17.8,2e-05,0.0,3.869375881174392e-12,7.085471307772188e-14,1.8187848273863715e-14,0.0
17.8,2.51e-05,0.0,6.094363747246446e-12,1.1159794446523432e-13,2.8646315727542195e-14,0.0
17.8,3.16e-05,0.0,9.659509949762727e-12,1.7688170572720615e-13,4.540414443087338e-14,0.0
17.8,3.98e-05,0.0,1.532311542703549e-11,2.805917492590275e-13,7.202569794932772e-14,0.0
17.8,5.01e-05,0.0,2.428043038875725e-11,4.446150959303653e-13,1.1412920261470162e-13,0.0
17.8,6.31e-05,0.0,3.8515864255582476e-11,7.052895853430228e-13,1.8104229641424623e-13,0.0
17.8,7.94e-05,0.0,6.098484632553769e-11,1.1167340473454988e-12,2.8665685785953864e-13,0.0
17.8,0.0001,0.0,9.673439702919526e-11,1.771367826940034e-12,4.546962068465929e-13,0.0
17.8,0.000126,0.0,1.535755287233906e-10,2.8122235620470717e-12,7.218756979896505e-13,0.0
17.8,0.000158,0.0,2.41487748743043e-10,4.42204264316138e-12,1.1351036107718345e-12,0.0
17.8,0.0002,0.0,3.8693758811472477e-10,7.085471307722483e-12,1.8187848273863716e-12,0.0
17.8,0.000251,0.0,6.094363747179112e-10,1.1159794446400134e-11,2.8646315727542177e-12,0.0
17.8,0.000316,0.0,9.659509949593575e-10,1.7688170572410867e-11,4.540414443087338e-12,0.0
17.8,0.000398,0.0,1.532311542660984e-09,2.8059174925123314e-11,7.2025697949327695e-12,0.0
17.8,0.000501,0.0,2.428043038768851e-09,4.446150959107949e-11,1.1412920261470166e-11,0.0
17.8,0.000631,0.0,3.8515864252893184e-09,7.052895852937774e-11,1.810422964142463e-11,0.0
17.8,0.000794,0.0,6.098484631879542e-09,1.1167340472220366e-10,2.866568578595386e-11,0.0
17.8,0.001,0.0,9.673439701223143e-09,1.771367826629398e-10,4.54696206846593e-11,0.0
17.8,0.00126,0.0,1.5357552868063363e-08,2.8122235612641204e-10,7.218756979896507e-11,0.0
17.8,0.00158,0.0,2.4148774863732388e-08,4.422042641225488e-10,1.1351036107718343e-10,0.0
17.8,0.002,0.0,3.8693758784330306e-08,7.085471302752299e-10,1.818784827386372e-10,0.0
17.8,0.00251,0.0,6.094363740445944e-08,1.115979443407058e-09,2.8646315727542193e-10,0.0
17.8,0.00316,0.0,9.659509932678527e-08,1.76881705414366e-09,4.5404144430873373e-10,0.0
17.8,0.00398,0.0,1.5323115384044396e-07,2.8059174847178897e-09,7.20256979493277e-10,0.0
17.8,0.00501,0.0,2.428043028081359e-07,4.446150939537372e-09,1.1412920261470163e-09,0.0
17.8,0.00631,0.0,3.851586398396127e-07,7.0528958036918645e-09,1.8104229641424624e-09,0.0
17.8,0.00794,0.0,6.098484564456723e-07,1.1167340348757962e-08,2.866568578595385e-09,0.0
17.8,0.01,0.0,9.673439531584465e-07,1.7713677955657325e-08,4.54696206846593e-09,0.0
17.8,0.0126,0.0,1.5357552440493535e-06,2.812223482968968e-08,7.218756979896509e-09,0.0
17.8,0.0158,0.0,2.414877380654201e-06,4.422042447636332e-08,1.1351036107718345e-08,0.0
17.8,0.02,0.0,3.8693756070111655e-06,7.085470805733686e-08,1.818784827386372e-08,0.0
17.8,0.0251,0.0,6.094363067128736e-06,1.1159793201114698e-07,2.8646315727542206e-08,0.0
17.8,0.0316,0.0,9.659508241174137e-06,1.7688167444010508e-07,4.540414443087338e-08,0.0
17.8,0.0398,0.0,1.532311112750124e-05,2.8059167052739863e-07,7.202569794932769e-08,0.0
17.8,0.0501,0.0,2.428041959332696e-05,4.446148982480674e-07,1.1412920261470164e-07,0.0
17.8,0.0631,0.0,3.851583709079086e-05,7.052890879104718e-07,1.8104229641424628e-07,0.0
17.8,0.0794,0.0,6.098477822182759e-05,1.1167328002532061e-06,2.866568578595386e-07,0.0
17.8,0.1,0.0,9.673422567747153e-05,1.7713646892047524e-06,4.54696206846593e-07,0.0
17.8,0.126,0.0,0.00015357509683631664,2.8122156534758587e-06,7.218756979896509e-07,0.0
17.8,0.158,0.0,0.00024148668087971035,4.422023088806269e-06,1.1351036107718345e-06,0.0
17.8,0.2,0.0,0.00038693484650171374,7.085421104224753e-06,1.818784827386372e-06,0.0
17.8,0.251,0.0,0.0006094295736159416,1.1159669906902428e-05,2.864631572754219e-06,0.0
17.8,0.316,0.0,0.0009659339093726927,1.768785770687956e-05,4.540414443087338e-06,0.0
17.8,0.398,0.0,0.001532268548512743,2.8058387630703958e-05,7.202569794932771e-06,0.0
17.8,0.501,0.0,0.002427935089217544,4.445953285510976e-05,1.1412920261470165e-05,0.0
17.8,0.631,0.0,0.0038513147963393918,7.052398455116996e-05,1.8104229641424618e-05,0.0
17.8,0.794,0.0,0.006097803670063339,0.0001116609351778674,2.8665685785953867e-05,0.0
17.8,1.0,0.0,0.00967172648442411,0.00017710541081164826,4.546962068465929e-05,0.0
31.6,3.16e-08,6.87886245932784e-05,6.949680226945395e-19,1.2726021290872358e-20,8.948379729681282e-20,5.73670733009612e-17
31.6,3.98e-08,4.078880595931251e-05,1.1024446669895231e-18,2.0187596905136846e-20,1.4195032273478147e-19,5.3960881923257464e-17
31.6,5.01e-08,0.00025408256905292537,1.7468922114279772e-18,3.198850414627316e-20,2.2492912399152096e-19,5.326258331257998e-16
31.6,6.31e-08,0.00022580757424094637,2.7710819869019436e-18,5.074312373012165e-20,3.5680337902075286e-19,7.508775617821317e-16
31.6,7.94e-08,0.00039020827085584113,4.387646814968101e-18,8.034511655316061e-20,5.649516026339279e-19,2.05451529215381e-15
31.6,1e-07,0.0006547541395289209,6.959702198110673e-18,1.2744373188263455e-19,8.96128397861048e-19,5.468272588921792e-15
31.6,1.26e-07,0.0007283815656505928,1.1049223209720508e-17,2.0232966873687066e-19,1.4226934444442e-18,9.657660600862911e-15
31.6,1.58e-07,0.0010149582250849074,1.7374200567363488e-17,3.1815053227180897e-19,2.237094932420321e-18,2.1160905324144526e-14
31.6,2e-07,0.001609086113431063,2.7838808792442694e-17,5.097749275305382e-19,3.584513591444192e-18,5.3754048770858545e-14
31.6,2.51e-07,0.0016631441379177827,4.384681981831707e-17,8.029082552337863e-19,5.6456985193643904e-18,8.750829761660556e-14
31.6,3.16e-07,0.0017180011451446552,6.949680226945395e-17,1.2726021290872359e-18,8.948379729681285e-18,1.4327470305937628e-13
31.6,3.98e-07,0.001953035569998946,1.1024446669895232e-16,2.0187596905136847e-18,1.4195032273478146e-17,2.583736378303418e-13
31.6,5.01e-07,0.0014597275703412728,1.746892211427978e-16,3.1988504146273172e-18,2.2492912399152104e-17,3.059984068123027e-13
31.6,6.31e-07,0.0008251104393713197,2.771081986901944e-16,5.074312373012166e-18,3.568033790207528e-17,2.743738410895935e-13
31.6,7.94e-07,0.00020907352862137963,4.3876468149681017e-16,8.034511655316062e-18,5.649516026339281e-17,1.1008089623396862e-13
31.6,1e-06,5.919701610613708e-05,6.959702198110675e-16,1.274437318826346e-17,8.961283978610484e-17,4.943923237385704e-14
31.6,1.26e-06,3.186196744186262e-05,1.1049223209720508e-15,2.0232966873687067e-17,1.4226934444442004e-16,4.224599881991852e-14
31.6,1.58e-06,0.0,1.737420056736348e-15,3.1815053227180884e-17,2.2370949324203203e-16,0.0
31.6,2e-06,0.0,2.78388087924427e-15,5.097749275305384e-17,3.5845135914441935e-16,0.0
31.6,2.51e-06,0.0,4.384681981831707e-15,8.029082552337864e-17,5.645698519364391e-16,0.0
31.6,3.16e-06,0.0,6.949680226945391e-15,1.272602129087235e-16,8.948379729681281e-16,0.0
31.6,3.98e-06,0.0,1.102444666989523e-14,2.0187596905136843e-16,1.4195032273478146e-15,0.0
31.6,5.01e-06,0.0,1.746892211427977e-14,3.1988504146273154e-16,2.24929123991521e-15,0.0
31.6,6.31e-06,0.0,2.771081986901942e-14,5.074312373012162e-16,3.568033790207528e-15,0.0
31.6,7.94e-06,0.0,4.387646814968098e-14,8.034511655316056e-16,5.6495160263392794e-15,0.0
31.6,1e-05,0.0,6.959702198110668e-14,1.2744373188263445e-15,8.961283978610483e-15,0.0
31.6,1.26e-05,0.0,1.1049223209720489e-13,2.0232966873687033e-15,1.4226934444442006e-14,0.0
31.6,1.58e-05,0.0,1.7374200567363434e-13,3.1815053227180798e-15,2.2370949324203205e-14,0.0
31.6,2e-05,0.0,2.7838808792442564e-13,5.097749275305358e-15,3.584513591444193e-14,0.0
31.6,2.51e-05,0.0,4.3846819818316697e-13,8.029082552337795e-15,5.645698519364388e-14,0.0
31.6,3.16e-05,0.0,6.949680226945307e-13,1.2726021290872198e-14,8.948379729681282e-14,0.0
31.6,3.98e-05,0.0,1.1024446669895011e-12,2.0187596905136444e-14,1.4195032273478142e-13,0.0
31.6,5.01e-05,0.0,1.7468922114279213e-12,3.198850414627214e-14,2.249291239915209e-13,0.0
31.6,6.31e-05,0.0,2.771081986901805e-12,5.0743123730119116e-14,3.568033790207528e-13,0.0
31.6,7.94e-05,0.0,4.38764681496775e-12,8.034511655315418e-14,5.64951602633928e-13,0.0
31.6,0.0001,0.0,6.959702198109789e-12,1.2744373188261838e-13,8.961283978610485e-13,0.0
31.6,0.000126,0.0,1.1049223209718276e-11,2.023296687368298e-13,1.4226934444442e-12,0.0
31.6,0.000158,0.0,1.737420056735796e-11,3.181505322717077e-13,2.2370949324203203e-12,0.0
31.6,0.0002,0.0,2.7838808792428514e-11,5.097749275302786e-13,3.584513591444194e-12,0.0
31.6,0.000251,0.0,4.3846819818281857e-11,8.029082552331414e-13,5.6456985193643874e-12,0.0
31.6,0.000316,0.0,6.949680226936549e-11,1.2726021290856162e-12,8.948379729681281e-12,0.0
31.6,0.000398,0.0,1.1024446669872981e-10,2.0187596905096102e-12,1.419503227347815e-11,0.0
31.6,0.000501,0.0,1.7468922114223898e-10,3.1988504146170844e-12,2.24929123991521e-11,0.0
31.6,0.000631,0.0,2.771081986887883e-10,5.0743123729864176e-12,3.5680337902075284e-11,0.0
31.6,0.000794,0.0,4.3876468149328476e-10,8.034511655251507e-12,5.649516026339277e-11,0.0
31.6,0.001,0.0,6.95970219802198e-10,1.2744373188101044e-11,8.96128397861048e-11,0.0
31.6,0.00126,0.0,1.104922320949695e-09,2.02329668732777e-11,1.4226934444442005e-10,0.0
31.6,0.00158,0.0,1.7374200566810727e-09,3.18150532261687e-11,2.2370949324203205e-10,0.0
31.6,0.002,0.0,2.7838808791023563e-09,5.097749275045516e-11,3.584513591444192e-10,0.0
31.6,0.00251,0.0,4.3846819814796565e-09,8.0290825516932e-11,5.645698519364389e-10,0.0
31.6,0.00316,0.0,6.949680226060977e-09,1.2726021289252843e-10,8.948379729681282e-10,0.0
31.6,0.00398,0.0,1.1024446667669662e-08,2.0187596901061459e-10,1.419503227347815e-09,0.0
31.6,0.00501,0.0,1.746892210869173e-08,3.198850413604052e-10,2.2492912399152098e-09,0.0
31.6,0.00631,0.0,2.7710819854958103e-08,5.074312370437301e-10,3.5680337902075275e-09,0.0
31.6,0.00794,0.0,4.3876468114428406e-08,8.034511648860723e-10,5.649516026339278e-09,0.0
31.6,0.01,0.0,6.959702189240971e-08,1.2744373172021555e-09,8.961283978610482e-09,0.0
31.6,0.0126,0.0,1.1049223187364648e-07,2.0232966832749767e-09,1.4226934444442003e-08,0.0
31.6,0.0158,0.0,1.737420051208738e-07,3.1815053125961147e-09,2.2370949324203213e-08,0.0
31.6,0.02,0.0,2.7838808650527436e-07,5.097749249318337e-09,3.584513591444193e-08,0.0
31.6,0.0251,0.0,4.384681946626733e-07,8.029082487871696e-09,5.64569851936439e-08,0.0
31.6,0.0316,0.0,6.949680138503619e-07,1.2726021128920745e-08,8.948379729681285e-08,0.0
31.6,0.0398,0.0,1.1024446447338153e-06,2.018759649759779e-08,1.419503227347815e-07,0.0
31.6,0.0501,0.0,1.74689215554751e-06,3.198850312300879e-08,2.2492912399152092e-07,0.0
31.6,0.0631,0.0,2.7710818462885956e-06,5.07431211552572e-08,3.5680337902075283e-07,0.0
31.6,0.0794,0.0,4.387646462442135e-06,8.034511009782337e-08,5.649516026339277e-07,0.0
31.6,0.1,0.0,6.959701311140367e-06,1.2744371564073186e-07,8.961283978610486e-07,0.0
31.6,0.126,0.0,1.104922097413529e-05,2.0232962779958413e-07,1.4226934444442007e-06,0.0
31.6,0.158,0.0,1.7374195039754082e-05,3.181504310520799e-07,2.2370949324203206e-06,0.0
31.6,0.2,0.0,2.78387946009232e-05,5.097746676601941e-07,3.5845135914441943e-06,0.0
31.6,0.251,0.0,4.384678461337174e-05,8.029076105726376e-07,5.64569851936439e-06,0.0
31.6,0.316,0.0,6.949671382778795e-05,1.2726005095731177e-06,8.948379729681282e-06,0.0
31.6,0.398,0.0,0.00011024424414231617,2.0187556151312245e-06,1.4195032273478154e-05,0.0
31.6,0.501,0.0,0.00017468866233989784,3.1988401820160746e-06,2.2492912399152095e-05,0.0
31.6,0.631,0.0,0.0002771067925637683,5.074286624496764e-06,3.5680337902075275e-05,0.0
31.6,0.794,0.0,0.00043876115626518636,8.034447102457176e-06,5.64951602633928e-05,0.0
31.6,1.0,0.0,0.0006959613502198957,1.27442107712854e-05,8.961283978610485e-05,0.0
