filename,filepath,scan,run,mass,CaPhi,generated_events_index,nLLP_original,nLLP_original_weighted,nLLP_LLPdecay,nLLP_LLPdecay_weighted,nLLP_InCavern,nLLP_InCavern_weighted,nLLP_NotInATLAS,nLLP_NotInATLAS_weighted,nLLP_Geometry,nLLP_Geometry_weighted,nLLP_Tracker,nLLP_Tracker_weighted,nLLP_MET,nLLP_MET_weighted,nLLP_IsoJet,nLLP_IsoJet_weighted,nLLP_IsoCharged,nLLP_IsoCharged_weighted,nLLP_IsoAll,nLLP_IsoAll_weighted,nLLP_Final,nLLP_Final_weighted,n_surviving_llps,status
Higgs_to_ALP_Z_sampledfs_Scan_10_Run_1.pkl.gz,/raid/anubis/sensitivityStudyData/ALPs/fermionCoupled/Higgs_to_ALP_Z_FINAL_Default_Lifetime/Generated_Events_1/Higgs_to_ALP_Z_sampledfs_Scan_10_Run_1.pkl.gz,10,1,10.0,0.0001,1,2000,0.00033468096,2000,0.00033468096,2000,0.00033468096,0,0.0,0,0.0,0,0.0,0,0.0,0,0.0,0,0.0,0,0.0,0,0.0,0,success
Higgs_to_ALP_Z_sampledfs_Scan_10_Run_2.pkl.gz,/raid/anubis/sensitivityStudyData/ALPs/fermionCoupled/Higgs_to_ALP_Z_FINAL_Default_Lifetime/Generated_Events_1/Higgs_to_ALP_Z_sampledfs_Scan_10_Run_2.pkl.gz,10,2,10.0,3.16e-05,1,2000,3.3315250000000006e-05,2000,3.3315250000000006e-05,2000,3.3315250000000006e-05,0,0.0,0,0.0,0,0.0,0,0.0,0,0.0,0,0.0,0,0.0,0,0.0,0,success
Higgs_to_ALP_Z_sampledfs_Scan_10_Run_3.pkl.gz,/raid/anubis/sensitivityStudyData/ALPs/fermionCoupled/Higgs_to_ALP_Z_FINAL_Default_Lifetime/Generated_Events_1/Higgs_to_ALP_Z_sampledfs_Scan_10_Run_3.pkl.gz,10,3,10.0,1e-05,1,2000,3.3423535999999998e-06,2000,3.3423535999999998e-06,1994,3.3323265392e-06,3,5.0135304e-09,0,0.0,0,0.0,0,0.0,0,0.0,0,0.0,0,0.0,0,0.0,0,success
Higgs_to_ALP_Z_sampledfs_Scan_10_Run_4.pkl.gz,/raid/anubis/sensitivityStudyData/ALPs/fermionCoupled/Higgs_to_ALP_Z_FINAL_Default_Lifetime/Generated_Events_1/Higgs_to_ALP_Z_sampledfs_Scan_10_Run_4.pkl.gz,10,4,10.0,3.16e-06,1,2000,3.3538732000000006e-07,2000,3.3538732000000006e-07,1691,2.835699790600001e-07,94,1.576320404e-08,10,1.6769366000000004e-09,8,1.3415492800000003e-09,6,1.0061619600000002e-09,5,8.384683000000002e-10,5,8.384683000000002e-10,5,8.384683000000002e-10,5,8.384683000000002e-10,5,success
Higgs_to_ALP_Z_sampledfs_Scan_10_Run_5.pkl.gz,/raid/anubis/sensitivityStudyData/ALPs/fermionCoupled/Higgs_to_ALP_Z_FINAL_Default_Lifetime/Generated_Events_1/Higgs_to_ALP_Z_sampledfs_Scan_10_Run_5.pkl.gz,10,5,10.0,1e-06,1,2000,3.3440888e-08,2000,3.3440888e-08,561,9.380169084000002e-09,119,1.989732836e-09,28,4.68172432e-10,28,4.68172432e-10,10,1.6720444e-10,8,1.3376355200000002e-10,8,1.3376355200000002e-10,8,1.3376355200000002e-10,8,1.3376355200000002e-10,8,success
Higgs_to_ALP_Z_sampledfs_Scan_10_Run_6.pkl.gz,/raid/anubis/sensitivityStudyData/ALPs/fermionCoupled/Higgs_to_ALP_Z_FINAL_Default_Lifetime/Generated_Events_1/Higgs_to_ALP_Z_sampledfs_Scan_10_Run_6.pkl.gz,10,6,10.0,3.16e-07,1,2000,3.3546225999999997e-09,2000,3.3546225999999997e-09,69,1.1573447969999998e-10,20,3.354622600000001e-11,7,1.17411791e-11,7,1.17411791e-11,2,3.3546226000000004e-12,1,1.6773113000000002e-12,1,1.6773113000000002e-12,1,1.6773113000000002e-12,1,1.6773113000000002e-12,1,success
Higgs_to_ALP_Z_sampledfs_Scan_10_Run_7.pkl.gz,/raid/anubis/sensitivityStudyData/ALPs/fermionCoupled/Higgs_to_ALP_Z_FINAL_Default_Lifetime/Generated_Events_1/Higgs_to_ALP_Z_sampledfs_Scan_10_Run_7.pkl.gz,10,7,10.0,1e-07,1,2000,3.3422524000000004e-10,2000,3.3422524000000004e-10,3,5.0133786e-13,0,0.0,0,0.0,0,0.0,0,0.0,0,0.0,0,0.0,0,0.0,0,0.0,0,success
Higgs_to_ALP_Z_sampledfs_Scan_10_Run_8.pkl.gz,/raid/anubis/sensitivityStudyData/ALPs/fermionCoupled/Higgs_to_ALP_Z_FINAL_Default_Lifetime/Generated_Events_1/Higgs_to_ALP_Z_sampledfs_Scan_10_Run_8.pkl.gz,10,8,10.0,3.16e-08,1,2000,3.3450246e-11,2000,3.3450246e-11,1,1.6725123e-14,0,0.0,0,0.0,0,0.0,0,0.0,0,0.0,0,0.0,0,0.0,0,0.0,0,success
Higgs_to_ALP_Z_sampledfs_Scan_11_Run_1.pkl.gz,/raid/anubis/sensitivityStudyData/ALPs/fermionCoupled/Higgs_to_ALP_Z_FINAL_Default_Lifetime/Generated_Events_1/Higgs_to_ALP_Z_sampledfs_Scan_11_Run_1.pkl.gz,11,1,17.8,3.16e-05,1,2000,2.3365843999999993e-05,2000,2.3365843999999993e-05,2000,2.3365843999999993e-05,0,0.0,0,0.0,0,0.0,0,0.0,0,0.0,0,0.0,0,0.0,0,0.0,0,success
Higgs_to_ALP_Z_sampledfs_Scan_11_Run_2.pkl.gz,/raid/anubis/sensitivityStudyData/ALPs/fermionCoupled/Higgs_to_ALP_Z_FINAL_Default_Lifetime/Generated_Events_1/Higgs_to_ALP_Z_sampledfs_Scan_11_Run_2.pkl.gz,11,2,17.8,1e-05,1,2000,2.3452115999999997e-06,2000,2.3452115999999997e-06,2000,2.3452115999999997e-06,0,0.0,0,0.0,0,0.0,0,0.0,0,0.0,0,0.0,0,0.0,0,0.0,0,success
Higgs_to_ALP_Z_sampledfs_Scan_11_Run_3.pkl.gz,/raid/anubis/sensitivityStudyData/ALPs/fermionCoupled/Higgs_to_ALP_Z_FINAL_Default_Lifetime/Generated_Events_1/Higgs_to_ALP_Z_sampledfs_Scan_11_Run_3.pkl.gz,11,3,17.8,3.16e-06,1,2000,2.3410203999999995e-07,2000,2.3410203999999995e-07,1987,2.3258037673999993e-07,3,3.5115305999999995e-10,0,0.0,0,0.0,0,0.0,0,0.0,0,0.0,0,0.0,0,0.0,0,success
Higgs_to_ALP_Z_sampledfs_Scan_11_Run_4.pkl.gz,/raid/anubis/sensitivityStudyData/ALPs/fermionCoupled/Higgs_to_ALP_Z_FINAL_Default_Lifetime/Generated_Events_1/Higgs_to_ALP_Z_sampledfs_Scan_11_Run_4.pkl.gz,11,4,17.8,1e-06,1,2000,2.340572999999999e-08,2000,2.340572999999999e-08,1517,1.7753246204999995e-08,114,1.3341266099999994e-09,17,1.98948705e-10,16,1.8724584e-10,6,7.021719e-11,5,5.8514325e-11,5,5.8514325e-11,5,5.8514325e-11,5,5.8514325e-11,5,success
Higgs_to_ALP_Z_sampledfs_Scan_11_Run_5.pkl.gz,/raid/anubis/sensitivityStudyData/ALPs/fermionCoupled/Higgs_to_ALP_Z_FINAL_Default_Lifetime/Generated_Events_1/Higgs_to_ALP_Z_sampledfs_Scan_11_Run_5.pkl.gz,11,5,17.8,3.16e-07,1,2000,2.3371295999999996e-09,2000,2.3371295999999996e-09,372,4.3470610559999986e-10,80,9.348518399999998e-11,21,2.4539860799999997e-11,19,2.2202731199999998e-11,7,8.179953599999999e-12,6,7.011388799999999e-12,6,7.011388799999999e-12,6,7.011388799999999e-12,6,7.011388799999999e-12,6,success
Higgs_to_ALP_Z_sampledfs_Scan_11_Run_6.pkl.gz,/raid/anubis/sensitivityStudyData/ALPs/fermionCoupled/Higgs_to_ALP_Z_FINAL_Default_Lifetime/Generated_Events_1/Higgs_to_ALP_Z_sampledfs_Scan_11_Run_6.pkl.gz,11,6,17.8,1e-07,1,2000,2.344133e-10,2000,2.344133e-10,47,5.508712550000002e-12,13,1.52368645e-12,5,5.860332500000001e-13,5,5.860332500000001e-13,1,1.1720665000000002e-13,1,1.1720665000000002e-13,1,1.1720665000000002e-13,1,1.1720665000000002e-13,1,1.1720665000000002e-13,1,success
Higgs_to_ALP_Z_sampledfs_Scan_11_Run_7.pkl.gz,/raid/anubis/sensitivityStudyData/ALPs/fermionCoupled/Higgs_to_ALP_Z_FINAL_Default_Lifetime/Generated_Events_1/Higgs_to_ALP_Z_sampledfs_Scan_11_Run_7.pkl.gz,11,7,17.8,3.16e-08,1,2000,2.3387577999999994e-11,2000,2.3387577999999994e-11,5,5.8468945e-14,0,0.0,0,0.0,0,0.0,0,0.0,0,0.0,0,0.0,0,0.0,0,0.0,0,success
Higgs_to_ALP_Z_sampledfs_Scan_12_Run_1.pkl.gz,/raid/anubis/sensitivityStudyData/ALPs/fermionCoupled/Higgs_to_ALP_Z_FINAL_Default_Lifetime/Generated_Events_1/Higgs_to_ALP_Z_sampledfs_Scan_12_Run_1.pkl.gz,12,1,31.6,1e-05,1,2000,1.6813753599999995e-07,2000,1.6813753599999995e-07,2000,1.6813753599999995e-07,0,0.0,0,0.0,0,0.0,0,0.0,0,0.0,0,0.0,0,0.0,0,0.0,0,success
Higgs_to_ALP_Z_sampledfs_Scan_12_Run_2.pkl.gz,/raid/anubis/sensitivityStudyData/ALPs/fermionCoupled/Higgs_to_ALP_Z_FINAL_Default_Lifetime/Generated_Events_1/Higgs_to_ALP_Z_sampledfs_Scan_12_Run_2.pkl.gz,12,2,31.6,3.16e-06,1,2000,1.67626326e-08,2000,1.67626326e-08,1999,1.6754251283700004e-08,0,0.0,0,0.0,0,0.0,0,0.0,0,0.0,0,0.0,0,0.0,0,0.0,0,success
Higgs_to_ALP_Z_sampledfs_Scan_12_Run_3.pkl.gz,/raid/anubis/sensitivityStudyData/ALPs/fermionCoupled/Higgs_to_ALP_Z_FINAL_Default_Lifetime/Generated_Events_1/Higgs_to_ALP_Z_sampledfs_Scan_12_Run_3.pkl.gz,12,3,31.6,1e-06,1,2000,1.6865460600000004e-09,2000,1.6865460600000004e-09,1879,1.58451002337e-09,38,3.204437514e-11,2,1.68654606e-12,1,8.4327303e-13,1,8.4327303e-13,1,8.4327303e-13,1,8.4327303e-13,1,8.4327303e-13,1,8.4327303e-13,1,success
Higgs_to_ALP_Z_sampledfs_Scan_12_Run_4.pkl.gz,/raid/anubis/sensitivityStudyData/ALPs/fermionCoupled/Higgs_to_ALP_Z_FINAL_Default_Lifetime/Generated_Events_1/Higgs_to_ALP_Z_sampledfs_Scan_12_Run_4.pkl.gz,12,4,31.6,3.16e-07,1,2000,1.6859385600000004e-10,2000,1.6859385600000004e-10,1001,8.438122492800003e-11,117,9.862740575999998e-12,15,1.2644539200000003e-12,15,1.2644539200000003e-12,4,3.37187712e-13,3,2.52890784e-13,2,1.68593856e-13,2,1.68593856e-13,2,1.68593856e-13,2,success
Higgs_to_ALP_Z_sampledfs_Scan_12_Run_5.pkl.gz,/raid/anubis/sensitivityStudyData/ALPs/fermionCoupled/Higgs_to_ALP_Z_FINAL_Default_Lifetime/Generated_Events_1/Higgs_to_ALP_Z_sampledfs_Scan_12_Run_5.pkl.gz,12,5,31.6,1e-07,1,2000,1.6845498799999998e-11,2000,1.6845498799999998e-11,163,1.3729081521999997e-12,35,2.947962290000001e-13,5,4.2113747000000004e-14,5,4.2113747000000004e-14,2,1.68454988e-14,1,8.4227494e-15,1,8.4227494e-15,1,8.4227494e-15,1,8.4227494e-15,1,success
Higgs_to_ALP_Z_sampledfs_Scan_12_Run_6.pkl.gz,/raid/anubis/sensitivityStudyData/ALPs/fermionCoupled/Higgs_to_ALP_Z_FINAL_Default_Lifetime/Generated_Events_1/Higgs_to_ALP_Z_sampledfs_Scan_12_Run_6.pkl.gz,12,6,31.6,3.16e-08,1,2000,1.6794921199999997e-12,2000,1.6794921199999997e-12,19,1.5955175140000003e-14,6,5.0384763600000004e-15,2,1.6794921200000002e-15,1,8.397460600000001e-16,0,0.0,0,0.0,0,0.0,0,0.0,0,0.0,0,success
Higgs_to_ALP_Z_sampledfs_Scan_1_Run_1.pkl.gz,/raid/anubis/sensitivityStudyData/ALPs/fermionCoupled/Higgs_to_ALP_Z_FINAL_Default_Lifetime/Generated_Events_1/Higgs_to_ALP_Z_sampledfs_Scan_1_Run_1.pkl.gz,1,1,0.0562,1.0,1,2000,38494.23000000001,2000,38494.23000000001,1999,38474.982885000005,3,57.741345,0,0.0,0,0.0,0,0.0,0,0.0,0,0.0,0,0.0,0,0.0,0,success
Higgs_to_ALP_Z_sampledfs_Scan_1_Run_2.pkl.gz,/raid/anubis/sensitivityStudyData/ALPs/fermionCoupled/Higgs_to_ALP_Z_FINAL_Default_Lifetime/Generated_Events_1/Higgs_to_ALP_Z_sampledfs_Scan_1_Run_2.pkl.gz,1,2,0.0562,0.316,1,2000,3843.5241999999994,2000,3843.5241999999994,1691,3249.6997110999996,94,180.64563739999997,16,30.7481936,13,24.982907299999994,9,17.2958589,7,13.452334700000002,7,13.452334700000002,7,13.452334700000002,7,13.452334700000002,7,success
Higgs_to_ALP_Z_sampledfs_Scan_1_Run_3.pkl.gz,/raid/anubis/sensitivityStudyData/ALPs/fermionCoupled/Higgs_to_ALP_Z_FINAL_Default_Lifetime/Generated_Events_1/Higgs_to_ALP_Z_sampledfs_Scan_1_Run_3.pkl.gz,1,3,0.0562,0.1,1,2000,384.7036600000001,2000,384.7036600000001,521,100.21530343000003,114,21.928108620000007,24,4.616443920000001,18,3.462332940000001,2,0.38470366000000006,2,0.38470366000000006,2,0.38470366000000006,2,0.38470366000000006,2,0.38470366000000006,2,success
Higgs_to_ALP_Z_sampledfs_Scan_1_Run_4.pkl.gz,/raid/anubis/sensitivityStudyData/ALPs/fermionCoupled/Higgs_to_ALP_Z_FINAL_Default_Lifetime/Generated_Events_1/Higgs_to_ALP_Z_sampledfs_Scan_1_Run_4.pkl.gz,1,4,0.0562,0.0316,1,2000,38.514694000000006,2000,38.514694000000006,89,1.7139038830000004,19,0.365889593,11,0.21183081700000006,9,0.17331612300000004,0,0.0,0,0.0,0,0.0,0,0.0,0,0.0,0,success
Higgs_to_ALP_Z_sampledfs_Scan_1_Run_5.pkl.gz,/raid/anubis/sensitivityStudyData/ALPs/fermionCoupled/Higgs_to_ALP_Z_FINAL_Default_Lifetime/Generated_Events_1/Higgs_to_ALP_Z_sampledfs_Scan_1_Run_5.pkl.gz,1,5,0.0562,0.01,1,2000,3.850512,2000,3.850512,6,0.011551536,0,0.0,0,0.0,0,0.0,0,0.0,0,0.0,0,0.0,0,0.0,0,0.0,0,success
Higgs_to_ALP_Z_sampledfs_Scan_1_Run_6.pkl.gz,/raid/anubis/sensitivityStudyData/ALPs/fermionCoupled/Higgs_to_ALP_Z_FINAL_Default_Lifetime/Generated_Events_1/Higgs_to_ALP_Z_sampledfs_Scan_1_Run_6.pkl.gz,1,6,0.0562,0.00316,1,2000,0.38398042,2000,0.38398042,2,0.00038398042,0,0.0,0,0.0,0,0.0,0,0.0,0,0.0,0,0.0,0,0.0,0,0.0,0,success
Higgs_to_ALP_Z_sampledfs_Scan_2_Run_1.pkl.gz,/raid/anubis/sensitivityStudyData/ALPs/fermionCoupled/Higgs_to_ALP_Z_FINAL_Default_Lifetime/Generated_Events_1/Higgs_to_ALP_Z_sampledfs_Scan_2_Run_1.pkl.gz,2,1,0.1,1.0,1,2000,38553.22,2000,38553.22,2000,38553.22,0,0.0,0,0.0,0,0.0,0,0.0,0,0.0,0,0.0,0,0.0,0,0.0,0,success
Higgs_to_ALP_Z_sampledfs_Scan_2_Run_2.pkl.gz,/raid/anubis/sensitivityStudyData/ALPs/fermionCoupled/Higgs_to_ALP_Z_FINAL_Default_Lifetime/Generated_Events_1/Higgs_to_ALP_Z_sampledfs_Scan_2_Run_2.pkl.gz,2,2,0.1,0.316,1,2000,3834.912000000001,2000,3834.912000000001,1944,3727.534464000001,29,55.60622400000001,0,0.0,0,0.0,0,0.0,0,0.0,0,0.0,0,0.0,0,0.0,0,success
Higgs_to_ALP_Z_sampledfs_Scan_2_Run_3.pkl.gz,/raid/anubis/sensitivityStudyData/ALPs/fermionCoupled/Higgs_to_ALP_Z_FINAL_Default_Lifetime/Generated_Events_1/Higgs_to_ALP_Z_sampledfs_Scan_2_Run_3.pkl.gz,2,3,0.1,0.1,1,2000,384.92510000000016,2000,384.92510000000016,1091,209.97664205,171,32.91109605,26,5.0040263000000005,21,4.041713550000001,8,1.5397004,7,1.34723785,7,1.34723785,7,1.34723785,7,1.34723785,7,success
Higgs_to_ALP_Z_sampledfs_Scan_2_Run_4.pkl.gz,/raid/anubis/sensitivityStudyData/ALPs/fermionCoupled/Higgs_to_ALP_Z_FINAL_Default_Lifetime/Generated_Events_1/Higgs_to_ALP_Z_sampledfs_Scan_2_Run_4.pkl.gz,2,4,0.1,0.0316,1,2000,38.48646599999998,2000,38.48646599999998,188,3.6177278040000003,47,0.9044319509999997,15,0.2886484949999999,14,0.2694052619999999,6,0.11545939799999999,6,0.11545939799999999,6,0.11545939799999999,6,0.11545939799999999,6,0.11545939799999999,6,success
Higgs_to_ALP_Z_sampledfs_Scan_2_Run_5.pkl.gz,/raid/anubis/sensitivityStudyData/ALPs/fermionCoupled/Higgs_to_ALP_Z_FINAL_Default_Lifetime/Generated_Events_1/Higgs_to_ALP_Z_sampledfs_Scan_2_Run_5.pkl.gz,2,5,0.1,0.01,1,2000,3.8606438000000005,2000,3.8606438000000005,24,0.0463277256,10,0.019303219,2,0.0038606438000000002,2,0.0038606438000000002,0,0.0,0,0.0,0,0.0,0,0.0,0,0.0,0,success
Higgs_to_ALP_Z_sampledfs_Scan_2_Run_6.pkl.gz,/raid/anubis/sensitivityStudyData/ALPs/fermionCoupled/Higgs_to_ALP_Z_FINAL_Default_Lifetime/Generated_Events_1/Higgs_to_ALP_Z_sampledfs_Scan_2_Run_6.pkl.gz,2,6,0.1,0.00316,1,2000,0.38491168,2000,0.38491168,2,0.00038491168000000004,0,0.0,0,0.0,0,0.0,0,0.0,0,0.0,0,0.0,0,0.0,0,0.0,0,success
Higgs_to_ALP_Z_sampledfs_Scan_2_Run_7.pkl.gz,/raid/anubis/sensitivityStudyData/ALPs/fermionCoupled/Higgs_to_ALP_Z_FINAL_Default_Lifetime/Generated_Events_1/Higgs_to_ALP_Z_sampledfs_Scan_2_Run_7.pkl.gz,2,7,0.1,0.001,1,2000,0.03848388600000001,2000,0.03848388600000001,1,1.9241943000000004e-05,0,0.0,0,0.0,0,0.0,0,0.0,0,0.0,0,0.0,0,0.0,0,0.0,0,success
Higgs_to_ALP_Z_sampledfs_Scan_2_Run_8.pkl.gz,/raid/anubis/sensitivityStudyData/ALPs/fermionCoupled/Higgs_to_ALP_Z_FINAL_Default_Lifetime/Generated_Events_1/Higgs_to_ALP_Z_sampledfs_Scan_2_Run_8.pkl.gz,2,8,0.1,0.000316,1,2000,0.0038426033999999993,2000,0.0038426033999999993,0,0.0,0,0.0,0,0.0,0,0.0,0,0.0,0,0.0,0,0.0,0,0.0,0,0.0,0,success
Higgs_to_ALP_Z_sampledfs_Scan_3_Run_1.pkl.gz,/raid/anubis/sensitivityStudyData/ALPs/fermionCoupled/Higgs_to_ALP_Z_FINAL_Default_Lifetime/Generated_Events_1/Higgs_to_ALP_Z_sampledfs_Scan_3_Run_1.pkl.gz,3,1,0.178,1.0,1,2000,38425.893999999986,2000,38425.893999999986,2000,38425.893999999986,0,0.0,0,0.0,0,0.0,0,0.0,0,0.0,0,0.0,0,0.0,0,0.0,0,success
Higgs_to_ALP_Z_sampledfs_Scan_3_Run_2.pkl.gz,/raid/anubis/sensitivityStudyData/ALPs/fermionCoupled/Higgs_to_ALP_Z_FINAL_Default_Lifetime/Generated_Events_1/Higgs_to_ALP_Z_sampledfs_Scan_3_Run_2.pkl.gz,3,2,0.178,0.316,1,2000,3852.5878000000007,2000,3852.5878000000007,1998,3848.7352122000007,1,1.9262939,0,0.0,0,0.0,0,0.0,0,0.0,0,0.0,0,0.0,0,0.0,0,success
Higgs_to_ALP_Z_sampledfs_Scan_3_Run_3.pkl.gz,/raid/anubis/sensitivityStudyData/ALPs/fermionCoupled/Higgs_to_ALP_Z_FINAL_Default_Lifetime/Generated_Events_1/Higgs_to_ALP_Z_sampledfs_Scan_3_Run_3.pkl.gz,3,3,0.178,0.1,1,2000,384.83746,2000,384.83746,1663,319.99234799,88,16.932848240000002,5,0.96209365,4,0.76967492,4,0.76967492,4,0.76967492,4,0.76967492,4,0.76967492,4,0.76967492,4,success
Higgs_to_ALP_Z_sampledfs_Scan_3_Run_4.pkl.gz,/raid/anubis/sensitivityStudyData/ALPs/fermionCoupled/Higgs_to_ALP_Z_FINAL_Default_Lifetime/Generated_Events_1/Higgs_to_ALP_Z_sampledfs_Scan_3_Run_4.pkl.gz,3,4,0.178,0.0316,1,2000,38.490703999999994,2000,38.490703999999994,511,9.834374871999998,119,2.2901968879999997,34,0.654341968,28,0.538869856,9,0.173208168,8,0.153962816,8,0.153962816,8,0.153962816,8,0.153962816,8,success
Higgs_to_ALP_Z_sampledfs_Scan_3_Run_5.pkl.gz,/raid/anubis/sensitivityStudyData/ALPs/fermionCoupled/Higgs_to_ALP_Z_FINAL_Default_Lifetime/Generated_Events_1/Higgs_to_ALP_Z_sampledfs_Scan_3_Run_5.pkl.gz,3,5,0.178,0.01,1,2000,3.8537667999999994,2000,3.8537667999999994,61,0.1175398874,16,0.030830134400000004,5,0.009634417000000001,4,0.007707533600000001,1,0.0019268834000000002,1,0.0019268834000000002,1,0.0019268834000000002,1,0.0019268834000000002,1,0.0019268834000000002,1,success
Higgs_to_ALP_Z_sampledfs_Scan_3_Run_6.pkl.gz,/raid/anubis/sensitivityStudyData/ALPs/fermionCoupled/Higgs_to_ALP_Z_FINAL_Default_Lifetime/Generated_Events_1/Higgs_to_ALP_Z_sampledfs_Scan_3_Run_6.pkl.gz,3,6,0.178,0.00316,1,2000,0.3849538600000001,2000,0.3849538600000001,10,0.0019247692999999999,3,0.00057743079,1,0.00019247693,1,0.00019247693,1,0.00019247693,1,0.00019247693,1,0.00019247693,1,0.00019247693,1,0.00019247693,1,success
Higgs_to_ALP_Z_sampledfs_Scan_3_Run_7.pkl.gz,/raid/anubis/sensitivityStudyData/ALPs/fermionCoupled/Higgs_to_ALP_Z_FINAL_Default_Lifetime/Generated_Events_1/Higgs_to_ALP_Z_sampledfs_Scan_3_Run_7.pkl.gz,3,7,0.178,0.001,1,2000,0.03851769000000001,2000,0.03851769000000001,2,3.8517690000000005e-05,0,0.0,0,0.0,0,0.0,0,0.0,0,0.0,0,0.0,0,0.0,0,0.0,0,success
Higgs_to_ALP_Z_sampledfs_Scan_3_Run_8.pkl.gz,/raid/anubis/sensitivityStudyData/ALPs/fermionCoupled/Higgs_to_ALP_Z_FINAL_Default_Lifetime/Generated_Events_1/Higgs_to_ALP_Z_sampledfs_Scan_3_Run_8.pkl.gz,3,8,0.178,0.000316,1,2000,0.0038401171999999997,2000,0.0038401171999999997,0,0.0,0,0.0,0,0.0,0,0.0,0,0.0,0,0.0,0,0.0,0,0.0,0,0.0,0,success
Higgs_to_ALP_Z_sampledfs_Scan_3_Run_9.pkl.gz,/raid/anubis/sensitivityStudyData/ALPs/fermionCoupled/Higgs_to_ALP_Z_FINAL_Default_Lifetime/Generated_Events_1/Higgs_to_ALP_Z_sampledfs_Scan_3_Run_9.pkl.gz,3,9,0.178,0.0001,1,2000,0.00038490769999999995,2000,0.00038490769999999995,0,0.0,0,0.0,0,0.0,0,0.0,0,0.0,0,0.0,0,0.0,0,0.0,0,0.0,0,success
Higgs_to_ALP_Z_sampledfs_Scan_4_Run_1.pkl.gz,/raid/anubis/sensitivityStudyData/ALPs/fermionCoupled/Higgs_to_ALP_Z_FINAL_Default_Lifetime/Generated_Events_1/Higgs_to_ALP_Z_sampledfs_Scan_4_Run_1.pkl.gz,4,1,0.316,0.316,1,2000,3840.067400000002,2000,3840.067400000002,2000,3840.067400000002,0,0.0,0,0.0,0,0.0,0,0.0,0,0.0,0,0.0,0,0.0,0,0.0,0,success
Higgs_to_ALP_Z_sampledfs_Scan_4_Run_2.pkl.gz,/raid/anubis/sensitivityStudyData/ALPs/fermionCoupled/Higgs_to_ALP_Z_FINAL_Default_Lifetime/Generated_Events_1/Higgs_to_ALP_Z_sampledfs_Scan_4_Run_2.pkl.gz,4,2,0.316,0.1,1,2000,384.8673,2000,384.8673,2000,384.8673,0,0.0,0,0.0,0,0.0,0,0.0,0,0.0,0,0.0,0,0.0,0,0.0,0,success
Higgs_to_ALP_Z_sampledfs_Scan_4_Run_3.pkl.gz,/raid/anubis/sensitivityStudyData/ALPs/fermionCoupled/Higgs_to_ALP_Z_FINAL_Default_Lifetime/Generated_Events_1/Higgs_to_ALP_Z_sampledfs_Scan_4_Run_3.pkl.gz,4,3,0.316,0.0316,1,2000,38.379118000000005,2000,38.379118000000005,2000,38.379118000000005,0,0.0,0,0.0,0,0.0,0,0.0,0,0.0,0,0.0,0,0.0,0,0.0,0,success
Higgs_to_ALP_Z_sampledfs_Scan_4_Run_4.pkl.gz,/raid/anubis/sensitivityStudyData/ALPs/fermionCoupled/Higgs_to_ALP_Z_FINAL_Default_Lifetime/Generated_Events_1/Higgs_to_ALP_Z_sampledfs_Scan_4_Run_4.pkl.gz,4,4,0.316,0.01,1,2000,3.860059200000001,2000,3.860059200000001,1997,3.854269111200001,4,0.007720118400000001,0,0.0,0,0.0,0,0.0,0,0.0,0,0.0,0,0.0,0,0.0,0,success
Higgs_to_ALP_Z_sampledfs_Scan_4_Run_5.pkl.gz,/raid/anubis/sensitivityStudyData/ALPs/fermionCoupled/Higgs_to_ALP_Z_FINAL_Default_Lifetime/Generated_Events_1/Higgs_to_ALP_Z_sampledfs_Scan_4_Run_5.pkl.gz,4,5,0.316,0.00316,1,2000,0.38553881999999995,2000,0.38553881999999995,1719,0.33137061579000004,81,0.015614322210000003,13,0.0025060023299999998,11,0.00212046351,6,0.0011566164600000002,5,0.0009638470500000001,6,0.0011566164600000002,5,0.0009638470500000001,5,0.0009638470500000001,5,success
Higgs_to_ALP_Z_sampledfs_Scan_4_Run_6.pkl.gz,/raid/anubis/sensitivityStudyData/ALPs/fermionCoupled/Higgs_to_ALP_Z_FINAL_Default_Lifetime/Generated_Events_1/Higgs_to_ALP_Z_sampledfs_Scan_4_Run_6.pkl.gz,4,6,0.316,0.001,1,2000,0.038631496,2000,0.038631496,551,0.010642977148000003,128,0.002472415744,37,0.0007146826760000003,33,0.0006374196840000002,14,0.000270420472,12,0.000231788976,13,0.000251104724,12,0.000231788976,12,0.000231788976,12,success
Higgs_to_ALP_Z_sampledfs_Scan_4_Run_7.pkl.gz,/raid/anubis/sensitivityStudyData/ALPs/fermionCoupled/Higgs_to_ALP_Z_FINAL_Default_Lifetime/Generated_Events_1/Higgs_to_ALP_Z_sampledfs_Scan_4_Run_7.pkl.gz,4,7,0.316,0.000316,1,2000,0.0038361704,2000,0.0038361704,76,0.0001457744752,21,4.02797892e-05,5,9.590426e-06,4,7.6723408e-06,3,5.7542556e-06,3,5.7542556e-06,3,5.7542556e-06,3,5.7542556e-06,3,5.7542556e-06,3,success
Higgs_to_ALP_Z_sampledfs_Scan_4_Run_8.pkl.gz,/raid/anubis/sensitivityStudyData/ALPs/fermionCoupled/Higgs_to_ALP_Z_FINAL_Default_Lifetime/Generated_Events_1/Higgs_to_ALP_Z_sampledfs_Scan_4_Run_8.pkl.gz,4,8,0.316,0.0001,1,2000,0.00038524075999999985,2000,0.00038524075999999985,5,9.631018999999998e-07,3,5.7786114e-07,2,3.8524076e-07,1,1.9262038e-07,1,1.9262038e-07,1,1.9262038e-07,1,1.9262038e-07,1,1.9262038e-07,1,1.9262038e-07,1,success
Higgs_to_ALP_Z_sampledfs_Scan_4_Run_9.pkl.gz,/raid/anubis/sensitivityStudyData/ALPs/fermionCoupled/Higgs_to_ALP_Z_FINAL_Default_Lifetime/Generated_Events_1/Higgs_to_ALP_Z_sampledfs_Scan_4_Run_9.pkl.gz,4,9,0.316,3.16e-05,1,2000,3.8480346000000004e-05,2000,3.8480346000000004e-05,2,3.8480346e-08,0,0.0,0,0.0,0,0.0,0,0.0,0,0.0,0,0.0,0,0.0,0,0.0,0,success
Higgs_to_ALP_Z_sampledfs_Scan_5_Run_1.pkl.gz,/raid/anubis/sensitivityStudyData/ALPs/fermionCoupled/Higgs_to_ALP_Z_FINAL_Default_Lifetime/Generated_Events_1/Higgs_to_ALP_Z_sampledfs_Scan_5_Run_1.pkl.gz,5,1,0.562,0.1,1,2000,383.93386,2000,383.93386,2000,383.93386,0,0.0,0,0.0,0,0.0,0,0.0,0,0.0,0,0.0,0,0.0,0,0.0,0,success
Higgs_to_ALP_Z_sampledfs_Scan_5_Run_2.pkl.gz,/raid/anubis/sensitivityStudyData/ALPs/fermionCoupled/Higgs_to_ALP_Z_FINAL_Default_Lifetime/Generated_Events_1/Higgs_to_ALP_Z_sampledfs_Scan_5_Run_2.pkl.gz,5,2,0.562,0.0316,1,2000,38.357698,2000,38.357698,2000,38.357698,0,0.0,0,0.0,0,0.0,0,0.0,0,0.0,0,0.0,0,0.0,0,0.0,0,success
Higgs_to_ALP_Z_sampledfs_Scan_5_Run_3.pkl.gz,/raid/anubis/sensitivityStudyData/ALPs/fermionCoupled/Higgs_to_ALP_Z_FINAL_Default_Lifetime/Generated_Events_1/Higgs_to_ALP_Z_sampledfs_Scan_5_Run_3.pkl.gz,5,3,0.562,0.01,1,2000,3.8513423999999996,2000,3.8513423999999996,2000,3.8513423999999996,0,0.0,0,0.0,0,0.0,0,0.0,0,0.0,0,0.0,0,0.0,0,0.0,0,success
Higgs_to_ALP_Z_sampledfs_Scan_5_Run_4.pkl.gz,/raid/anubis/sensitivityStudyData/ALPs/fermionCoupled/Higgs_to_ALP_Z_FINAL_Default_Lifetime/Generated_Events_1/Higgs_to_ALP_Z_sampledfs_Scan_5_Run_4.pkl.gz,5,4,0.562,0.00316,1,2000,0.3849304800000001,2000,0.3849304800000001,1949,0.37511475276000006,16,0.00307944384,2,0.00038493048,1,0.00019246524,1,0.00019246524,1,0.00019246524,1,0.00019246524,1,0.00019246524,1,0.00019246524,1,success
Higgs_to_ALP_Z_sampledfs_Scan_5_Run_5.pkl.gz,/raid/anubis/sensitivityStudyData/ALPs/fermionCoupled/Higgs_to_ALP_Z_FINAL_Default_Lifetime/Generated_Events_1/Higgs_to_ALP_Z_sampledfs_Scan_5_Run_5.pkl.gz,5,5,0.562,0.001,1,2000,0.038473098,2000,0.038473098,1263,0.024295761387,152,0.0029239554480000006,29,0.0005578599210000001,24,0.00046167717599999997,10,0.00019236549,7,0.000134655843,8,0.000153892392,7,0.000134655843,7,0.000134655843,7,success
Higgs_to_ALP_Z_sampledfs_Scan_5_Run_6.pkl.gz,/raid/anubis/sensitivityStudyData/ALPs/fermionCoupled/Higgs_to_ALP_Z_FINAL_Default_Lifetime/Generated_Events_1/Higgs_to_ALP_Z_sampledfs_Scan_5_Run_6.pkl.gz,5,6,0.562,0.000316,1,2000,0.003840622,2000,0.003840622,274,0.0005261652140000001,71,0.00013634208100000013,18,3.456559800000001e-05,18,3.456559800000001e-05,11,2.1123421000000003e-05,8,1.5362488000000005e-05,8,1.5362488000000005e-05,8,1.5362488000000005e-05,8,1.5362488000000005e-05,8,success
Higgs_to_ALP_Z_sampledfs_Scan_5_Run_7.pkl.gz,/raid/anubis/sensitivityStudyData/ALPs/fermionCoupled/Higgs_to_ALP_Z_FINAL_Default_Lifetime/Generated_Events_1/Higgs_to_ALP_Z_sampledfs_Scan_5_Run_7.pkl.gz,5,7,0.562,0.0001,1,2000,0.0003853448,2000,0.0003853448,35,6.743533999999999e-06,8,1.5413792e-06,1,1.926724e-07,1,1.926724e-07,0,0.0,0,0.0,0,0.0,0,0.0,0,0.0,0,success
Higgs_to_ALP_Z_sampledfs_Scan_5_Run_8.pkl.gz,/raid/anubis/sensitivityStudyData/ALPs/fermionCoupled/Higgs_to_ALP_Z_FINAL_Default_Lifetime/Generated_Events_1/Higgs_to_ALP_Z_sampledfs_Scan_5_Run_8.pkl.gz,5,8,0.562,3.16e-05,1,2000,3.831872599999998e-05,2000,3.831872599999998e-05,2,3.8318726e-08,0,0.0,0,0.0,0,0.0,0,0.0,0,0.0,0,0.0,0,0.0,0,0.0,0,success
Higgs_to_ALP_Z_sampledfs_Scan_5_Run_9.pkl.gz,/raid/anubis/sensitivityStudyData/ALPs/fermionCoupled/Higgs_to_ALP_Z_FINAL_Default_Lifetime/Generated_Events_1/Higgs_to_ALP_Z_sampledfs_Scan_5_Run_9.pkl.gz,5,9,0.562,1e-05,1,2000,3.851848399999999e-06,2000,3.851848399999999e-06,1,1.9259242e-09,0,0.0,0,0.0,0,0.0,0,0.0,0,0.0,0,0.0,0,0.0,0,0.0,0,success
Higgs_to_ALP_Z_sampledfs_Scan_6_Run_1.pkl.gz,/raid/anubis/sensitivityStudyData/ALPs/fermionCoupled/Higgs_to_ALP_Z_FINAL_Default_Lifetime/Generated_Events_1/Higgs_to_ALP_Z_sampledfs_Scan_6_Run_1.pkl.gz,6,1,1.0,0.01,1,2000,3.848105599999999,2000,3.848105599999999,2000,3.848105599999999,0,0.0,0,0.0,0,0.0,0,0.0,0,0.0,0,0.0,0,0.0,0,0.0,0,success
Higgs_to_ALP_Z_sampledfs_Scan_6_Run_2.pkl.gz,/raid/anubis/sensitivityStudyData/ALPs/fermionCoupled/Higgs_to_ALP_Z_FINAL_Default_Lifetime/Generated_Events_1/Higgs_to_ALP_Z_sampledfs_Scan_6_Run_2.pkl.gz,6,2,1.0,0.00316,1,2000,0.38343896000000005,2000,0.38343896000000005,1998,0.38305552104,1,0.00019171948,0,0.0,0,0.0,0,0.0,0,0.0,0,0.0,0,0.0,0,0.0,0,success
Higgs_to_ALP_Z_sampledfs_Scan_6_Run_3.pkl.gz,/raid/anubis/sensitivityStudyData/ALPs/fermionCoupled/Higgs_to_ALP_Z_FINAL_Default_Lifetime/Generated_Events_1/Higgs_to_ALP_Z_sampledfs_Scan_6_Run_3.pkl.gz,6,3,1.0,0.001,1,2000,0.038410136,2000,0.038410136,1780,0.03418502104,66,0.0012675344879999998,10,0.00019205068,7,0.000134435476,5,9.602534e-05,5,9.602534e-05,5,9.602534e-05,5,9.602534e-05,5,9.602534e-05,5,success
Higgs_to_ALP_Z_sampledfs_Scan_6_Run_4.pkl.gz,/raid/anubis/sensitivityStudyData/ALPs/fermionCoupled/Higgs_to_ALP_Z_FINAL_Default_Lifetime/Generated_Events_1/Higgs_to_ALP_Z_sampledfs_Scan_6_Run_4.pkl.gz,6,4,1.0,0.000316,1,2000,0.0038331067999999987,2000,0.0038331067999999987,663,0.0012706749041999997,126,0.00024148572839999995,33,6.32462622e-05,25,4.7913835e-05,9,1.72489806e-05,9,1.72489806e-05,9,1.72489806e-05,9,1.72489806e-05,9,1.72489806e-05,9,success
Higgs_to_ALP_Z_sampledfs_Scan_6_Run_5.pkl.gz,/raid/anubis/sensitivityStudyData/ALPs/fermionCoupled/Higgs_to_ALP_Z_FINAL_Default_Lifetime/Generated_Events_1/Higgs_to_ALP_Z_sampledfs_Scan_6_Run_5.pkl.gz,6,5,1.0,0.0001,1,2000,0.00038515246,2000,0.00038515246,76,1.4635793479999997e-05,15,2.88864345e-06,3,5.7772869e-07,3,5.7772869e-07,2,3.8515246e-07,1,1.9257623e-07,1,1.9257623e-07,1,1.9257623e-07,1,1.9257623e-07,1,success
Higgs_to_ALP_Z_sampledfs_Scan_6_Run_6.pkl.gz,/raid/anubis/sensitivityStudyData/ALPs/fermionCoupled/Higgs_to_ALP_Z_FINAL_Default_Lifetime/Generated_Events_1/Higgs_to_ALP_Z_sampledfs_Scan_6_Run_6.pkl.gz,6,6,1.0,3.16e-05,1,2000,3.836284200000001e-05,2000,3.836284200000001e-05,9,1.7263278900000004e-07,0,0.0,0,0.0,0,0.0,0,0.0,0,0.0,0,0.0,0,0.0,0,0.0,0,success
Higgs_to_ALP_Z_sampledfs_Scan_6_Run_7.pkl.gz,/raid/anubis/sensitivityStudyData/ALPs/fermionCoupled/Higgs_to_ALP_Z_FINAL_Default_Lifetime/Generated_Events_1/Higgs_to_ALP_Z_sampledfs_Scan_6_Run_7.pkl.gz,6,7,1.0,1e-05,1,2000,3.8334054e-06,2000,3.8334054e-06,3,5.7501081e-09,1,1.9167027e-09,0,0.0,0,0.0,0,0.0,0,0.0,0,0.0,0,0.0,0,0.0,0,success
Higgs_to_ALP_Z_sampledfs_Scan_6_Run_8.pkl.gz,/raid/anubis/sensitivityStudyData/ALPs/fermionCoupled/Higgs_to_ALP_Z_FINAL_Default_Lifetime/Generated_Events_1/Higgs_to_ALP_Z_sampledfs_Scan_6_Run_8.pkl.gz,6,8,1.0,3.16e-06,1,2000,3.8424922e-07,2000,3.8424922e-07,0,0.0,0,0.0,0,0.0,0,0.0,0,0.0,0,0.0,0,0.0,0,0.0,0,0.0,0,success
Higgs_to_ALP_Z_sampledfs_Scan_7_Run_1.pkl.gz,/raid/anubis/sensitivityStudyData/ALPs/fermionCoupled/Higgs_to_ALP_Z_FINAL_Default_Lifetime/Generated_Events_1/Higgs_to_ALP_Z_sampledfs_Scan_7_Run_1.pkl.gz,7,1,1.78,0.00316,1,2000,0.38382884000000017,2000,0.38382884000000017,2000,0.38382884000000017,0,0.0,0,0.0,0,0.0,0,0.0,0,0.0,0,0.0,0,0.0,0,0.0,0,success
Higgs_to_ALP_Z_sampledfs_Scan_7_Run_2.pkl.gz,/raid/anubis/sensitivityStudyData/ALPs/fermionCoupled/Higgs_to_ALP_Z_FINAL_Default_Lifetime/Generated_Events_1/Higgs_to_ALP_Z_sampledfs_Scan_7_Run_2.pkl.gz,7,2,1.78,0.001,1,2000,0.038282925999999995,2000,0.038282925999999995,1965,0.03761297479499999,20,0.00038282926000000005,0,0.0,0,0.0,0,0.0,0,0.0,0,0.0,0,0.0,0,0.0,0,success
Higgs_to_ALP_Z_sampledfs_Scan_7_Run_3.pkl.gz,/raid/anubis/sensitivityStudyData/ALPs/fermionCoupled/Higgs_to_ALP_Z_FINAL_Default_Lifetime/Generated_Events_1/Higgs_to_ALP_Z_sampledfs_Scan_7_Run_3.pkl.gz,7,3,1.78,0.000316,1,2000,0.003832057800000001,2000,0.003832057800000001,1314,0.002517661974600001,146,0.00027974021940000007,33,6.32289537e-05,27,5.173278030000001e-05,17,3.2572491300000004e-05,13,2.4908375700000007e-05,13,2.4908375700000007e-05,13,2.4908375700000007e-05,13,2.4908375700000007e-05,13,success
Higgs_to_ALP_Z_sampledfs_Scan_7_Run_4.pkl.gz,/raid/anubis/sensitivityStudyData/ALPs/fermionCoupled/Higgs_to_ALP_Z_FINAL_Default_Lifetime/Generated_Events_1/Higgs_to_ALP_Z_sampledfs_Scan_7_Run_4.pkl.gz,7,4,1.78,0.0001,1,2000,0.00038322529999999994,2000,0.00038322529999999994,254,4.866961309999999e-05,62,1.1879984299999999e-05,16,3.0658024e-06,13,2.49096445e-06,4,7.664506e-07,3,5.7483795e-07,3,5.7483795e-07,3,5.7483795e-07,3,5.7483795e-07,3,success
Higgs_to_ALP_Z_sampledfs_Scan_7_Run_5.pkl.gz,/raid/anubis/sensitivityStudyData/ALPs/fermionCoupled/Higgs_to_ALP_Z_FINAL_Default_Lifetime/Generated_Events_1/Higgs_to_ALP_Z_sampledfs_Scan_7_Run_5.pkl.gz,7,5,1.78,3.16e-05,1,2000,3.838331e-05,2000,3.838331e-05,25,4.79791375e-07,7,1.34341585e-07,1,1.9191655e-08,0,0.0,0,0.0,0,0.0,0,0.0,0,0.0,0,0.0,0,success
Higgs_to_ALP_Z_sampledfs_Scan_7_Run_6.pkl.gz,/raid/anubis/sensitivityStudyData/ALPs/fermionCoupled/Higgs_to_ALP_Z_FINAL_Default_Lifetime/Generated_Events_1/Higgs_to_ALP_Z_sampledfs_Scan_7_Run_6.pkl.gz,7,6,1.78,1e-05,1,2000,3.8422176e-06,2000,3.8422176e-06,3,5.7633264e-09,1,1.9211088e-09,1,1.9211088e-09,1,1.9211088e-09,1,1.9211088e-09,1,1.9211088e-09,1,1.9211088e-09,1,1.9211088e-09,1,1.9211088e-09,1,success
Higgs_to_ALP_Z_sampledfs_Scan_7_Run_7.pkl.gz,/raid/anubis/sensitivityStudyData/ALPs/fermionCoupled/Higgs_to_ALP_Z_FINAL_Default_Lifetime/Generated_Events_1/Higgs_to_ALP_Z_sampledfs_Scan_7_Run_7.pkl.gz,7,7,1.78,3.16e-06,1,2000,3.832979800000002e-07,2000,3.832979800000002e-07,0,0.0,0,0.0,0,0.0,0,0.0,0,0.0,0,0.0,0,0.0,0,0.0,0,0.0,0,success
Higgs_to_ALP_Z_sampledfs_Scan_7_Run_8.pkl.gz,/raid/anubis/sensitivityStudyData/ALPs/fermionCoupled/Higgs_to_ALP_Z_FINAL_Default_Lifetime/Generated_Events_1/Higgs_to_ALP_Z_sampledfs_Scan_7_Run_8.pkl.gz,7,8,1.78,1e-06,1,2000,3.8298606000000004e-08,2000,3.8298606000000004e-08,0,0.0,0,0.0,0,0.0,0,0.0,0,0.0,0,0.0,0,0.0,0,0.0,0,0.0,0,success
Higgs_to_ALP_Z_sampledfs_Scan_8_Run_1.pkl.gz,/raid/anubis/sensitivityStudyData/ALPs/fermionCoupled/Higgs_to_ALP_Z_FINAL_Default_Lifetime/Generated_Events_1/Higgs_to_ALP_Z_sampledfs_Scan_8_Run_1.pkl.gz,8,1,3.16,0.001,1,2000,0.037955970000000006,2000,0.037955970000000006,2000,0.037955970000000006,0,0.0,0,0.0,0,0.0,0,0.0,0,0.0,0,0.0,0,0.0,0,0.0,0,success
Higgs_to_ALP_Z_sampledfs_Scan_8_Run_2.pkl.gz,/raid/anubis/sensitivityStudyData/ALPs/fermionCoupled/Higgs_to_ALP_Z_FINAL_Default_Lifetime/Generated_Events_1/Higgs_to_ALP_Z_sampledfs_Scan_8_Run_2.pkl.gz,8,2,3.16,0.000316,1,2000,0.0037957510000000004,2000,0.0037957510000000004,2000,0.0037957510000000004,0,0.0,0,0.0,0,0.0,0,0.0,0,0.0,0,0.0,0,0.0,0,0.0,0,success
Higgs_to_ALP_Z_sampledfs_Scan_8_Run_3.pkl.gz,/raid/anubis/sensitivityStudyData/ALPs/fermionCoupled/Higgs_to_ALP_Z_FINAL_Default_Lifetime/Generated_Events_1/Higgs_to_ALP_Z_sampledfs_Scan_8_Run_3.pkl.gz,8,3,3.16,0.0001,1,2000,0.00038051439999999996,2000,0.00038051439999999996,1995,0.00037956311399999995,1,1.902572e-07,0,0.0,0,0.0,0,0.0,0,0.0,0,0.0,0,0.0,0,0.0,0,success
Higgs_to_ALP_Z_sampledfs_Scan_8_Run_4.pkl.gz,/raid/anubis/sensitivityStudyData/ALPs/fermionCoupled/Higgs_to_ALP_Z_FINAL_Default_Lifetime/Generated_Events_1/Higgs_to_ALP_Z_sampledfs_Scan_8_Run_4.pkl.gz,8,4,3.16,3.16e-05,1,2000,3.7997920000000006e-05,2000,3.7997920000000006e-05,1653,3.140528088000002e-05,84,1.5959126400000006e-06,15,2.8498440000000003e-07,12,2.2798752000000008e-07,8,1.5199168000000003e-07,7,1.3299272000000005e-07,6,1.1399376000000004e-07,6,1.1399376000000004e-07,6,1.1399376000000004e-07,6,success
Higgs_to_ALP_Z_sampledfs_Scan_8_Run_5.pkl.gz,/raid/anubis/sensitivityStudyData/ALPs/fermionCoupled/Higgs_to_ALP_Z_FINAL_Default_Lifetime/Generated_Events_1/Higgs_to_ALP_Z_sampledfs_Scan_8_Run_5.pkl.gz,8,5,3.16,1e-05,1,2000,3.809533e-06,2000,3.809533e-06,508,9.67621382e-07,109,2.0761954849999993e-07,27,5.142869550000002e-08,24,4.571439600000001e-08,9,1.7142898500000002e-08,9,1.7142898500000002e-08,9,1.7142898500000002e-08,9,1.7142898500000002e-08,9,1.7142898500000002e-08,9,success
Higgs_to_ALP_Z_sampledfs_Scan_8_Run_6.pkl.gz,/raid/anubis/sensitivityStudyData/ALPs/fermionCoupled/Higgs_to_ALP_Z_FINAL_Default_Lifetime/Generated_Events_1/Higgs_to_ALP_Z_sampledfs_Scan_8_Run_6.pkl.gz,8,6,3.16,3.16e-06,1,2000,3.791791000000001e-07,2000,3.791791000000001e-07,58,1.09961939e-08,18,3.412611900000001e-09,6,1.1375373000000002e-09,3,5.687686500000001e-10,1,1.8958955000000003e-10,1,1.8958955000000003e-10,1,1.8958955000000003e-10,1,1.8958955000000003e-10,1,1.8958955000000003e-10,1,success
Higgs_to_ALP_Z_sampledfs_Scan_8_Run_7.pkl.gz,/raid/anubis/sensitivityStudyData/ALPs/fermionCoupled/Higgs_to_ALP_Z_FINAL_Default_Lifetime/Generated_Events_1/Higgs_to_ALP_Z_sampledfs_Scan_8_Run_7.pkl.gz,8,7,3.16,1e-06,1,2000,3.8048818000000014e-08,2000,3.8048818000000014e-08,7,1.3317086300000003e-10,0,0.0,0,0.0,0,0.0,0,0.0,0,0.0,0,0.0,0,0.0,0,0.0,0,success
Higgs_to_ALP_Z_sampledfs_Scan_8_Run_8.pkl.gz,/raid/anubis/sensitivityStudyData/ALPs/fermionCoupled/Higgs_to_ALP_Z_FINAL_Default_Lifetime/Generated_Events_1/Higgs_to_ALP_Z_sampledfs_Scan_8_Run_8.pkl.gz,8,8,3.16,3.16e-07,1,2000,3.795406799999999e-09,2000,3.795406799999999e-09,1,1.8977034e-12,0,0.0,0,0.0,0,0.0,0,0.0,0,0.0,0,0.0,0,0.0,0,0.0,0,success
Higgs_to_ALP_Z_sampledfs_Scan_9_Run_1.pkl.gz,/raid/anubis/sensitivityStudyData/ALPs/fermionCoupled/Higgs_to_ALP_Z_FINAL_Default_Lifetime/Generated_Events_1/Higgs_to_ALP_Z_sampledfs_Scan_9_Run_1.pkl.gz,9,1,5.62,0.000316,1,2000,0.003683166600000001,2000,0.003683166600000001,2000,0.003683166600000001,0,0.0,0,0.0,0,0.0,0,0.0,0,0.0,0,0.0,0,0.0,0,0.0,0,success
Higgs_to_ALP_Z_sampledfs_Scan_9_Run_2.pkl.gz,/raid/anubis/sensitivityStudyData/ALPs/fermionCoupled/Higgs_to_ALP_Z_FINAL_Default_Lifetime/Generated_Events_1/Higgs_to_ALP_Z_sampledfs_Scan_9_Run_2.pkl.gz,9,2,5.62,0.0001,1,2000,0.00036861768,2000,0.00036861768,2000,0.00036861768,0,0.0,0,0.0,0,0.0,0,0.0,0,0.0,0,0.0,0,0.0,0,0.0,0,success
Higgs_to_ALP_Z_sampledfs_Scan_9_Run_3.pkl.gz,/raid/anubis/sensitivityStudyData/ALPs/fermionCoupled/Higgs_to_ALP_Z_FINAL_Default_Lifetime/Generated_Events_1/Higgs_to_ALP_Z_sampledfs_Scan_9_Run_3.pkl.gz,9,3,5.62,3.16e-05,1,2000,3.6858842e-05,2000,3.6858842e-05,1986,3.6600830106000006e-05,10,1.8429421000000002e-07,0,0.0,0,0.0,0,0.0,0,0.0,0,0.0,0,0.0,0,0.0,0,success
Higgs_to_ALP_Z_sampledfs_Scan_9_Run_4.pkl.gz,/raid/anubis/sensitivityStudyData/ALPs/fermionCoupled/Higgs_to_ALP_Z_FINAL_Default_Lifetime/Generated_Events_1/Higgs_to_ALP_Z_sampledfs_Scan_9_Run_4.pkl.gz,9,4,5.62,1e-05,1,2000,3.682657599999999e-06,2000,3.682657599999999e-06,1529,2.8153917351999997e-06,104,1.9149819519999997e-07,21,3.866790480000001e-08,19,3.4985247200000005e-08,12,2.2095945599999994e-08,10,1.8413287999999997e-08,10,1.8413287999999997e-08,10,1.8413287999999997e-08,10,1.8413287999999997e-08,10,success
Higgs_to_ALP_Z_sampledfs_Scan_9_Run_5.pkl.gz,/raid/anubis/sensitivityStudyData/ALPs/fermionCoupled/Higgs_to_ALP_Z_FINAL_Default_Lifetime/Generated_Events_1/Higgs_to_ALP_Z_sampledfs_Scan_9_Run_5.pkl.gz,9,5,5.62,3.16e-06,1,2000,3.672799200000002e-07,2000,3.672799200000002e-07,392,7.198686432000001e-08,95,1.744579619999999e-08,21,3.856439160000002e-09,18,3.305519280000001e-09,3,5.509198800000001e-10,2,3.6727992000000005e-10,3,5.509198800000001e-10,2,3.6727992000000005e-10,2,3.6727992000000005e-10,2,success
Higgs_to_ALP_Z_sampledfs_Scan_9_Run_6.pkl.gz,/raid/anubis/sensitivityStudyData/ALPs/fermionCoupled/Higgs_to_ALP_Z_FINAL_Default_Lifetime/Generated_Events_1/Higgs_to_ALP_Z_sampledfs_Scan_9_Run_6.pkl.gz,9,6,5.62,1e-06,1,2000,3.6866536000000006e-08,2000,3.6866536000000006e-08,48,8.847968640000002e-10,13,2.3963248400000004e-10,6,1.1059960800000003e-10,6,1.1059960800000003e-10,2,3.686653600000001e-11,2,3.686653600000001e-11,2,3.686653600000001e-11,2,3.686653600000001e-11,2,3.686653600000001e-11,2,success
Higgs_to_ALP_Z_sampledfs_Scan_9_Run_7.pkl.gz,/raid/anubis/sensitivityStudyData/ALPs/fermionCoupled/Higgs_to_ALP_Z_FINAL_Default_Lifetime/Generated_Events_1/Higgs_to_ALP_Z_sampledfs_Scan_9_Run_7.pkl.gz,9,7,5.62,3.16e-07,1,2000,3.6810358000000023e-09,2000,3.6810358000000023e-09,3,5.521553700000001e-12,2,3.681035800000001e-12,0,0.0,0,0.0,0,0.0,0,0.0,0,0.0,0,0.0,0,0.0,0,success
Higgs_to_ALP_Z_sampledfs_Scan_9_Run_8.pkl.gz,/raid/anubis/sensitivityStudyData/ALPs/fermionCoupled/Higgs_to_ALP_Z_FINAL_Default_Lifetime/Generated_Events_1/Higgs_to_ALP_Z_sampledfs_Scan_9_Run_8.pkl.gz,9,8,5.62,1e-07,1,2000,3.6868620000000013e-10,2000,3.6868620000000013e-10,0,0.0,0,0.0,0,0.0,0,0.0,0,0.0,0,0.0,0,0.0,0,0.0,0,0.0,0,success
Higgs_to_ALP_Z_sampledfs_Scan_10_Run_1.pkl.gz,/raid/anubis/sensitivityStudyData/ALPs/fermionCoupled/Higgs_to_ALP_Z_FINAL_Default_Lifetime/Generated_Events_2/Higgs_to_ALP_Z_sampledfs_Scan_10_Run_1.pkl.gz,10,1,10.0,0.0001,2,2000,0.00033499784,2000,0.00033499784,2000,0.00033499784,0,0.0,0,0.0,0,0.0,0,0.0,0,0.0,0,0.0,0,0.0,0,0.0,0,success
Higgs_to_ALP_Z_sampledfs_Scan_10_Run_2.pkl.gz,/raid/anubis/sensitivityStudyData/ALPs/fermionCoupled/Higgs_to_ALP_Z_FINAL_Default_Lifetime/Generated_Events_2/Higgs_to_ALP_Z_sampledfs_Scan_10_Run_2.pkl.gz,10,2,10.0,3.16e-05,2,2000,3.3430264000000006e-05,2000,3.3430264000000006e-05,2000,3.3430264000000006e-05,0,0.0,0,0.0,0,0.0,0,0.0,0,0.0,0,0.0,0,0.0,0,0.0,0,success
Higgs_to_ALP_Z_sampledfs_Scan_10_Run_3.pkl.gz,/raid/anubis/sensitivityStudyData/ALPs/fermionCoupled/Higgs_to_ALP_Z_FINAL_Default_Lifetime/Generated_Events_2/Higgs_to_ALP_Z_sampledfs_Scan_10_Run_3.pkl.gz,10,3,10.0,1e-05,2,2000,3.349725800000002e-06,2000,3.349725800000002e-06,1993,3.3380017597000018e-06,1,1.6748629000000002e-09,0,0.0,0,0.0,0,0.0,0,0.0,0,0.0,0,0.0,0,0.0,0,success
Higgs_to_ALP_Z_sampledfs_Scan_10_Run_4.pkl.gz,/raid/anubis/sensitivityStudyData/ALPs/fermionCoupled/Higgs_to_ALP_Z_FINAL_Default_Lifetime/Generated_Events_2/Higgs_to_ALP_Z_sampledfs_Scan_10_Run_4.pkl.gz,10,4,10.0,3.16e-06,2,2000,3.354613400000001e-07,2000,3.354613400000001e-07,1692,2.838002936400001e-07,77,1.2915261590000001e-08,14,2.348229380000001e-09,14,2.348229380000001e-09,10,1.6773067000000005e-09,8,1.3418453600000003e-09,9,1.5095760300000004e-09,8,1.3418453600000003e-09,8,1.3418453600000003e-09,8,success
Higgs_to_ALP_Z_sampledfs_Scan_10_Run_5.pkl.gz,/raid/anubis/sensitivityStudyData/ALPs/fermionCoupled/Higgs_to_ALP_Z_FINAL_Default_Lifetime/Generated_Events_2/Higgs_to_ALP_Z_sampledfs_Scan_10_Run_5.pkl.gz,10,5,10.0,1e-06,2,2000,3.3462868e-08,2000,3.3462868e-08,527,8.817465718e-09,123,2.0579663819999996e-09,31,5.186744540000001e-10,30,5.0194302e-10,10,1.6731433999999999e-10,9,1.50582906e-10,10,1.6731433999999999e-10,9,1.50582906e-10,9,1.50582906e-10,9,success
Higgs_to_ALP_Z_sampledfs_Scan_10_Run_6.pkl.gz,/raid/anubis/sensitivityStudyData/ALPs/fermionCoupled/Higgs_to_ALP_Z_FINAL_Default_Lifetime/Generated_Events_2/Higgs_to_ALP_Z_sampledfs_Scan_10_Run_6.pkl.gz,10,6,10.0,3.16e-07,2,2000,3.334078599999999e-09,2000,3.334078599999999e-09,61,1.0168939729999998e-10,13,2.1671510899999998e-11,3,5.0011179e-12,3,5.0011179e-12,2,3.3340786000000003e-12,1,1.6670393000000001e-12,2,3.3340786000000003e-12,1,1.6670393000000001e-12,1,1.6670393000000001e-12,1,success
Higgs_to_ALP_Z_sampledfs_Scan_10_Run_7.pkl.gz,/raid/anubis/sensitivityStudyData/ALPs/fermionCoupled/Higgs_to_ALP_Z_FINAL_Default_Lifetime/Generated_Events_2/Higgs_to_ALP_Z_sampledfs_Scan_10_Run_7.pkl.gz,10,7,10.0,1e-07,2,2000,3.3527864000000005e-10,2000,3.3527864000000005e-10,9,1.5087538800000003e-12,0,0.0,0,0.0,0,0.0,0,0.0,0,0.0,0,0.0,0,0.0,0,0.0,0,success
Higgs_to_ALP_Z_sampledfs_Scan_10_Run_8.pkl.gz,/raid/anubis/sensitivityStudyData/ALPs/fermionCoupled/Higgs_to_ALP_Z_FINAL_Default_Lifetime/Generated_Events_2/Higgs_to_ALP_Z_sampledfs_Scan_10_Run_8.pkl.gz,10,8,10.0,3.16e-08,2,2000,3.3497092e-11,2000,3.3497092e-11,0,0.0,0,0.0,0,0.0,0,0.0,0,0.0,0,0.0,0,0.0,0,0.0,0,0.0,0,success
Higgs_to_ALP_Z_sampledfs_Scan_11_Run_1.pkl.gz,/raid/anubis/sensitivityStudyData/ALPs/fermionCoupled/Higgs_to_ALP_Z_FINAL_Default_Lifetime/Generated_Events_2/Higgs_to_ALP_Z_sampledfs_Scan_11_Run_1.pkl.gz,11,1,17.8,3.16e-05,2,2000,2.3417514000000002e-05,2000,2.3417514000000002e-05,2000,2.3417514000000002e-05,0,0.0,0,0.0,0,0.0,0,0.0,0,0.0,0,0.0,0,0.0,0,0.0,0,success
Higgs_to_ALP_Z_sampledfs_Scan_11_Run_2.pkl.gz,/raid/anubis/sensitivityStudyData/ALPs/fermionCoupled/Higgs_to_ALP_Z_FINAL_Default_Lifetime/Generated_Events_2/Higgs_to_ALP_Z_sampledfs_Scan_11_Run_2.pkl.gz,11,2,17.8,1e-05,2,2000,2.3452801999999996e-06,2000,2.3452801999999996e-06,2000,2.3452801999999996e-06,0,0.0,0,0.0,0,0.0,0,0.0,0,0.0,0,0.0,0,0.0,0,0.0,0,success
Higgs_to_ALP_Z_sampledfs_Scan_11_Run_3.pkl.gz,/raid/anubis/sensitivityStudyData/ALPs/fermionCoupled/Higgs_to_ALP_Z_FINAL_Default_Lifetime/Generated_Events_2/Higgs_to_ALP_Z_sampledfs_Scan_11_Run_3.pkl.gz,11,3,17.8,3.16e-06,2,2000,2.3420411999999998e-07,2000,2.3420411999999998e-07,1982,2.3209628292e-07,8,9.3681648e-10,1,1.1710206e-10,0,0.0,0,0.0,0,0.0,0,0.0,0,0.0,0,0.0,0,success
Higgs_to_ALP_Z_sampledfs_Scan_11_Run_4.pkl.gz,/raid/anubis/sensitivityStudyData/ALPs/fermionCoupled/Higgs_to_ALP_Z_FINAL_Default_Lifetime/Generated_Events_2/Higgs_to_ALP_Z_sampledfs_Scan_11_Run_4.pkl.gz,11,4,17.8,1e-06,2,2000,2.3458724e-08,2000,2.3458724e-08,1500,1.7594043e-08,115,1.34887663e-09,18,2.11128516e-10,18,2.11128516e-10,7,8.2105534e-11,6,7.0376172e-11,6,7.0376172e-11,6,7.0376172e-11,6,7.0376172e-11,6,success
Higgs_to_ALP_Z_sampledfs_Scan_11_Run_5.pkl.gz,/raid/anubis/sensitivityStudyData/ALPs/fermionCoupled/Higgs_to_ALP_Z_FINAL_Default_Lifetime/Generated_Events_2/Higgs_to_ALP_Z_sampledfs_Scan_11_Run_5.pkl.gz,11,5,17.8,3.16e-07,2,2000,2.341522200000001e-09,2000,2.341522200000001e-09,385,4.507430235000001e-10,68,7.961175479999999e-11,18,2.10736998e-11,18,2.10736998e-11,4,4.6830444e-12,4,4.6830444e-12,4,4.6830444e-12,4,4.6830444e-12,4,4.6830444e-12,4,success
Higgs_to_ALP_Z_sampledfs_Scan_11_Run_6.pkl.gz,/raid/anubis/sensitivityStudyData/ALPs/fermionCoupled/Higgs_to_ALP_Z_FINAL_Default_Lifetime/Generated_Events_2/Higgs_to_ALP_Z_sampledfs_Scan_11_Run_6.pkl.gz,11,6,17.8,1e-07,2,2000,2.3440633999999995e-10,2000,2.3440633999999995e-10,37,4.336517289999999e-12,6,7.0321902e-13,3,3.5160950999999995e-13,3,3.5160950999999995e-13,1,1.1720317e-13,1,1.1720317e-13,1,1.1720317e-13,1,1.1720317e-13,1,1.1720317e-13,1,success
Higgs_to_ALP_Z_sampledfs_Scan_11_Run_7.pkl.gz,/raid/anubis/sensitivityStudyData/ALPs/fermionCoupled/Higgs_to_ALP_Z_FINAL_Default_Lifetime/Generated_Events_2/Higgs_to_ALP_Z_sampledfs_Scan_11_Run_7.pkl.gz,11,7,17.8,3.16e-08,2,2000,2.337615400000001e-11,2000,2.337615400000001e-11,3,3.5064231e-14,1,1.1688077e-14,0,0.0,0,0.0,0,0.0,0,0.0,0,0.0,0,0.0,0,0.0,0,success
Higgs_to_ALP_Z_sampledfs_Scan_12_Run_1.pkl.gz,/raid/anubis/sensitivityStudyData/ALPs/fermionCoupled/Higgs_to_ALP_Z_FINAL_Default_Lifetime/Generated_Events_2/Higgs_to_ALP_Z_sampledfs_Scan_12_Run_1.pkl.gz,12,1,31.6,1e-05,2,2000,1.6850927199999997e-07,2000,1.6850927199999997e-07,2000,1.6850927199999997e-07,0,0.0,0,0.0,0,0.0,0,0.0,0,0.0,0,0.0,0,0.0,0,0.0,0,success
Higgs_to_ALP_Z_sampledfs_Scan_12_Run_2.pkl.gz,/raid/anubis/sensitivityStudyData/ALPs/fermionCoupled/Higgs_to_ALP_Z_FINAL_Default_Lifetime/Generated_Events_2/Higgs_to_ALP_Z_sampledfs_Scan_12_Run_2.pkl.gz,12,2,31.6,3.16e-06,2,2000,1.6839246600000005e-08,2000,1.6839246600000005e-08,2000,1.6839246600000005e-08,0,0.0,0,0.0,0,0.0,0,0.0,0,0.0,0,0.0,0,0.0,0,0.0,0,success
Higgs_to_ALP_Z_sampledfs_Scan_12_Run_3.pkl.gz,/raid/anubis/sensitivityStudyData/ALPs/fermionCoupled/Higgs_to_ALP_Z_FINAL_Default_Lifetime/Generated_Events_2/Higgs_to_ALP_Z_sampledfs_Scan_12_Run_3.pkl.gz,12,3,31.6,1e-06,2,2000,1.6865026199999996e-09,2000,1.6865026199999996e-09,1894,1.5971179811399997e-09,31,2.614079061e-11,2,1.6865026200000002e-12,2,1.6865026200000002e-12,2,1.6865026200000002e-12,2,1.6865026200000002e-12,2,1.6865026200000002e-12,2,1.6865026200000002e-12,2,1.6865026200000002e-12,2,success
Higgs_to_ALP_Z_sampledfs_Scan_12_Run_4.pkl.gz,/raid/anubis/sensitivityStudyData/ALPs/fermionCoupled/Higgs_to_ALP_Z_FINAL_Default_Lifetime/Generated_Events_2/Higgs_to_ALP_Z_sampledfs_Scan_12_Run_4.pkl.gz,12,4,31.6,3.16e-07,2,2000,1.6819322400000002e-10,2000,1.6819322400000002e-10,992,8.342383910400002e-11,134,1.1268946007999997e-11,25,2.1024153e-12,25,2.1024153e-12,12,1.009159344e-12,11,9.250627319999998e-13,11,9.250627319999998e-13,11,9.250627319999998e-13,11,9.250627319999998e-13,11,success
Higgs_to_ALP_Z_sampledfs_Scan_12_Run_5.pkl.gz,/raid/anubis/sensitivityStudyData/ALPs/fermionCoupled/Higgs_to_ALP_Z_FINAL_Default_Lifetime/Generated_Events_2/Higgs_to_ALP_Z_sampledfs_Scan_12_Run_5.pkl.gz,12,5,31.6,1e-07,2,2000,1.6820321999999998e-11,2000,1.6820321999999998e-11,171,1.4381375310000002e-12,31,2.60714991e-13,4,3.3640644e-14,4,3.3640644e-14,1,8.410161e-15,1,8.410161e-15,1,8.410161e-15,1,8.410161e-15,1,8.410161e-15,1,success
Higgs_to_ALP_Z_sampledfs_Scan_12_Run_6.pkl.gz,/raid/anubis/sensitivityStudyData/ALPs/fermionCoupled/Higgs_to_ALP_Z_FINAL_Default_Lifetime/Generated_Events_2/Higgs_to_ALP_Z_sampledfs_Scan_12_Run_6.pkl.gz,12,6,31.6,3.16e-08,2,2000,1.6778589599999996e-12,2000,1.6778589599999996e-12,30,2.51678844e-14,7,5.8725063599999995e-15,3,2.5167884400000003e-15,3,2.5167884400000003e-15,0,0.0,0,0.0,0,0.0,0,0.0,0,0.0,0,success
Higgs_to_ALP_Z_sampledfs_Scan_1_Run_1.pkl.gz,/raid/anubis/sensitivityStudyData/ALPs/fermionCoupled/Higgs_to_ALP_Z_FINAL_Default_Lifetime/Generated_Events_2/Higgs_to_ALP_Z_sampledfs_Scan_1_Run_1.pkl.gz,1,1,0.0562,1.0,2,2000,38427.396,2000,38427.396,1994,38312.113811999996,3,57.641094,0,0.0,0,0.0,0,0.0,0,0.0,0,0.0,0,0.0,0,0.0,0,success
Higgs_to_ALP_Z_sampledfs_Scan_1_Run_2.pkl.gz,/raid/anubis/sensitivityStudyData/ALPs/fermionCoupled/Higgs_to_ALP_Z_FINAL_Default_Lifetime/Generated_Events_2/Higgs_to_ALP_Z_sampledfs_Scan_1_Run_2.pkl.gz,1,2,0.0562,0.316,2,2000,3844.1249999999995,2000,3844.1249999999995,1690,3248.2856249999995,92,176.82975000000005,13,24.9868125,12,23.06475,10,19.220625000000002,10,19.220625000000002,10,19.220625000000002,10,19.220625000000002,10,19.220625000000002,10,success
Higgs_to_ALP_Z_sampledfs_Scan_1_Run_3.pkl.gz,/raid/anubis/sensitivityStudyData/ALPs/fermionCoupled/Higgs_to_ALP_Z_FINAL_Default_Lifetime/Generated_Events_2/Higgs_to_ALP_Z_sampledfs_Scan_1_Run_3.pkl.gz,1,3,0.0562,0.1,2,2000,384.84666,2000,384.84666,534,102.75405822,95,18.280216350000003,20,3.8484666,17,3.27119661,6,1.15453998,6,1.15453998,5,0.96211665,5,0.96211665,5,0.96211665,5,success
Higgs_to_ALP_Z_sampledfs_Scan_1_Run_4.pkl.gz,/raid/anubis/sensitivityStudyData/ALPs/fermionCoupled/Higgs_to_ALP_Z_FINAL_Default_Lifetime/Generated_Events_2/Higgs_to_ALP_Z_sampledfs_Scan_1_Run_4.pkl.gz,1,4,0.0562,0.0316,2,2000,38.528858000000014,2000,38.528858000000014,68,1.3099811719999996,15,0.2889664350000001,4,0.077057716,4,0.077057716,2,0.038528858,2,0.038528858,2,0.038528858,2,0.038528858,2,0.038528858,2,success
Higgs_to_ALP_Z_sampledfs_Scan_1_Run_5.pkl.gz,/raid/anubis/sensitivityStudyData/ALPs/fermionCoupled/Higgs_to_ALP_Z_FINAL_Default_Lifetime/Generated_Events_2/Higgs_to_ALP_Z_sampledfs_Scan_1_Run_5.pkl.gz,1,5,0.0562,0.01,2,2000,3.852202399999999,2000,3.852202399999999,5,0.009630506,2,0.0038522024000000005,0,0.0,0,0.0,0,0.0,0,0.0,0,0.0,0,0.0,0,0.0,0,success
Higgs_to_ALP_Z_sampledfs_Scan_1_Run_6.pkl.gz,/raid/anubis/sensitivityStudyData/ALPs/fermionCoupled/Higgs_to_ALP_Z_FINAL_Default_Lifetime/Generated_Events_2/Higgs_to_ALP_Z_sampledfs_Scan_1_Run_6.pkl.gz,1,6,0.0562,0.00316,2,2000,0.3839283399999999,2000,0.3839283399999999,2,0.00038392834,0,0.0,0,0.0,0,0.0,0,0.0,0,0.0,0,0.0,0,0.0,0,0.0,0,success
Higgs_to_ALP_Z_sampledfs_Scan_2_Run_1.pkl.gz,/raid/anubis/sensitivityStudyData/ALPs/fermionCoupled/Higgs_to_ALP_Z_FINAL_Default_Lifetime/Generated_Events_2/Higgs_to_ALP_Z_sampledfs_Scan_2_Run_1.pkl.gz,2,1,0.1,1.0,2,2000,38633.380000000005,2000,38633.380000000005,2000,38633.380000000005,0,0.0,0,0.0,0,0.0,0,0.0,0,0.0,0,0.0,0,0.0,0,0.0,0,success
Higgs_to_ALP_Z_sampledfs_Scan_2_Run_2.pkl.gz,/raid/anubis/sensitivityStudyData/ALPs/fermionCoupled/Higgs_to_ALP_Z_FINAL_Default_Lifetime/Generated_Events_2/Higgs_to_ALP_Z_sampledfs_Scan_2_Run_2.pkl.gz,2,2,0.1,0.316,2,2000,3848.8538,2000,3848.8538,1938,3729.5393322,16,30.7908304,0,0.0,0,0.0,0,0.0,0,0.0,0,0.0,0,0.0,0,0.0,0,success
Higgs_to_ALP_Z_sampledfs_Scan_2_Run_3.pkl.gz,/raid/anubis/sensitivityStudyData/ALPs/fermionCoupled/Higgs_to_ALP_Z_FINAL_Default_Lifetime/Generated_Events_2/Higgs_to_ALP_Z_sampledfs_Scan_2_Run_3.pkl.gz,2,3,0.1,0.1,2,2000,384.1301000000001,2000,384.1301000000001,1099,211.07948995000004,137,26.312911850000003,36,6.9143418,28,5.3778214,15,2.88097575,12,2.3047806,13,2.49684565,12,2.3047806,12,2.3047806,12,success
Higgs_to_ALP_Z_sampledfs_Scan_2_Run_4.pkl.gz,/raid/anubis/sensitivityStudyData/ALPs/fermionCoupled/Higgs_to_ALP_Z_FINAL_Default_Lifetime/Generated_Events_2/Higgs_to_ALP_Z_sampledfs_Scan_2_Run_4.pkl.gz,2,4,0.1,0.0316,2,2000,38.486266,2000,38.486266,192,3.6946815359999996,38,0.7312390540000001,11,0.21167446299999998,8,0.153945064,3,0.057729399,2,0.038486266,3,0.057729399,2,0.038486266,2,0.038486266,2,success
Higgs_to_ALP_Z_sampledfs_Scan_2_Run_5.pkl.gz,/raid/anubis/sensitivityStudyData/ALPs/fermionCoupled/Higgs_to_ALP_Z_FINAL_Default_Lifetime/Generated_Events_2/Higgs_to_ALP_Z_sampledfs_Scan_2_Run_5.pkl.gz,2,5,0.1,0.01,2,2000,3.8557977999999995,2000,3.8557977999999995,15,0.028918483499999995,3,0.0057836967,1,0.0019278989,1,0.0019278989,0,0.0,0,0.0,0,0.0,0,0.0,0,0.0,0,success
Higgs_to_ALP_Z_sampledfs_Scan_2_Run_6.pkl.gz,/raid/anubis/sensitivityStudyData/ALPs/fermionCoupled/Higgs_to_ALP_Z_FINAL_Default_Lifetime/Generated_Events_2/Higgs_to_ALP_Z_sampledfs_Scan_2_Run_6.pkl.gz,2,6,0.1,0.00316,2,2000,0.3846776000000001,2000,0.3846776000000001,3,0.0005770164,0,0.0,0,0.0,0,0.0,0,0.0,0,0.0,0,0.0,0,0.0,0,0.0,0,success
Higgs_to_ALP_Z_sampledfs_Scan_2_Run_7.pkl.gz,/raid/anubis/sensitivityStudyData/ALPs/fermionCoupled/Higgs_to_ALP_Z_FINAL_Default_Lifetime/Generated_Events_2/Higgs_to_ALP_Z_sampledfs_Scan_2_Run_7.pkl.gz,2,7,0.1,0.001,2,2000,0.03850535399999999,2000,0.03850535399999999,0,0.0,0,0.0,0,0.0,0,0.0,0,0.0,0,0.0,0,0.0,0,0.0,0,0.0,0,success
Higgs_to_ALP_Z_sampledfs_Scan_2_Run_8.pkl.gz,/raid/anubis/sensitivityStudyData/ALPs/fermionCoupled/Higgs_to_ALP_Z_FINAL_Default_Lifetime/Generated_Events_2/Higgs_to_ALP_Z_sampledfs_Scan_2_Run_8.pkl.gz,2,8,0.1,0.000316,2,2000,0.0038498926,2000,0.0038498926,0,0.0,0,0.0,0,0.0,0,0.0,0,0.0,0,0.0,0,0.0,0,0.0,0,0.0,0,success
Higgs_to_ALP_Z_sampledfs_Scan_3_Run_1.pkl.gz,/raid/anubis/sensitivityStudyData/ALPs/fermionCoupled/Higgs_to_ALP_Z_FINAL_Default_Lifetime/Generated_Events_2/Higgs_to_ALP_Z_sampledfs_Scan_3_Run_1.pkl.gz,3,1,0.178,1.0,2,2000,38487.94399999999,2000,38487.94399999999,2000,38487.94399999999,0,0.0,0,0.0,0,0.0,0,0.0,0,0.0,0,0.0,0,0.0,0,0.0,0,success
Higgs_to_ALP_Z_sampledfs_Scan_3_Run_2.pkl.gz,/raid/anubis/sensitivityStudyData/ALPs/fermionCoupled/Higgs_to_ALP_Z_FINAL_Default_Lifetime/Generated_Events_2/Higgs_to_ALP_Z_sampledfs_Scan_3_Run_2.pkl.gz,3,2,0.178,0.316,2,2000,3848.0550000000007,2000,3848.0550000000007,1994,3836.510835000001,2,3.848055,0,0.0,0,0.0,0,0.0,0,0.0,0,0.0,0,0.0,0,0.0,0,success
Higgs_to_ALP_Z_sampledfs_Scan_3_Run_3.pkl.gz,/raid/anubis/sensitivityStudyData/ALPs/fermionCoupled/Higgs_to_ALP_Z_FINAL_Default_Lifetime/Generated_Events_2/Higgs_to_ALP_Z_sampledfs_Scan_3_Run_3.pkl.gz,3,3,0.178,0.1,2,2000,385.3492200000001,2000,385.3492200000001,1685,324.65671785000006,94,18.11141334000001,20,3.8534922000000003,17,3.27546837,10,1.9267461000000001,7,1.3487222700000001,7,1.3487222700000001,7,1.3487222700000001,7,1.3487222700000001,7,success
Higgs_to_ALP_Z_sampledfs_Scan_3_Run_4.pkl.gz,/raid/anubis/sensitivityStudyData/ALPs/fermionCoupled/Higgs_to_ALP_Z_FINAL_Default_Lifetime/Generated_Events_2/Higgs_to_ALP_Z_sampledfs_Scan_3_Run_4.pkl.gz,3,4,0.178,0.0316,2,2000,38.35664200000001,2000,38.35664200000001,523,10.030261883000001,107,2.052080347,30,0.5753496300000003,22,0.421923062,7,0.13424824700000001,6,0.115069926,7,0.13424824700000001,6,0.115069926,6,0.115069926,6,success
Higgs_to_ALP_Z_sampledfs_Scan_3_Run_5.pkl.gz,/raid/anubis/sensitivityStudyData/ALPs/fermionCoupled/Higgs_to_ALP_Z_FINAL_Default_Lifetime/Generated_Events_2/Higgs_to_ALP_Z_sampledfs_Scan_3_Run_5.pkl.gz,3,5,0.178,0.01,2,2000,3.848710399999998,2000,3.848710399999998,78,0.15009970560000002,17,0.0327140384,5,0.009621776,4,0.0076974208,0,0.0,0,0.0,0,0.0,0,0.0,0,0.0,0,success
Higgs_to_ALP_Z_sampledfs_Scan_3_Run_6.pkl.gz,/raid/anubis/sensitivityStudyData/ALPs/fermionCoupled/Higgs_to_ALP_Z_FINAL_Default_Lifetime/Generated_Events_2/Higgs_to_ALP_Z_sampledfs_Scan_3_Run_6.pkl.gz,3,6,0.178,0.00316,2,2000,0.3849848799999999,2000,0.3849848799999999,4,0.00076996976,1,0.00019249244,0,0.0,0,0.0,0,0.0,0,0.0,0,0.0,0,0.0,0,0.0,0,success
Higgs_to_ALP_Z_sampledfs_Scan_3_Run_7.pkl.gz,/raid/anubis/sensitivityStudyData/ALPs/fermionCoupled/Higgs_to_ALP_Z_FINAL_Default_Lifetime/Generated_Events_2/Higgs_to_ALP_Z_sampledfs_Scan_3_Run_7.pkl.gz,3,7,0.178,0.001,2,2000,0.03852096000000001,2000,0.03852096000000001,1,1.926048e-05,0,0.0,0,0.0,0,0.0,0,0.0,0,0.0,0,0.0,0,0.0,0,0.0,0,success
Higgs_to_ALP_Z_sampledfs_Scan_3_Run_8.pkl.gz,/raid/anubis/sensitivityStudyData/ALPs/fermionCoupled/Higgs_to_ALP_Z_FINAL_Default_Lifetime/Generated_Events_2/Higgs_to_ALP_Z_sampledfs_Scan_3_Run_8.pkl.gz,3,8,0.178,0.000316,2,2000,0.003841901600000001,2000,0.003841901600000001,0,0.0,0,0.0,0,0.0,0,0.0,0,0.0,0,0.0,0,0.0,0,0.0,0,0.0,0,success
Higgs_to_ALP_Z_sampledfs_Scan_3_Run_9.pkl.gz,/raid/anubis/sensitivityStudyData/ALPs/fermionCoupled/Higgs_to_ALP_Z_FINAL_Default_Lifetime/Generated_Events_2/Higgs_to_ALP_Z_sampledfs_Scan_3_Run_9.pkl.gz,3,9,0.178,0.0001,2,2000,0.00038486124000000014,2000,0.00038486124000000014,0,0.0,0,0.0,0,0.0,0,0.0,0,0.0,0,0.0,0,0.0,0,0.0,0,0.0,0,success
Higgs_to_ALP_Z_sampledfs_Scan_4_Run_1.pkl.gz,/raid/anubis/sensitivityStudyData/ALPs/fermionCoupled/Higgs_to_ALP_Z_FINAL_Default_Lifetime/Generated_Events_2/Higgs_to_ALP_Z_sampledfs_Scan_4_Run_1.pkl.gz,4,1,0.316,0.316,2,2000,3833.817199999999,2000,3833.817199999999,2000,3833.817199999999,0,0.0,0,0.0,0,0.0,0,0.0,0,0.0,0,0.0,0,0.0,0,0.0,0,success
Higgs_to_ALP_Z_sampledfs_Scan_4_Run_2.pkl.gz,/raid/anubis/sensitivityStudyData/ALPs/fermionCoupled/Higgs_to_ALP_Z_FINAL_Default_Lifetime/Generated_Events_2/Higgs_to_ALP_Z_sampledfs_Scan_4_Run_2.pkl.gz,4,2,0.316,0.1,2,2000,385.4116799999999,2000,385.4116799999999,2000,385.4116799999999,0,0.0,0,0.0,0,0.0,0,0.0,0,0.0,0,0.0,0,0.0,0,0.0,0,success
Higgs_to_ALP_Z_sampledfs_Scan_4_Run_3.pkl.gz,/raid/anubis/sensitivityStudyData/ALPs/fermionCoupled/Higgs_to_ALP_Z_FINAL_Default_Lifetime/Generated_Events_2/Higgs_to_ALP_Z_sampledfs_Scan_4_Run_3.pkl.gz,4,3,0.316,0.0316,2,2000,38.41283200000001,2000,38.41283200000001,2000,38.41283200000001,0,0.0,0,0.0,0,0.0,0,0.0,0,0.0,0,0.0,0,0.0,0,0.0,0,success
Higgs_to_ALP_Z_sampledfs_Scan_4_Run_4.pkl.gz,/raid/anubis/sensitivityStudyData/ALPs/fermionCoupled/Higgs_to_ALP_Z_FINAL_Default_Lifetime/Generated_Events_2/Higgs_to_ALP_Z_sampledfs_Scan_4_Run_4.pkl.gz,4,4,0.316,0.01,2,2000,3.8495165999999994,2000,3.8495165999999994,1999,3.8475918416999995,4,0.007699033200000001,0,0.0,0,0.0,0,0.0,0,0.0,0,0.0,0,0.0,0,0.0,0,success
Higgs_to_ALP_Z_sampledfs_Scan_4_Run_5.pkl.gz,/raid/anubis/sensitivityStudyData/ALPs/fermionCoupled/Higgs_to_ALP_Z_FINAL_Default_Lifetime/Generated_Events_2/Higgs_to_ALP_Z_sampledfs_Scan_4_Run_5.pkl.gz,4,5,0.316,0.00316,2,2000,0.3846509000000001,2000,0.3846509000000001,1728,0.33233837760000007,91,0.01750161595,8,0.0015386036,7,0.00134627815,5,0.0009616272499999999,3,0.00057697635,4,0.0007693018,3,0.00057697635,3,0.00057697635,3,success
Higgs_to_ALP_Z_sampledfs_Scan_4_Run_6.pkl.gz,/raid/anubis/sensitivityStudyData/ALPs/fermionCoupled/Higgs_to_ALP_Z_FINAL_Default_Lifetime/Generated_Events_2/Higgs_to_ALP_Z_sampledfs_Scan_4_Run_6.pkl.gz,4,6,0.316,0.001,2,2000,0.038536738,2000,0.038536738,531,0.010231503939,111,0.0021387889590000005,30,0.0005780510699999998,26,0.000500977594,7,0.00013487858299999998,6,0.00011561021399999998,6,0.00011561021399999998,6,0.00011561021399999998,6,0.00011561021399999998,6,success
Higgs_to_ALP_Z_sampledfs_Scan_4_Run_7.pkl.gz,/raid/anubis/sensitivityStudyData/ALPs/fermionCoupled/Higgs_to_ALP_Z_FINAL_Default_Lifetime/Generated_Events_2/Higgs_to_ALP_Z_sampledfs_Scan_4_Run_7.pkl.gz,4,7,0.316,0.000316,2,2000,0.003840692399999998,2000,0.003840692399999998,67,0.00012866319539999997,18,3.4566231599999996e-05,5,9.601731e-06,3,5.7610386e-06,2,3.8406924e-06,2,3.8406924e-06,2,3.8406924e-06,2,3.8406924e-06,2,3.8406924e-06,2,success
Higgs_to_ALP_Z_sampledfs_Scan_4_Run_8.pkl.gz,/raid/anubis/sensitivityStudyData/ALPs/fermionCoupled/Higgs_to_ALP_Z_FINAL_Default_Lifetime/Generated_Events_2/Higgs_to_ALP_Z_sampledfs_Scan_4_Run_8.pkl.gz,4,8,0.316,0.0001,2,2000,0.0003859707400000001,2000,0.0003859707400000001,3,5.7895611e-07,2,3.8597074e-07,2,3.8597074e-07,2,3.8597074e-07,0,0.0,0,0.0,0,0.0,0,0.0,0,0.0,0,success
Higgs_to_ALP_Z_sampledfs_Scan_4_Run_9.pkl.gz,/raid/anubis/sensitivityStudyData/ALPs/fermionCoupled/Higgs_to_ALP_Z_FINAL_Default_Lifetime/Generated_Events_2/Higgs_to_ALP_Z_sampledfs_Scan_4_Run_9.pkl.gz,4,9,0.316,3.16e-05,2,2000,3.841919199999999e-05,2000,3.841919199999999e-05,0,0.0,0,0.0,0,0.0,0,0.0,0,0.0,0,0.0,0,0.0,0,0.0,0,0.0,0,success
Higgs_to_ALP_Z_sampledfs_Scan_5_Run_1.pkl.gz,/raid/anubis/sensitivityStudyData/ALPs/fermionCoupled/Higgs_to_ALP_Z_FINAL_Default_Lifetime/Generated_Events_2/Higgs_to_ALP_Z_sampledfs_Scan_5_Run_1.pkl.gz,5,1,0.562,0.1,2,2000,385.55237999999997,2000,385.55237999999997,2000,385.55237999999997,0,0.0,0,0.0,0,0.0,0,0.0,0,0.0,0,0.0,0,0.0,0,0.0,0,success
Higgs_to_ALP_Z_sampledfs_Scan_5_Run_2.pkl.gz,/raid/anubis/sensitivityStudyData/ALPs/fermionCoupled/Higgs_to_ALP_Z_FINAL_Default_Lifetime/Generated_Events_2/Higgs_to_ALP_Z_sampledfs_Scan_5_Run_2.pkl.gz,5,2,0.562,0.0316,2,2000,38.42309,2000,38.42309,2000,38.42309,0,0.0,0,0.0,0,0.0,0,0.0,0,0.0,0,0.0,0,0.0,0,0.0,0,success
Higgs_to_ALP_Z_sampledfs_Scan_5_Run_3.pkl.gz,/raid/anubis/sensitivityStudyData/ALPs/fermionCoupled/Higgs_to_ALP_Z_FINAL_Default_Lifetime/Generated_Events_2/Higgs_to_ALP_Z_sampledfs_Scan_5_Run_3.pkl.gz,5,3,0.562,0.01,2,2000,3.849304400000001,2000,3.849304400000001,2000,3.849304400000001,0,0.0,0,0.0,0,0.0,0,0.0,0,0.0,0,0.0,0,0.0,0,0.0,0,success
Higgs_to_ALP_Z_sampledfs_Scan_5_Run_4.pkl.gz,/raid/anubis/sensitivityStudyData/ALPs/fermionCoupled/Higgs_to_ALP_Z_FINAL_Default_Lifetime/Generated_Events_2/Higgs_to_ALP_Z_sampledfs_Scan_5_Run_4.pkl.gz,5,4,0.562,0.00316,2,2000,0.3830677800000001,2000,0.3830677800000001,1956,0.37464028884000006,13,0.0024899405700000003,0,0.0,0,0.0,0,0.0,0,0.0,0,0.0,0,0.0,0,0.0,0,success
Higgs_to_ALP_Z_sampledfs_Scan_5_Run_5.pkl.gz,/raid/anubis/sensitivityStudyData/ALPs/fermionCoupled/Higgs_to_ALP_Z_FINAL_Default_Lifetime/Generated_Events_2/Higgs_to_ALP_Z_sampledfs_Scan_5_Run_5.pkl.gz,5,5,0.562,0.001,2,2000,0.038404670000000016,2000,0.038404670000000016,1265,0.024290953775000006,170,0.0032643969500000007,36,0.0006912840600000002,30,0.0005760700500000003,10,0.00019202335000000003,10,0.00019202335000000003,9,0.00017282101500000003,9,0.00017282101500000003,9,0.00017282101500000003,9,success
Higgs_to_ALP_Z_sampledfs_Scan_5_Run_6.pkl.gz,/raid/anubis/sensitivityStudyData/ALPs/fermionCoupled/Higgs_to_ALP_Z_FINAL_Default_Lifetime/Generated_Events_2/Higgs_to_ALP_Z_sampledfs_Scan_5_Run_6.pkl.gz,5,6,0.562,0.000316,2,2000,0.003840382400000001,2000,0.003840382400000001,235,0.00045124493200000013,51,9.792975120000004e-05,15,2.880286800000001e-05,15,2.880286800000001e-05,3,5.760573600000001e-06,3,5.760573600000001e-06,3,5.760573600000001e-06,3,5.760573600000001e-06,3,5.760573600000001e-06,3,success
Higgs_to_ALP_Z_sampledfs_Scan_5_Run_7.pkl.gz,/raid/anubis/sensitivityStudyData/ALPs/fermionCoupled/Higgs_to_ALP_Z_FINAL_Default_Lifetime/Generated_Events_2/Higgs_to_ALP_Z_sampledfs_Scan_5_Run_7.pkl.gz,5,7,0.562,0.0001,2,2000,0.00038419955999999993,2000,0.00038419955999999993,28,5.37879384e-06,7,1.3446984600000004e-06,1,1.9209978000000003e-07,1,1.9209978000000003e-07,0,0.0,0,0.0,0,0.0,0,0.0,0,0.0,0,success
Higgs_to_ALP_Z_sampledfs_Scan_5_Run_8.pkl.gz,/raid/anubis/sensitivityStudyData/ALPs/fermionCoupled/Higgs_to_ALP_Z_FINAL_Default_Lifetime/Generated_Events_2/Higgs_to_ALP_Z_sampledfs_Scan_5_Run_8.pkl.gz,5,8,0.562,3.16e-05,2,2000,3.849976799999999e-05,2000,3.849976799999999e-05,1,1.9249884e-08,0,0.0,0,0.0,0,0.0,0,0.0,0,0.0,0,0.0,0,0.0,0,0.0,0,success
Higgs_to_ALP_Z_sampledfs_Scan_5_Run_9.pkl.gz,/raid/anubis/sensitivityStudyData/ALPs/fermionCoupled/Higgs_to_ALP_Z_FINAL_Default_Lifetime/Generated_Events_2/Higgs_to_ALP_Z_sampledfs_Scan_5_Run_9.pkl.gz,5,9,0.562,1e-05,2,2000,3.8543584e-06,2000,3.8543584e-06,0,0.0,0,0.0,0,0.0,0,0.0,0,0.0,0,0.0,0,0.0,0,0.0,0,0.0,0,success
Higgs_to_ALP_Z_sampledfs_Scan_6_Run_1.pkl.gz,/raid/anubis/sensitivityStudyData/ALPs/fermionCoupled/Higgs_to_ALP_Z_FINAL_Default_Lifetime/Generated_Events_2/Higgs_to_ALP_Z_sampledfs_Scan_6_Run_1.pkl.gz,6,1,1.0,0.01,2,2000,3.84553,2000,3.84553,2000,3.84553,0,0.0,0,0.0,0,0.0,0,0.0,0,0.0,0,0.0,0,0.0,0,0.0,0,success
Higgs_to_ALP_Z_sampledfs_Scan_6_Run_2.pkl.gz,/raid/anubis/sensitivityStudyData/ALPs/fermionCoupled/Higgs_to_ALP_Z_FINAL_Default_Lifetime/Generated_Events_2/Higgs_to_ALP_Z_sampledfs_Scan_6_Run_2.pkl.gz,6,2,1.0,0.00316,2,2000,0.38405304000000007,2000,0.38405304000000007,1997,0.38347696044000007,2,0.00038405304000000003,0,0.0,0,0.0,0,0.0,0,0.0,0,0.0,0,0.0,0,0.0,0,success
Higgs_to_ALP_Z_sampledfs_Scan_6_Run_3.pkl.gz,/raid/anubis/sensitivityStudyData/ALPs/fermionCoupled/Higgs_to_ALP_Z_FINAL_Default_Lifetime/Generated_Events_2/Higgs_to_ALP_Z_sampledfs_Scan_6_Run_3.pkl.gz,6,3,1.0,0.001,2,2000,0.03845114400000001,2000,0.03845114400000001,1795,0.03450990174,71,0.001365015612,10,0.00019225572000000003,9,0.00017303014800000002,8,0.000153804576,8,0.000153804576,8,0.000153804576,8,0.000153804576,8,0.000153804576,8,success
Higgs_to_ALP_Z_sampledfs_Scan_6_Run_4.pkl.gz,/raid/anubis/sensitivityStudyData/ALPs/fermionCoupled/Higgs_to_ALP_Z_FINAL_Default_Lifetime/Generated_Events_2/Higgs_to_ALP_Z_sampledfs_Scan_6_Run_4.pkl.gz,6,4,1.0,0.000316,2,2000,0.003837437,2000,0.003837437,678,0.001300891143,134,0.00025710827900000006,32,6.139899200000002e-05,26,4.988668100000001e-05,10,1.9187185000000004e-05,8,1.5349748000000004e-05,8,1.5349748000000004e-05,8,1.5349748000000004e-05,8,1.5349748000000004e-05,8,success
Higgs_to_ALP_Z_sampledfs_Scan_6_Run_5.pkl.gz,/raid/anubis/sensitivityStudyData/ALPs/fermionCoupled/Higgs_to_ALP_Z_FINAL_Default_Lifetime/Generated_Events_2/Higgs_to_ALP_Z_sampledfs_Scan_6_Run_5.pkl.gz,6,5,1.0,0.0001,2,2000,0.00038543063999999996,2000,0.00038543063999999996,88,1.695894816e-05,25,4.817883000000001e-06,5,9.635766000000002e-07,5,9.635766000000002e-07,1,1.9271532000000004e-07,1,1.9271532000000004e-07,1,1.9271532000000004e-07,1,1.9271532000000004e-07,1,1.9271532000000004e-07,1,success
Higgs_to_ALP_Z_sampledfs_Scan_6_Run_6.pkl.gz,/raid/anubis/sensitivityStudyData/ALPs/fermionCoupled/Higgs_to_ALP_Z_FINAL_Default_Lifetime/Generated_Events_2/Higgs_to_ALP_Z_sampledfs_Scan_6_Run_6.pkl.gz,6,6,1.0,3.16e-05,2,2000,3.853836600000001e-05,2000,3.853836600000001e-05,5,9.634591500000002e-08,1,1.9269183000000004e-08,0,0.0,0,0.0,0,0.0,0,0.0,0,0.0,0,0.0,0,0.0,0,success
Higgs_to_ALP_Z_sampledfs_Scan_6_Run_7.pkl.gz,/raid/anubis/sensitivityStudyData/ALPs/fermionCoupled/Higgs_to_ALP_Z_FINAL_Default_Lifetime/Generated_Events_2/Higgs_to_ALP_Z_sampledfs_Scan_6_Run_7.pkl.gz,6,7,1.0,1e-05,2,2000,3.842912800000001e-06,2000,3.842912800000001e-06,0,0.0,0,0.0,0,0.0,0,0.0,0,0.0,0,0.0,0,0.0,0,0.0,0,0.0,0,success
Higgs_to_ALP_Z_sampledfs_Scan_6_Run_8.pkl.gz,/raid/anubis/sensitivityStudyData/ALPs/fermionCoupled/Higgs_to_ALP_Z_FINAL_Default_Lifetime/Generated_Events_2/Higgs_to_ALP_Z_sampledfs_Scan_6_Run_8.pkl.gz,6,8,1.0,3.16e-06,2,2000,3.8340084e-07,2000,3.8340084e-07,0,0.0,0,0.0,0,0.0,0,0.0,0,0.0,0,0.0,0,0.0,0,0.0,0,0.0,0,success
Higgs_to_ALP_Z_sampledfs_Scan_7_Run_1.pkl.gz,/raid/anubis/sensitivityStudyData/ALPs/fermionCoupled/Higgs_to_ALP_Z_FINAL_Default_Lifetime/Generated_Events_2/Higgs_to_ALP_Z_sampledfs_Scan_7_Run_1.pkl.gz,7,1,1.78,0.00316,2,2000,0.38283856000000016,2000,0.38283856000000016,2000,0.38283856000000016,0,0.0,0,0.0,0,0.0,0,0.0,0,0.0,0,0.0,0,0.0,0,0.0,0,success
Higgs_to_ALP_Z_sampledfs_Scan_7_Run_2.pkl.gz,/raid/anubis/sensitivityStudyData/ALPs/fermionCoupled/Higgs_to_ALP_Z_FINAL_Default_Lifetime/Generated_Events_2/Higgs_to_ALP_Z_sampledfs_Scan_7_Run_2.pkl.gz,7,2,1.78,0.001,2,2000,0.03832178600000001,2000,0.03832178600000001,1958,0.037517028494000015,11,0.00021076982300000005,0,0.0,0,0.0,0,0.0,0,0.0,0,0.0,0,0.0,0,0.0,0,success
Higgs_to_ALP_Z_sampledfs_Scan_7_Run_3.pkl.gz,/raid/anubis/sensitivityStudyData/ALPs/fermionCoupled/Higgs_to_ALP_Z_FINAL_Default_Lifetime/Generated_Events_2/Higgs_to_ALP_Z_sampledfs_Scan_7_Run_3.pkl.gz,7,3,1.78,0.000316,2,2000,0.0038304778,2000,0.0038304778,1289,0.0024687429421,152,0.0002911163128,30,5.7457167e-05,28,5.36266892e-05,12,2.29828668e-05,11,2.10676279e-05,10,1.9152389e-05,10,1.9152389e-05,10,1.9152389e-05,10,success
Higgs_to_ALP_Z_sampledfs_Scan_7_Run_4.pkl.gz,/raid/anubis/sensitivityStudyData/ALPs/fermionCoupled/Higgs_to_ALP_Z_FINAL_Default_Lifetime/Generated_Events_2/Higgs_to_ALP_Z_sampledfs_Scan_7_Run_4.pkl.gz,7,4,1.78,0.0001,2,2000,0.0003831299400000002,2000,0.0003831299400000002,257,4.923219729000001e-05,55,1.0536073349999999e-05,11,2.1072146700000004e-06,11,2.1072146700000004e-06,5,9.578248500000001e-07,5,9.578248500000001e-07,4,7.6625988e-07,4,7.6625988e-07,4,7.6625988e-07,4,success
Higgs_to_ALP_Z_sampledfs_Scan_7_Run_5.pkl.gz,/raid/anubis/sensitivityStudyData/ALPs/fermionCoupled/Higgs_to_ALP_Z_FINAL_Default_Lifetime/Generated_Events_2/Higgs_to_ALP_Z_sampledfs_Scan_7_Run_5.pkl.gz,7,5,1.78,3.16e-05,2,2000,3.8304996e-05,2000,3.8304996e-05,29,5.554224420000001e-07,8,1.53219984e-07,1,1.9152498e-08,1,1.9152498e-08,1,1.9152498e-08,1,1.9152498e-08,1,1.9152498e-08,1,1.9152498e-08,1,1.9152498e-08,1,success
Higgs_to_ALP_Z_sampledfs_Scan_7_Run_6.pkl.gz,/raid/anubis/sensitivityStudyData/ALPs/fermionCoupled/Higgs_to_ALP_Z_FINAL_Default_Lifetime/Generated_Events_2/Higgs_to_ALP_Z_sampledfs_Scan_7_Run_6.pkl.gz,7,6,1.78,1e-05,2,2000,3.842122000000001e-06,2000,3.842122000000001e-06,2,3.842122e-09,0,0.0,0,0.0,0,0.0,0,0.0,0,0.0,0,0.0,0,0.0,0,0.0,0,success
Higgs_to_ALP_Z_sampledfs_Scan_7_Run_7.pkl.gz,/raid/anubis/sensitivityStudyData/ALPs/fermionCoupled/Higgs_to_ALP_Z_FINAL_Default_Lifetime/Generated_Events_2/Higgs_to_ALP_Z_sampledfs_Scan_7_Run_7.pkl.gz,7,7,1.78,3.16e-06,2,2000,3.821993200000001e-07,2000,3.821993200000001e-07,0,0.0,0,0.0,0,0.0,0,0.0,0,0.0,0,0.0,0,0.0,0,0.0,0,0.0,0,success
Higgs_to_ALP_Z_sampledfs_Scan_7_Run_8.pkl.gz,/raid/anubis/sensitivityStudyData/ALPs/fermionCoupled/Higgs_to_ALP_Z_FINAL_Default_Lifetime/Generated_Events_2/Higgs_to_ALP_Z_sampledfs_Scan_7_Run_8.pkl.gz,7,8,1.78,1e-06,2,2000,3.830827800000001e-08,2000,3.830827800000001e-08,0,0.0,0,0.0,0,0.0,0,0.0,0,0.0,0,0.0,0,0.0,0,0.0,0,0.0,0,success
Higgs_to_ALP_Z_sampledfs_Scan_8_Run_1.pkl.gz,/raid/anubis/sensitivityStudyData/ALPs/fermionCoupled/Higgs_to_ALP_Z_FINAL_Default_Lifetime/Generated_Events_2/Higgs_to_ALP_Z_sampledfs_Scan_8_Run_1.pkl.gz,8,1,3.16,0.001,2,2000,0.038006032000000016,2000,0.038006032000000016,2000,0.038006032000000016,0,0.0,0,0.0,0,0.0,0,0.0,0,0.0,0,0.0,0,0.0,0,0.0,0,success
Higgs_to_ALP_Z_sampledfs_Scan_8_Run_2.pkl.gz,/raid/anubis/sensitivityStudyData/ALPs/fermionCoupled/Higgs_to_ALP_Z_FINAL_Default_Lifetime/Generated_Events_2/Higgs_to_ALP_Z_sampledfs_Scan_8_Run_2.pkl.gz,8,2,3.16,0.000316,2,2000,0.003789283000000001,2000,0.003789283000000001,2000,0.003789283000000001,0,0.0,0,0.0,0,0.0,0,0.0,0,0.0,0,0.0,0,0.0,0,0.0,0,success
Higgs_to_ALP_Z_sampledfs_Scan_8_Run_3.pkl.gz,/raid/anubis/sensitivityStudyData/ALPs/fermionCoupled/Higgs_to_ALP_Z_FINAL_Default_Lifetime/Generated_Events_2/Higgs_to_ALP_Z_sampledfs_Scan_8_Run_3.pkl.gz,8,3,3.16,0.0001,2,2000,0.00037980116000000004,2000,0.00037980116000000004,1997,0.00037923145826000004,3,5.697017400000001e-07,0,0.0,0,0.0,0,0.0,0,0.0,0,0.0,0,0.0,0,0.0,0,success
Higgs_to_ALP_Z_sampledfs_Scan_8_Run_4.pkl.gz,/raid/anubis/sensitivityStudyData/ALPs/fermionCoupled/Higgs_to_ALP_Z_FINAL_Default_Lifetime/Generated_Events_2/Higgs_to_ALP_Z_sampledfs_Scan_8_Run_4.pkl.gz,8,4,3.16,3.16e-05,2,2000,3.7932391999999994e-05,2000,3.7932391999999994e-05,1668,3.1635614928000004e-05,106,2.010416776e-06,16,3.03459136e-07,12,2.2759435200000003e-07,7,1.3276337199999998e-07,4,7.5864784e-08,4,7.5864784e-08,4,7.5864784e-08,4,7.5864784e-08,4,success
Higgs_to_ALP_Z_sampledfs_Scan_8_Run_5.pkl.gz,/raid/anubis/sensitivityStudyData/ALPs/fermionCoupled/Higgs_to_ALP_Z_FINAL_Default_Lifetime/Generated_Events_2/Higgs_to_ALP_Z_sampledfs_Scan_8_Run_5.pkl.gz,8,5,3.16,1e-05,2,2000,3.802941199999999e-06,2000,3.802941199999999e-06,465,8.841838289999998e-07,89,1.6923088339999997e-07,23,4.373382379999999e-08,16,3.04235296e-08,4,7.6058824e-09,3,5.7044118e-09,3,5.7044118e-09,3,5.7044118e-09,3,5.7044118e-09,3,success
Higgs_to_ALP_Z_sampledfs_Scan_8_Run_6.pkl.gz,/raid/anubis/sensitivityStudyData/ALPs/fermionCoupled/Higgs_to_ALP_Z_FINAL_Default_Lifetime/Generated_Events_2/Higgs_to_ALP_Z_sampledfs_Scan_8_Run_6.pkl.gz,8,6,3.16,3.16e-06,2,2000,3.805675999999999e-07,2000,3.805675999999999e-07,72,1.3700433600000003e-08,16,3.0445408e-09,2,3.805676e-10,2,3.805676e-10,1,1.902838e-10,1,1.902838e-10,1,1.902838e-10,1,1.902838e-10,1,1.902838e-10,1,success
Higgs_to_ALP_Z_sampledfs_Scan_8_Run_7.pkl.gz,/raid/anubis/sensitivityStudyData/ALPs/fermionCoupled/Higgs_to_ALP_Z_FINAL_Default_Lifetime/Generated_Events_2/Higgs_to_ALP_Z_sampledfs_Scan_8_Run_7.pkl.gz,8,7,3.16,1e-06,2,2000,3.810782199999999e-08,2000,3.810782199999999e-08,8,1.52431288e-10,3,5.7161733e-11,1,1.9053911e-11,1,1.9053911e-11,0,0.0,0,0.0,0,0.0,0,0.0,0,0.0,0,success
Higgs_to_ALP_Z_sampledfs_Scan_8_Run_8.pkl.gz,/raid/anubis/sensitivityStudyData/ALPs/fermionCoupled/Higgs_to_ALP_Z_FINAL_Default_Lifetime/Generated_Events_2/Higgs_to_ALP_Z_sampledfs_Scan_8_Run_8.pkl.gz,8,8,3.16,3.16e-07,2,2000,3.791877399999999e-09,2000,3.791877399999999e-09,4,7.5837548e-12,1,1.8959387e-12,1,1.8959387e-12,0,0.0,0,0.0,0,0.0,0,0.0,0,0.0,0,0.0,0,success
Higgs_to_ALP_Z_sampledfs_Scan_9_Run_1.pkl.gz,/raid/anubis/sensitivityStudyData/ALPs/fermionCoupled/Higgs_to_ALP_Z_FINAL_Default_Lifetime/Generated_Events_2/Higgs_to_ALP_Z_sampledfs_Scan_9_Run_1.pkl.gz,9,1,5.62,0.000316,2,2000,0.0036885788000000017,2000,0.0036885788000000017,2000,0.0036885788000000017,0,0.0,0,0.0,0,0.0,0,0.0,0,0.0,0,0.0,0,0.0,0,0.0,0,success
Higgs_to_ALP_Z_sampledfs_Scan_9_Run_2.pkl.gz,/raid/anubis/sensitivityStudyData/ALPs/fermionCoupled/Higgs_to_ALP_Z_FINAL_Default_Lifetime/Generated_Events_2/Higgs_to_ALP_Z_sampledfs_Scan_9_Run_2.pkl.gz,9,2,5.62,0.0001,2,2000,0.00036819121999999996,2000,0.00036819121999999996,2000,0.00036819121999999996,0,0.0,0,0.0,0,0.0,0,0.0,0,0.0,0,0.0,0,0.0,0,0.0,0,success
Higgs_to_ALP_Z_sampledfs_Scan_9_Run_3.pkl.gz,/raid/anubis/sensitivityStudyData/ALPs/fermionCoupled/Higgs_to_ALP_Z_FINAL_Default_Lifetime/Generated_Events_2/Higgs_to_ALP_Z_sampledfs_Scan_9_Run_3.pkl.gz,9,3,5.62,3.16e-05,2,2000,3.6859538e-05,2000,3.6859538e-05,1993,3.6730529617000005e-05,3,5.528930700000001e-08,0,0.0,0,0.0,0,0.0,0,0.0,0,0.0,0,0.0,0,0.0,0,success
Higgs_to_ALP_Z_sampledfs_Scan_9_Run_4.pkl.gz,/raid/anubis/sensitivityStudyData/ALPs/fermionCoupled/Higgs_to_ALP_Z_FINAL_Default_Lifetime/Generated_Events_2/Higgs_to_ALP_Z_sampledfs_Scan_9_Run_4.pkl.gz,9,4,5.62,1e-05,2,2000,3.6861744e-06,2000,3.6861744e-06,1556,2.8678436831999998e-06,122,2.2485663839999998e-07,18,3.31755696e-08,14,2.58032208e-08,12,2.21170464e-08,9,1.65877848e-08,9,1.65877848e-08,9,1.65877848e-08,9,1.65877848e-08,9,success
Higgs_to_ALP_Z_sampledfs_Scan_9_Run_5.pkl.gz,/raid/anubis/sensitivityStudyData/ALPs/fermionCoupled/Higgs_to_ALP_Z_FINAL_Default_Lifetime/Generated_Events_2/Higgs_to_ALP_Z_sampledfs_Scan_9_Run_5.pkl.gz,9,5,5.62,3.16e-06,2,2000,3.6808975999999993e-07,2000,3.6808975999999993e-07,392,7.214559295999999e-08,75,1.3803365999999999e-08,22,4.04898736e-09,20,3.6808976e-09,7,1.28831416e-09,6,1.10426928e-09,6,1.10426928e-09,6,1.10426928e-09,6,1.10426928e-09,6,success
Higgs_to_ALP_Z_sampledfs_Scan_9_Run_6.pkl.gz,/raid/anubis/sensitivityStudyData/ALPs/fermionCoupled/Higgs_to_ALP_Z_FINAL_Default_Lifetime/Generated_Events_2/Higgs_to_ALP_Z_sampledfs_Scan_9_Run_6.pkl.gz,9,6,5.62,1e-06,2,2000,3.6892584e-08,2000,3.6892584e-08,55,1.01454606e-09,12,2.2135550400000001e-10,4,7.3785168e-11,3,5.5338876e-11,0,0.0,0,0.0,0,0.0,0,0.0,0,0.0,0,success
Higgs_to_ALP_Z_sampledfs_Scan_9_Run_7.pkl.gz,/raid/anubis/sensitivityStudyData/ALPs/fermionCoupled/Higgs_to_ALP_Z_FINAL_Default_Lifetime/Generated_Events_2/Higgs_to_ALP_Z_sampledfs_Scan_9_Run_7.pkl.gz,9,7,5.62,3.16e-07,2,2000,3.6804113999999993e-09,2000,3.6804113999999993e-09,6,1.1041234199999998e-11,2,3.6804114e-12,0,0.0,0,0.0,0,0.0,0,0.0,0,0.0,0,0.0,0,0.0,0,success
Higgs_to_ALP_Z_sampledfs_Scan_9_Run_8.pkl.gz,/raid/anubis/sensitivityStudyData/ALPs/fermionCoupled/Higgs_to_ALP_Z_FINAL_Default_Lifetime/Generated_Events_2/Higgs_to_ALP_Z_sampledfs_Scan_9_Run_8.pkl.gz,9,8,5.62,1e-07,2,2000,3.6845082000000014e-10,2000,3.6845082000000014e-10,0,0.0,0,0.0,0,0.0,0,0.0,0,0.0,0,0.0,0,0.0,0,0.0,0,0.0,0,success
