mass,CaPhi,acceptance,cross_section_pb,BR_h_to_Za,C_Zh_eff,Gamma_total_alp_GeV,N_signal
0.0562,3.16e-08,0.0,0.012008350991442143,0.00021989289491745363,0.015,2.113605440218875e-28,0.0
0.0562,3.98e-08,0.0,0.012008350991442143,0.00021989289491745363,0.015,3.35286368523104e-28,0.0
0.0562,5.01e-08,0.0,0.012008350991442143,0.00021989289491745363,0.015,5.312821253608976e-28,0.0
0.0562,6.31e-08,0.0,0.012008350991442143,0.00021989289491745363,0.015,8.427688428166437e-28,0.0
0.0562,7.94e-08,0.0,0.012008350991442143,0.00021989289491745363,0.015,1.3344145162131738e-27,0.0
0.0562,1e-07,0.0,0.012008350991442143,0.00021989289491745363,0.015,2.1166534211453243e-27,0.0
0.0562,1.26e-07,0.0,0.012008350991442143,0.00021989289491745363,0.015,3.360398971410317e-27,0.0
0.0562,1.58e-07,0.0,0.012008350991442143,0.00021989289491745363,0.015,5.28401360054719e-27,0.0
0.0562,2e-07,0.0,0.012008350991442143,0.00021989289491745363,0.015,8.466613684581297e-27,0.0
0.0562,2.51e-07,0.0,0.012008350991442143,0.00021989289491745363,0.015,1.333512821855766e-26,0.0
0.0562,3.16e-07,0.0,0.012008350991442143,0.00021989289491745363,0.015,2.113605440218876e-26,0.0
0.0562,3.98e-07,0.0,0.012008350991442143,0.00021989289491745363,0.015,3.35286368523104e-26,0.0
0.0562,5.01e-07,0.0,0.012008350991442143,0.00021989289491745363,0.015,5.312821253608978e-26,0.0
0.0562,6.31e-07,0.0,0.012008350991442143,0.00021989289491745363,0.015,8.427688428166437e-26,0.0
0.0562,7.94e-07,0.0,0.012008350991442143,0.00021989289491745363,0.015,1.334414516213174e-25,0.0
0.0562,1e-06,0.0,0.012008350991442143,0.00021989289491745363,0.015,2.116653421145325e-25,0.0
0.0562,1.26e-06,0.0,0.012008350991442143,0.00021989289491745363,0.015,3.360398971410318e-25,0.0
0.0562,1.58e-06,0.0,0.012008350991442143,0.00021989289491745363,0.015,5.2840136005471865e-25,0.0
0.0562,2e-06,0.0,0.012008350991442143,0.00021989289491745363,0.015,8.4666136845813e-25,0.0
0.0562,2.51e-06,0.0,0.012008350991442143,0.00021989289491745363,0.015,1.3335128218557664e-24,0.0
0.0562,3.16e-06,0.0,0.012008350991442143,0.00021989289491745363,0.015,2.1136054402188746e-24,0.0
0.0562,3.98e-06,0.0,0.012008350991442143,0.00021989289491745363,0.015,3.35286368523104e-24,0.0
0.0562,5.01e-06,0.0,0.012008350991442143,0.00021989289491745363,0.015,5.312821253608978e-24,0.0
0.0562,6.31e-06,0.0,0.012008350991442143,0.00021989289491745363,0.015,8.427688428166437e-24,0.0
0.0562,7.94e-06,0.0,0.012008350991442143,0.00021989289491745363,0.015,1.334414516213174e-23,0.0
0.0562,1e-05,0.0,0.012008350991442143,0.00021989289491745363,0.015,2.1166534211453248e-23,0.0
0.0562,1.26e-05,0.0,0.012008350991442143,0.00021989289491745363,0.015,3.360398971410318e-23,0.0
0.0562,1.58e-05,0.0,0.012008350991442143,0.00021989289491745363,0.015,5.284013600547191e-23,0.0
0.0562,2e-05,0.0,0.012008350991442143,0.00021989289491745363,0.015,8.466613684581299e-23,0.0
0.0562,2.51e-05,0.0,0.012008350991442143,0.00021989289491745363,0.015,1.333512821855766e-22,0.0
0.0562,3.16e-05,0.0,0.012008350991442143,0.00021989289491745363,0.015,2.1136054402188764e-22,0.0
0.0562,3.98e-05,0.0,0.012008350991442143,0.00021989289491745363,0.015,3.35286368523104e-22,0.0
0.0562,5.01e-05,0.0,0.012008350991442143,0.00021989289491745363,0.015,5.312821253608975e-22,0.0
0.0562,6.31e-05,0.0,0.012008350991442143,0.00021989289491745363,0.015,8.427688428166436e-22,0.0
0.0562,7.94e-05,0.0,0.012008350991442143,0.00021989289491745363,0.015,1.3344145162131744e-21,0.0
0.0562,0.0001,0.0,0.012008350991442143,0.00021989289491745363,0.015,2.116653421145325e-21,0.0
0.0562,0.000126,0.0,0.012008350991442143,0.00021989289491745363,0.015,3.360398971410317e-21,0.0
0.0562,0.000158,0.0,0.012008350991442143,0.00021989289491745363,0.015,5.284013600547188e-21,0.0
0.0562,0.0002,0.0,0.012008350991442143,0.00021989289491745363,0.015,8.4666136845813e-21,0.0
0.0562,0.000251,0.0,0.012008350991442143,0.00021989289491745363,0.015,1.3335128218557655e-20,0.0
0.0562,0.000316,0.0,0.012008350991442143,0.00021989289491745363,0.015,2.1136054402188753e-20,0.0
0.0562,0.000398,0.0,0.012008350991442143,0.00021989289491745363,0.015,3.3528636852310406e-20,0.0
0.0562,0.000501,0.0,0.012008350991442143,0.00021989289491745363,0.015,5.312821253608977e-20,0.0
0.0562,0.000631,0.0,0.012008350991442143,0.00021989289491745363,0.015,8.427688428166437e-20,0.0
0.0562,0.000794,0.0,0.012008350991442143,0.00021989289491745363,0.015,1.3344145162131737e-19,0.0
0.0562,0.001,0.0,0.012008350991442143,0.00021989289491745363,0.015,2.1166534211453247e-19,0.0
0.0562,0.00126,0.0,0.012008350991442143,0.00021989289491745363,0.015,3.3603989714103175e-19,0.0
0.0562,0.00158,0.0,0.012008350991442143,0.00021989289491745363,0.015,5.284013600547188e-19,0.0
0.0562,0.002,0.0,0.012008350991442143,0.00021989289491745363,0.015,8.466613684581299e-19,0.0
0.0562,0.00251,0.0,0.012008350991442143,0.00021989289491745363,0.015,1.333512821855766e-18,0.0
0.0562,0.00316,1.3682373176415209e-05,0.012008350991442143,0.00021989289491745363,0.015,2.1136054402188754e-18,0.19716328739794434
0.0562,0.00398,0.0,0.012008350991442143,0.00021989289491745363,0.015,3.3528636852310407e-18,0.0
0.0562,0.00501,3.324139525395551e-05,0.012008350991442143,0.00021989289491745363,0.015,5.312821253608976e-18,0.4790092099857082
0.0562,0.00631,7.117000826341083e-06,0.012008350991442143,0.00021989289491745363,0.015,8.427688428166436e-18,0.102556132714905
0.0562,0.00794,3.3425271412711166e-05,0.012008350991442143,0.00021989289491745363,0.015,1.3344145162131735e-17,0.4816588693296634
0.0562,0.01,7.929256407662154e-05,0.012008350991442143,0.00021989289491745363,0.015,2.1166534211453254e-17,1.1426075285321855
0.0562,0.0126,0.00011271783548933272,0.012008350991442143,0.00021989289491745363,0.015,3.360398971410318e-17,1.6242663978618492
0.0562,0.0158,5.3352045807762775e-05,0.012008350991442143,0.00021989289491745363,0.015,5.284013600547189e-17,0.7688041106053377
0.0562,0.02,0.00012695183714201485,0.012008350991442143,0.00021989289491745363,0.015,8.466613684581302e-17,1.8293786632916587
0.0562,0.0251,0.0002153824154985203,0.012008350991442143,0.00021989289491745363,0.015,1.3335128218557664e-16,3.1036651712290317
0.0562,0.0316,0.00032722765138014836,0.012008350991442143,0.00021989289491745363,0.015,2.1136054402188756e-16,4.715357390253707
0.0562,0.0398,0.0005281470321739266,0.012008350991442143,0.00021989289491745363,0.015,3.352863685231041e-16,7.610609924919595
0.0562,0.0501,0.0007885692976219568,0.012008350991442143,0.00021989289491745363,0.015,5.312821253608977e-16,11.363300288303352
0.0562,0.0631,0.000879024138017544,0.012008350991442143,0.00021989289491745363,0.015,8.427688428166436e-16,12.666756455117458
0.0562,0.0794,0.0015534529963589657,0.012008350991442143,0.00021989289491745363,0.015,1.3344145162131739e-15,22.385290594783143
0.0562,0.1,0.002338851242388772,0.012008350991442143,0.00021989289491745363,0.015,2.116653421145325e-15,33.70289596244988
0.0562,0.126,0.003000975174451677,0.012008350991442143,0.00021989289491745363,0.015,3.3603989714103185e-15,43.244115853704066
0.0562,0.158,0.00332824798272513,0.012008350991442143,0.00021989289491745363,0.015,5.284013600547189e-15,47.96012395574715
0.0562,0.2,0.0034599789757020225,0.012008350991442143,0.00021989289491745363,0.015,8.4666136845813e-15,49.858370355888425
0.0562,0.251,0.0028729693768439497,0.012008350991442143,0.00021989289491745363,0.015,1.3335128218557659e-14,41.399549597768356
0.0562,0.316,0.0019063905086631437,0.012008350991442143,0.00021989289491745363,0.015,2.1136054402188757e-14,27.471127625737143
0.0562,0.398,0.0007991331642785818,0.012008350991442143,0.00021989289491745363,0.015,3.352863685231041e-14,11.515525830670805
0.0562,0.501,0.0003324607337256287,0.012008350991442143,0.00021989289491745363,0.015,5.3128212536089755e-14,4.790766217739683
0.0562,0.631,1.8387615875565317e-07,0.012008350991442143,0.00021989289491745363,0.015,8.427688428166436e-14,0.0026496593439552245
0.0562,0.794,9.193807937782657e-08,0.012008350991442143,0.00021989289491745363,0.015,1.3344145162131743e-13,0.001324829671977612
0.0562,1.0,6.841186588207604e-06,0.012008350991442143,0.00021989289491745363,0.015,2.116653421145325e-13,0.09858164369897217
0.1,3.16e-08,0.0,0.012008240589038151,0.00021989087326566842,0.015,3.796731961172533e-28,0.0
0.1,3.98e-08,0.0,0.012008240589038151,0.00021989087326566842,0.015,6.02284819717968e-28,0.0
0.1,5.01e-08,0.0,0.012008240589038151,0.00021989087326566842,0.015,9.543577942099296e-28,0.0
0.1,6.31e-08,0.0,0.012008240589038151,0.00021989087326566842,0.015,1.5138905968518844e-27,0.0
0.1,7.94e-08,0.0,0.012008240589038151,0.00021989087326566842,0.015,2.3970482601684098e-27,0.0
0.1,1e-07,0.0,0.012008240589038151,0.00021989087326566842,0.015,3.802207139453347e-27,0.0
0.1,1.26e-07,0.0,0.012008240589038151,0.00021989087326566842,0.015,6.0363840545961334e-27,0.0
0.1,1.58e-07,0.0,0.012008240589038151,0.00021989087326566842,0.015,9.491829902931337e-27,0.0
0.1,2e-07,0.0,0.012008240589038151,0.00021989087326566842,0.015,1.520882855781339e-26,0.0
0.1,2.51e-07,0.0,0.012008240589038151,0.00021989087326566842,0.015,2.3954285199270035e-26,0.0
0.1,3.16e-07,0.0,0.012008240589038151,0.00021989087326566842,0.015,3.796731961172535e-26,0.0
0.1,3.98e-07,0.0,0.012008240589038151,0.00021989087326566842,0.015,6.022848197179679e-26,0.0
0.1,5.01e-07,0.0,0.012008240589038151,0.00021989087326566842,0.015,9.543577942099299e-26,0.0
0.1,6.31e-07,0.0,0.012008240589038151,0.00021989087326566842,0.015,1.513890596851884e-25,0.0
0.1,7.94e-07,0.0,0.012008240589038151,0.00021989087326566842,0.015,2.397048260168411e-25,0.0
0.1,1e-06,0.0,0.012008240589038151,0.00021989087326566842,0.015,3.802207139453348e-25,0.0
0.1,1.26e-06,0.0,0.012008240589038151,0.00021989087326566842,0.015,6.036384054596135e-25,0.0
0.1,1.58e-06,0.0,0.012008240589038151,0.00021989087326566842,0.015,9.491829902931333e-25,0.0
0.1,2e-06,0.0,0.012008240589038151,0.00021989087326566842,0.015,1.5208828557813391e-24,0.0
0.1,2.51e-06,0.0,0.012008240589038151,0.00021989087326566842,0.015,2.395428519927004e-24,0.0
0.1,3.16e-06,0.0,0.012008240589038151,0.00021989087326566842,0.015,3.796731961172533e-24,0.0
0.1,3.98e-06,0.0,0.012008240589038151,0.00021989087326566842,0.015,6.02284819717968e-24,0.0
0.1,5.01e-06,0.0,0.012008240589038151,0.00021989087326566842,0.015,9.543577942099298e-24,0.0
0.1,6.31e-06,0.0,0.012008240589038151,0.00021989087326566842,0.015,1.513890596851884e-23,0.0
0.1,7.94e-06,0.0,0.012008240589038151,0.00021989087326566842,0.015,2.3970482601684104e-23,0.0
0.1,1e-05,0.0,0.012008240589038151,0.00021989087326566842,0.015,3.802207139453348e-23,0.0
0.1,1.26e-05,0.0,0.012008240589038151,0.00021989087326566842,0.015,6.036384054596134e-23,0.0
0.1,1.58e-05,0.0,0.012008240589038151,0.00021989087326566842,0.015,9.49182990293134e-23,0.0
0.1,2e-05,0.0,0.012008240589038151,0.00021989087326566842,0.015,1.5208828557813392e-22,0.0
0.1,2.51e-05,0.0,0.012008240589038151,0.00021989087326566842,0.015,2.3954285199270034e-22,0.0
0.1,3.16e-05,0.0,0.012008240589038151,0.00021989087326566842,0.015,3.796731961172536e-22,0.0
0.1,3.98e-05,0.0,0.012008240589038151,0.00021989087326566842,0.015,6.022848197179681e-22,0.0
0.1,5.01e-05,0.0,0.012008240589038151,0.00021989087326566842,0.015,9.543577942099293e-22,0.0
0.1,6.31e-05,0.0,0.012008240589038151,0.00021989087326566842,0.015,1.5138905968518841e-21,0.0
0.1,7.94e-05,0.0,0.012008240589038151,0.00021989087326566842,0.015,2.3970482601684106e-21,0.0
0.1,0.0001,0.0,0.012008240589038151,0.00021989087326566842,0.015,3.802207139453348e-21,0.0
0.1,0.000126,0.0,0.012008240589038151,0.00021989087326566842,0.015,6.036384054596134e-21,0.0
0.1,0.000158,0.0,0.012008240589038151,0.00021989087326566842,0.015,9.491829902931336e-21,0.0
0.1,0.0002,0.0,0.012008240589038151,0.00021989087326566842,0.015,1.5208828557813392e-20,0.0
0.1,0.000251,0.0,0.012008240589038151,0.00021989087326566842,0.015,2.395428519927002e-20,0.0
0.1,0.000316,0.0,0.012008240589038151,0.00021989087326566842,0.015,3.7967319611725343e-20,0.0
0.1,0.000398,0.0,0.012008240589038151,0.00021989087326566842,0.015,6.022848197179681e-20,0.0
0.1,0.000501,0.0,0.012008240589038151,0.00021989087326566842,0.015,9.543577942099298e-20,0.0
0.1,0.000631,0.0,0.012008240589038151,0.00021989087326566842,0.015,1.5138905968518845e-19,0.0
0.1,0.000794,0.0,0.012008240589038151,0.00021989087326566842,0.015,2.39704826016841e-19,0.0
0.1,0.001,0.0,0.012008240589038151,0.00021989087326566842,0.015,3.8022071394533476e-19,0.0
0.1,0.00126,0.0,0.012008240589038151,0.00021989087326566842,0.015,6.036384054596134e-19,0.0
0.1,0.00158,0.0,0.012008240589038151,0.00021989087326566842,0.015,9.491829902931335e-19,0.0
0.1,0.002,0.0,0.012008240589038151,0.00021989087326566842,0.015,1.520882855781339e-18,0.0
0.1,0.00251,1.8215966825103507e-07,0.012008240589038151,0.00021989087326566842,0.015,2.3954285199270035e-18,0.0026249005463733644
0.1,0.00316,5.996196835625322e-05,0.012008240589038151,0.00021989087326566842,0.015,3.796731961172534e-18,0.8640452906570174
0.1,0.00398,2.732395023765526e-07,0.012008240589038151,0.00021989087326566842,0.015,6.022848197179681e-18,0.003937350819560047
0.1,0.00501,9.107983412551754e-08,0.012008240589038151,0.00021989087326566842,0.015,9.543577942099296e-18,0.0013124502731866822
0.1,0.00631,5.316619021171426e-05,0.012008240589038151,0.00021989087326566842,0.015,1.513890596851884e-17,0.766118883917796
0.1,0.00794,0.00011294599889971641,0.012008240589038151,0.00021989087326566842,0.015,2.39704826016841e-17,1.6275392740284396
0.1,0.01,0.0001470079709060539,0.012008240589038151,0.00021989087326566842,0.015,3.8022071394533477e-17,2.1183684997754595
0.1,0.0126,0.0002797037454005086,0.012008240589038151,0.00021989087326566842,0.015,6.036384054596136e-17,4.030499842109257
0.1,0.0158,0.000313037078733842,0.012008240589038151,0.00021989087326566842,0.015,9.491829902931338e-17,4.510829465670784
0.1,0.02,0.00042725819531131564,0.012008240589038151,0.00021989087326566842,0.015,1.520882855781339e-16,6.156743043523837
0.1,0.0251,0.0005214642953421574,0.012008240589038151,0.00021989087326566842,0.015,2.3954285199270034e-16,7.5142424604742475
0.1,0.0316,0.0008964830958839796,0.012008240589038151,0.00021989087326566842,0.015,3.7967319611725352e-16,12.9182216392567
0.1,0.0398,0.0015672722313036138,0.012008240589038151,0.00021989087326566842,0.015,6.022848197179681e-16,22.584218426414935
0.1,0.0501,0.0021178643099424945,0.012008240589038151,0.00021989087326566842,0.015,9.543577942099298e-16,30.518189002472088
0.1,0.0631,0.0027596008642326946,0.012008240589038151,0.00021989087326566842,0.015,1.5138905968518842e-15,39.76554132890857
0.1,0.0794,0.0033284694440193384,0.012008240589038151,0.00021989087326566842,0.015,2.397048260168411e-15,47.96287425245552
0.1,0.1,0.0031793427607110796,0.012008240589038151,0.00021989087326566842,0.015,3.8022071394533474e-15,45.813975342762475
0.1,0.126,0.002802122047049279,0.012008240589038151,0.00021989087326566842,0.015,6.036384054596135e-15,40.378266840978995
0.1,0.158,0.0019363821758248334,0.012008240589038151,0.00021989087326566842,0.015,9.491829902931336e-15,27.90305164755573
0.1,0.2,0.001056809383576735,0.012008240589038151,0.00021989087326566842,0.015,1.520882855781339e-14,15.228505601691047
0.1,0.251,0.0006123004415103549,0.012008240589038151,0.00021989087326566842,0.015,2.395428519927003e-14,8.82318121731675
0.1,0.316,0.00010045539917062761,0.012008240589038151,0.00021989087326566842,0.015,3.796731961172534e-14,1.447551122050512
0.1,0.398,9.107983412551754e-08,0.012008240589038151,0.00021989087326566842,0.015,6.022848197179682e-14,0.0013124502731866822
0.1,0.501,0.0,0.012008240589038151,0.00021989087326566842,0.015,9.543577942099294e-14,0.0
0.1,0.631,0.0,0.012008240589038151,0.00021989087326566842,0.015,1.5138905968518842e-13,0.0
0.1,0.794,0.0,0.012008240589038151,0.00021989087326566842,0.015,2.397048260168411e-13,0.0
0.1,1.0,0.0,0.012008240589038151,0.00021989087326566842,0.015,3.802207139453347e-13,0.0
0.178,3.16e-08,0.0,0.012007890676295459,0.00021988446578090934,0.015,6.778213642225725e-28,0.0
0.178,3.98e-08,0.0,0.012007890676295459,0.00021988446578090934,0.015,1.075244505871579e-27,0.0
0.178,5.01e-08,0.0,0.012007890676295459,0.00021988446578090934,0.015,1.7037918626945794e-27,0.0
0.178,6.31e-08,0.0,0.012007890676295459,0.00021988446578090934,0.015,2.7027122276099957e-27,0.0
0.178,7.94e-08,0.0,0.012007890676295459,0.00021988446578090934,0.015,4.2793922205478066e-27,0.0
0.178,1e-07,0.0,0.012007890676295459,0.00021988446578090934,0.015,6.787988345443163e-27,0.0
0.178,1.26e-07,0.0,0.012007890676295459,0.00021988446578090934,0.015,1.0776610297225566e-26,0.0
0.178,1.58e-07,0.0,0.012007890676295459,0.00021988446578090934,0.015,1.6945534105564318e-26,0.0
0.178,2e-07,0.0,0.012007890676295459,0.00021988446578090934,0.015,2.7151953381772654e-26,0.0
0.178,2.51e-07,0.0,0.012007890676295459,0.00021988446578090934,0.015,4.276500537512648e-26,0.0
0.178,3.16e-07,0.0,0.012007890676295459,0.00021988446578090934,0.015,6.778213642225727e-26,0.0
0.178,3.98e-07,0.0,0.012007890676295459,0.00021988446578090934,0.015,1.075244505871579e-25,0.0
0.178,5.01e-07,0.0,0.012007890676295459,0.00021988446578090934,0.015,1.7037918626945804e-25,0.0
0.178,6.31e-07,0.0,0.012007890676295459,0.00021988446578090934,0.015,2.7027122276099954e-25,0.0
0.178,7.94e-07,0.0,0.012007890676295459,0.00021988446578090934,0.015,4.279392220547808e-25,0.0
0.178,1e-06,0.0,0.012007890676295459,0.00021988446578090934,0.015,6.787988345443164e-25,0.0
0.178,1.26e-06,0.0,0.012007890676295459,0.00021988446578090934,0.015,1.0776610297225568e-24,0.0
0.178,1.58e-06,0.0,0.012007890676295459,0.00021988446578090934,0.015,1.694553410556431e-24,0.0
0.178,2e-06,0.0,0.012007890676295459,0.00021988446578090934,0.015,2.7151953381772656e-24,0.0
0.178,2.51e-06,0.0,0.012007890676295459,0.00021988446578090934,0.015,4.276500537512649e-24,0.0
0.178,3.16e-06,0.0,0.012007890676295459,0.00021988446578090934,0.015,6.778213642225724e-24,0.0
0.178,3.98e-06,0.0,0.012007890676295459,0.00021988446578090934,0.015,1.075244505871579e-23,0.0
0.178,5.01e-06,0.0,0.012007890676295459,0.00021988446578090934,0.015,1.7037918626945798e-23,0.0
0.178,6.31e-06,0.0,0.012007890676295459,0.00021988446578090934,0.015,2.7027122276099954e-23,0.0
0.178,7.94e-06,0.0,0.012007890676295459,0.00021988446578090934,0.015,4.279392220547807e-23,0.0
0.178,1e-05,0.0,0.012007890676295459,0.00021988446578090934,0.015,6.787988345443164e-23,0.0
0.178,1.26e-05,0.0,0.012007890676295459,0.00021988446578090934,0.015,1.0776610297225568e-22,0.0
0.178,1.58e-05,0.0,0.012007890676295459,0.00021988446578090934,0.015,1.6945534105564321e-22,0.0
0.178,2e-05,0.0,0.012007890676295459,0.00021988446578090934,0.015,2.7151953381772657e-22,0.0
0.178,2.51e-05,0.0,0.012007890676295459,0.00021988446578090934,0.015,4.276500537512648e-22,0.0
0.178,3.16e-05,0.0,0.012007890676295459,0.00021988446578090934,0.015,6.778213642225729e-22,0.0
0.178,3.98e-05,0.0,0.012007890676295459,0.00021988446578090934,0.015,1.0752445058715789e-21,0.0
0.178,5.01e-05,0.0,0.012007890676295459,0.00021988446578090934,0.015,1.7037918626945795e-21,0.0
0.178,6.31e-05,0.0,0.012007890676295459,0.00021988446578090934,0.015,2.7027122276099954e-21,0.0
0.178,7.94e-05,0.0,0.012007890676295459,0.00021988446578090934,0.015,4.2793922205478076e-21,0.0
0.178,0.0001,0.0,0.012007890676295459,0.00021988446578090934,0.015,6.787988345443167e-21,0.0
0.178,0.000126,0.0,0.012007890676295459,0.00021988446578090934,0.015,1.0776610297225565e-20,0.0
0.178,0.000158,0.0,0.012007890676295459,0.00021988446578090934,0.015,1.6945534105564315e-20,0.0
0.178,0.0002,0.0,0.012007890676295459,0.00021988446578090934,0.015,2.715195338177267e-20,0.0
0.178,0.000251,0.0,0.012007890676295459,0.00021988446578090934,0.015,4.2765005375126464e-20,0.0
0.178,0.000316,0.0,0.012007890676295459,0.00021988446578090934,0.015,6.778213642225726e-20,0.0
0.178,0.000398,0.0,0.012007890676295459,0.00021988446578090934,0.015,1.0752445058715791e-19,0.0
0.178,0.000501,0.0,0.012007890676295459,0.00021988446578090934,0.015,1.70379186269458e-19,0.0
0.178,0.000631,0.0,0.012007890676295459,0.00021988446578090934,0.015,2.702712227609996e-19,0.0
0.178,0.000794,0.0,0.012007890676295459,0.00021988446578090934,0.015,4.2793922205478054e-19,0.0
0.178,0.001,0.0,0.012007890676295459,0.00021988446578090934,0.015,6.787988345443164e-19,0.0
0.178,0.00126,0.0,0.012007890676295459,0.00021988446578090934,0.015,1.0776610297225568e-18,0.0
0.178,0.00158,1.8162784802077906e-07,0.012007890676295459,0.00021988446578090934,0.015,1.6945534105564313e-18,0.0026171608113651863
0.178,0.002,6.781739161548611e-06,0.012007890676295459,0.00021988446578090934,0.015,2.7151953381772658e-18,0.09772125893643284
0.178,0.00251,3.3333333333333335e-05,0.012007890676295459,0.00021988446578090934,0.015,4.276500537512648e-18,0.48031562705181846
0.178,0.00316,2.034521748464583e-05,0.012007890676295459,0.00021988446578090934,0.015,6.778213642225725e-18,0.29316377680929845
0.178,0.00398,4.5406962005194756e-07,0.012007890676295459,0.00021988446578090934,0.015,1.0752445058715792e-17,0.0065429020284129644
0.178,0.00501,6.055110390353818e-05,0.012007890676295459,0.00021988446578090934,0.015,1.7037918626945794e-17,0.8725092432032325
0.178,0.00631,0.00010121105994248243,0.012007890676295459,0.00021988446578090934,0.015,2.7027122276099953e-17,1.458397611625579
0.178,0.00794,0.0002735087408218783,0.012007890676295459,0.00021988446578090934,0.015,4.279392220547806e-17,3.941115670560413
0.178,0.01,0.00031577349142969396,0.012007890676295459,0.00021988446578090934,0.015,6.787988345443164e-17,4.550128276271864
0.178,0.0126,0.0005472295884221248,0.012007890676295459,0.00021988446578090934,0.015,1.0776610297225568e-16,7.885287687128441
0.178,0.0158,0.000589130460466867,0.012007890676295459,0.00021988446578090934,0.015,1.6945534105564316e-16,8.489056996034092
0.178,0.02,0.001103723370884426,0.012007890676295459,0.00021988446578090934,0.015,2.715195338177266e-16,15.904067489342996
0.178,0.0251,0.0016373590020531059,0.012007890676295459,0.00021988446578090934,0.015,4.2765005375126484e-16,23.593473473402316
0.178,0.0316,0.002346532382169272,0.012007890676295459,0.00021988446578090934,0.015,6.778213642225726e-16,33.81228517617094
0.178,0.0398,0.0032560385390511325,0.012007890676295459,0.00021988446578090934,0.015,1.0752445058715792e-15,46.91778577767695
0.178,0.0501,0.0036856174716456075,0.012007890676295459,0.00021988446578090934,0.015,1.7037918626945797e-15,53.10779000899793
0.178,0.0631,0.003787222194271532,0.012007890676295459,0.00021988446578090934,0.015,2.702712227609996e-15,54.571860090782835
0.178,0.0794,0.002617680032909827,0.012007890676295459,0.00021988446578090934,0.015,4.279392220547806e-15,37.71937879284325
0.178,0.1,0.0014538894838052308,0.012007890676295459,0.00021988446578090934,0.015,6.787988345443165e-15,20.94977517233862
0.178,0.126,0.0005094458218881973,0.012007890676295459,0.00021988446578090934,0.015,1.077661029722557e-14,7.340843681674755
0.178,0.158,0.0002928245262120625,0.012007890676295459,0.00021988446578090934,0.015,1.6945534105564315e-14,4.219445877710953
0.178,0.2,1.8162784802077904e-07,0.012007890676295459,0.00021988446578090934,0.015,2.715195338177266e-14,0.002617160811365186
0.178,0.251,9.081392401038952e-08,0.012007890676295459,0.00021988446578090934,0.015,4.276500537512648e-14,0.001308580405682593
0.178,0.316,0.0,0.012007890676295459,0.00021988446578090934,0.015,6.778213642225726e-14,0.0
0.178,0.398,0.0,0.012007890676295459,0.00021988446578090934,0.015,1.075244505871579e-13,0.0
0.178,0.501,0.0,0.012007890676295459,0.00021988446578090934,0.015,1.7037918626945793e-13,0.0
0.178,0.631,0.0,0.012007890676295459,0.00021988446578090934,0.015,2.7027122276099956e-13,0.0
0.178,0.794,0.0,0.012007890676295459,0.00021988446578090934,0.015,4.2793922205478077e-13,0.0
0.178,1.0,0.0,0.012007890676295459,0.00021988446578090934,0.015,6.787988345443165e-13,0.0
0.316,3.16e-08,0.0,0.012006790615090097,0.00021986432182915394,0.015,4.008895752389564e-25,0.0
0.316,3.98e-08,0.0,0.012006790615090097,0.00021986432182915394,0.015,6.35940877625297e-25,0.0
0.316,5.01e-08,0.0,0.012006790615090097,0.00021986432182915394,0.015,1.0076879133407438e-24,0.0
0.316,6.31e-08,0.0,0.012006790615090097,0.00021986432182915394,0.015,1.5984877640474101e-24,0.0
0.316,7.94e-08,0.0,0.012006790615090097,0.00021986432182915394,0.015,2.530996838000188e-24,0.0
0.316,1e-07,0.0,0.012006790615090097,0.00021986432182915394,0.015,4.014676887106998e-24,0.0
0.316,1.26e-07,0.0,0.012006790615090097,0.00021986432182915394,0.015,6.373701025971071e-24,0.0
0.316,1.58e-07,0.0,0.012006790615090097,0.00021986432182915394,0.015,1.0022239380973914e-23,0.0
0.316,2e-07,0.0,0.012006790615090097,0.00021986432182915394,0.015,1.6058707548427992e-23,0.0
0.316,2.51e-07,0.0,0.012006790615090097,0.00021986432182915394,0.015,2.5292865856462806e-23,0.0
0.316,3.16e-07,0.0,0.012006790615090097,0.00021986432182915394,0.015,4.0088957523895655e-23,0.0
0.316,3.98e-07,0.0,0.012006790615090097,0.00021986432182915394,0.015,6.359408776252971e-23,0.0
0.316,5.01e-07,0.0,0.012006790615090097,0.00021986432182915394,0.015,1.0076879133407441e-22,0.0
0.316,6.31e-07,0.0,0.012006790615090097,0.00021986432182915394,0.015,1.5984877640474095e-22,0.0
0.316,7.94e-07,0.0,0.012006790615090097,0.00021986432182915394,0.015,2.5309968380001885e-22,0.0
0.316,1e-06,0.0,0.012006790615090097,0.00021986432182915394,0.015,4.0146768871069985e-22,0.0
0.316,1.26e-06,0.0,0.012006790615090097,0.00021986432182915394,0.015,6.373701025971071e-22,0.0
0.316,1.58e-06,0.0,0.012006790615090097,0.00021986432182915394,0.015,1.0022239380973909e-21,0.0
0.316,2e-06,0.0,0.012006790615090097,0.00021986432182915394,0.015,1.6058707548427994e-21,0.0
0.316,2.51e-06,0.0,0.012006790615090097,0.00021986432182915394,0.015,2.5292865856462806e-21,0.0
0.316,3.16e-06,0.0,0.012006790615090097,0.00021986432182915394,0.015,4.0088957523895636e-21,0.0
0.316,3.98e-06,0.0,0.012006790615090097,0.00021986432182915394,0.015,6.3594087762529694e-21,0.0
0.316,5.01e-06,0.0,0.012006790615090097,0.00021986432182915394,0.015,1.007687913340744e-20,0.0
0.316,6.31e-06,0.0,0.012006790615090097,0.00021986432182915394,0.015,1.5984877640474095e-20,0.0
0.316,7.94e-06,0.0,0.012006790615090097,0.00021986432182915394,0.015,2.5309968380001882e-20,0.0
0.316,1e-05,0.0,0.012006790615090097,0.00021986432182915394,0.015,4.014676887106999e-20,0.0
0.316,1.26e-05,0.0,0.012006790615090097,0.00021986432182915394,0.015,6.373701025971072e-20,0.0
0.316,1.58e-05,8.66519776942188e-06,0.012006790615090097,0.00021986432182915394,0.015,1.0022239380973914e-19,0.12484945830695311
0.316,2e-05,0.0,0.012006790615090097,0.00021986432182915394,0.015,1.6058707548427997e-19,0.0
0.316,2.51e-05,0.0,0.012006790615090097,0.00021986432182915394,0.015,2.52928658564628e-19,0.0
0.316,3.16e-05,2.4567988247553707e-05,0.012006790615090097,0.00021986432182915394,0.015,4.0088957523895655e-19,0.35397922886684596
0.316,3.98e-05,8.74471049339757e-06,0.012006790615090097,0.00021986432182915394,0.015,6.359408776252969e-19,0.125995089460567
0.316,5.01e-05,3.323345861010121e-05,0.012006790615090097,0.00021986432182915394,0.015,1.0076879133407437e-18,0.478832614736098
0.316,6.31e-05,1.735103013122582e-05,0.012006790615090097,0.00021986432182915394,0.015,1.59848776404741e-18,0.2499962228900972
0.316,7.94e-05,3.3412846057309015e-05,0.012006790615090097,0.00021986432182915394,0.015,2.5309968380001883e-18,0.4814172557572176
0.316,0.0001,5.802155830337561e-05,0.012006790615090097,0.00021986432182915394,0.015,4.014676887106999e-18,0.8359832420518478
0.316,0.000126,7.513320536212676e-05,0.012006790615090097,0.00021986432182915394,0.015,6.373701025971071e-18,1.0825303980283445
0.316,0.000158,0.00018520428322737603,0.012006790615090097,0.00021986432182915394,0.015,1.0022239380973912e-17,2.6684508596747363
0.316,0.0002,0.0001751334779552524,0.012006790615090097,0.00021986432182915394,0.015,1.6058707548427996e-17,2.5233491994014554
0.316,0.000251,0.0004113209310375071,0.012006790615090097,0.00021986432182915394,0.015,2.5292865856462796e-17,5.926373153485514
0.316,0.000316,0.0006212150747936791,0.012006790615090097,0.00021986432182915394,0.015,4.008895752389565e-17,8.950559195982287
0.316,0.000398,0.0008377346683156919,0.012006790615090097,0.00021986432182915394,0.015,6.359408776252971e-17,12.070205704162158
0.316,0.000501,0.001476658696733974,0.012006790615090097,0.00021986432182915394,0.015,1.0076879133407438e-16,21.275918137963984
0.316,0.000631,0.0020607979997204736,0.012006790615090097,0.00021986432182915394,0.015,1.5984877640474098e-16,29.69228409916827
0.316,0.000794,0.002991681347644011,0.012006790615090097,0.00021986432182915394,0.015,2.5309968380001873e-16,43.10458983387865
0.316,0.001,0.004189379172069478,0.012006790615090097,0.00021986432182915394,0.015,4.0146768871069995e-16,60.36119823150926
0.316,0.00126,0.00532209021065239,0.012006790615090097,0.00021986432182915394,0.015,6.373701025971071e-16,76.6814673527088
0.316,0.00158,0.006191909238754661,0.012006790615090097,0.00021986432182915394,0.015,1.002223938097391e-15,89.21394928484295
0.316,0.002,0.005819292523300716,0.012006790615090097,0.00021986432182915394,0.015,1.6058707548427998e-15,83.84523222627722
0.316,0.00251,0.004844597967117404,0.012006790615090097,0.00021986432182915394,0.015,2.52928658564628e-15,69.80168808656377
0.316,0.00316,0.0029832337548431316,0.012006790615090097,0.00021986432182915394,0.015,4.008895752389564e-15,42.9828756603246
0.316,0.00398,0.001327949695933254,0.012006790615090097,0.00021986432182915394,0.015,6.359408776252971e-15,19.133296735731772
0.316,0.00501,0.00035779951158460493,0.012006790615090097,0.00021986432182915394,0.015,1.0076879133407437e-14,5.155228581333426
0.316,0.00631,9.129326045268838e-05,0.012006790615090097,0.00021986432182915394,0.015,1.5984877640474097e-14,1.3153668753891778
0.316,0.00794,2.4567988247553707e-05,0.012006790615090097,0.00021986432182915394,0.015,2.5309968380001878e-14,0.35397922886684596
0.316,0.01,0.0,0.012006790615090097,0.00021986432182915394,0.015,4.014676887106999e-14,0.0
0.316,0.0126,0.0,0.012006790615090097,0.00021986432182915394,0.015,6.373701025971073e-14,0.0
0.316,0.0158,0.0,0.012006790615090097,0.00021986432182915394,0.015,1.0022239380973914e-13,0.0
0.316,0.02,0.0,0.012006790615090097,0.00021986432182915394,0.015,1.6058707548427997e-13,0.0
0.316,0.0251,0.0,0.012006790615090097,0.00021986432182915394,0.015,2.529286585646281e-13,0.0
0.316,0.0316,0.0,0.012006790615090097,0.00021986432182915394,0.015,4.0088957523895657e-13,0.0
0.316,0.0398,0.0,0.012006790615090097,0.00021986432182915394,0.015,6.359408776252972e-13,0.0
0.316,0.0501,0.0,0.012006790615090097,0.00021986432182915394,0.015,1.007687913340744e-12,0.0
0.316,0.0631,0.0,0.012006790615090097,0.00021986432182915394,0.015,1.5984877640474097e-12,0.0
0.316,0.0794,0.0,0.012006790615090097,0.00021986432182915394,0.015,2.5309968380001876e-12,0.0
0.316,0.1,0.0,0.012006790615090097,0.00021986432182915394,0.015,4.014676887106999e-12,0.0
0.316,0.126,0.0,0.012006790615090097,0.00021986432182915394,0.015,6.373701025971072e-12,0.0
0.316,0.158,0.0,0.012006790615090097,0.00021986432182915394,0.015,1.0022239380973914e-11,0.0
0.316,0.2,0.0,0.012006790615090097,0.00021986432182915394,0.015,1.6058707548427998e-11,0.0
0.316,0.251,0.0,0.012006790615090097,0.00021986432182915394,0.015,2.5292865856462803e-11,0.0
0.316,0.316,0.0,0.012006790615090097,0.00021986432182915394,0.015,4.0088957523895655e-11,0.0
0.316,0.398,0.0,0.012006790615090097,0.00021986432182915394,0.015,6.359408776252971e-11,0.0
0.316,0.501,0.0,0.012006790615090097,0.00021986432182915394,0.015,1.0076879133407438e-10,0.0
0.316,0.631,0.0,0.012006790615090097,0.00021986432182915394,0.015,1.5984877640474096e-10,0.0
0.316,0.794,0.0,0.012006790615090097,0.00021986432182915394,0.015,2.530996838000188e-10,0.0
0.316,1.0,0.0,0.012006790615090097,0.00021986432182915394,0.015,4.014676887106999e-10,0.0
0.562,3.16e-08,0.0,0.012003305555193333,0.00021980050458145637,0.015,8.708017242401745e-25,0.0
0.562,3.98e-08,0.0,0.012003305555193333,0.00021980050458145637,0.015,1.381373941741514e-24,0.0
0.562,5.01e-08,0.0,0.012003305555193333,0.00021980050458145637,0.015,2.188873012998799e-24,0.0
0.562,6.31e-08,0.0,0.012003305555193333,0.00021980050458145637,0.015,3.472192810899618e-24,0.0
0.562,7.94e-08,0.0,0.012003305555193333,0.00021980050458145637,0.015,5.497764338878773e-24,0.0
0.562,1e-07,0.0,0.012003305555193333,0.00021980050458145637,0.015,8.720574870214853e-24,0.0
0.562,1.26e-07,0.0,0.012003305555193333,0.00021980050458145637,0.015,1.3844784663953101e-23,0.0
0.562,1.58e-07,0.0,0.012003305555193333,0.00021980050458145637,0.015,2.177004310600437e-23,0.0
0.562,2e-07,0.0,0.012003305555193333,0.00021980050458145637,0.015,3.488229948085941e-23,0.0
0.562,2.51e-07,0.0,0.012003305555193333,0.00021980050458145637,0.015,5.494049373984062e-23,0.0
0.562,3.16e-07,0.0,0.012003305555193333,0.00021980050458145637,0.015,8.708017242401748e-23,0.0
0.562,3.98e-07,0.0,0.012003305555193333,0.00021980050458145637,0.015,1.3813739417415138e-22,0.0
0.562,5.01e-07,0.0,0.012003305555193333,0.00021980050458145637,0.015,2.1888730129987995e-22,0.0
0.562,6.31e-07,0.0,0.012003305555193333,0.00021980050458145637,0.015,3.472192810899617e-22,0.0
0.562,7.94e-07,0.0,0.012003305555193333,0.00021980050458145637,0.015,5.497764338878774e-22,0.0
0.562,1e-06,0.0,0.012003305555193333,0.00021980050458145637,0.015,8.720574870214855e-22,0.0
0.562,1.26e-06,0.0,0.012003305555193333,0.00021980050458145637,0.015,1.3844784663953103e-21,0.0
0.562,1.58e-06,0.0,0.012003305555193333,0.00021980050458145637,0.015,2.1770043106004364e-21,0.0
0.562,2e-06,0.0,0.012003305555193333,0.00021980050458145637,0.015,3.488229948085942e-21,0.0
0.562,2.51e-06,0.0,0.012003305555193333,0.00021980050458145637,0.015,5.494049373984062e-21,0.0
0.562,3.16e-06,0.0,0.012003305555193333,0.00021980050458145637,0.015,8.708017242401745e-21,0.0
0.562,3.98e-06,0.0,0.012003305555193333,0.00021980050458145637,0.015,1.381373941741514e-20,0.0
0.562,5.01e-06,0.0,0.012003305555193333,0.00021980050458145637,0.015,2.1888730129987992e-20,0.0
0.562,6.31e-06,0.0,0.012003305555193333,0.00021980050458145637,0.015,3.472192810899617e-20,0.0
0.562,7.94e-06,0.0,0.012003305555193333,0.00021980050458145637,0.015,5.497764338878773e-20,0.0
0.562,1e-05,0.0,0.012003305555193333,0.00021980050458145637,0.015,8.720574870214857e-20,0.0
0.562,1.26e-05,0.0,0.012003305555193333,0.00021980050458145637,0.015,1.3844784663953107e-19,0.0
0.562,1.58e-05,2.231881684591982e-10,0.012003305555193333,0.00021980050458145637,0.015,2.177004310600437e-19,3.214794938783663e-06
0.562,2e-05,3.331643714253372e-05,0.012003305555193333,0.00021980050458145637,0.015,3.4882299480859427e-19,0.4798888500386694
0.562,2.51e-05,2.2318816845919824e-10,0.012003305555193333,0.00021980050458145637,0.015,5.494049373984061e-19,3.214794938783664e-06
0.562,3.16e-05,5.979418423680386e-05,0.012003305555193333,0.00021980050458145637,0.015,8.708017242401748e-19,0.8612734365814578
0.562,3.98e-05,8.17972244130001e-08,0.012003305555193333,0.00021980050458145637,0.015,1.381373941741514e-18,0.001178204493835152
0.562,5.01e-05,6.863706869789518e-05,0.012003305555193333,0.00021980050458145637,0.015,2.1888730129987984e-18,0.9886460495923579
0.562,6.31e-05,8.42035054491383e-05,0.012003305555193333,0.00021980050458145637,0.015,3.472192810899617e-18,1.2128644856692725
0.562,7.94e-05,0.00020001510521388838,0.012003305555193333,0.00021980050458145637,0.015,5.497764338878774e-18,2.8810109082437347
0.562,0.0001,0.00019335735218158732,0.012003305555193333,0.00021980050458145637,0.015,8.720574870214856e-18,2.7851128554944653
0.562,0.000126,0.0004594029870582123,0.012003305555193333,0.00021980050458145637,0.015,1.3844784663953103e-17,6.617225311953901
0.562,0.000158,0.0004845958130970085,0.012003305555193333,0.00021980050458145637,0.015,2.1770043106004364e-17,6.9801019384449035
0.562,0.0002,0.0006817137073611593,0.012003305555193333,0.00021980050458145637,0.015,3.4882299480859425e-17,9.819381516743576
0.562,0.000251,0.0012900675939811204,0.012003305555193333,0.00021980050458145637,0.015,5.4940493739840596e-17,18.582090620890177
0.562,0.000316,0.0016742740118195758,0.012003305555193333,0.00021980050458145637,0.015,8.708017242401746e-17,24.11618705638769
0.562,0.000398,0.0030417279163476502,0.012003305555193333,0.00021980050458145637,0.015,1.3813739417415142e-16,43.81294751481887
0.562,0.000501,0.0038333491294725032,0.012003305555193333,0.00021980050458145637,0.015,2.1888730129987993e-16,55.21543308095139
0.562,0.000631,0.0048901651928162666,0.012003305555193333,0.00021980050458145637,0.015,3.4721928108996175e-16,70.43777642969349
0.562,0.000794,0.00602493809461605,0.012003305555193333,0.00021980050458145637,0.015,5.497764338878772e-16,86.78300748096092
0.562,0.001,0.006061573683906367,0.012003305555193333,0.00021980050458145637,0.015,8.720574870214855e-16,87.31070528789643
0.562,0.00126,0.004591801781105439,0.012003305555193333,0.00021980050458145637,0.015,1.3844784663953104e-15,66.14015979298749
0.562,0.00158,0.002835496709721156,0.012003305555193333,0.00021980050458145637,0.015,2.1770043106004364e-15,40.842400089034044
0.562,0.002,0.0012609686898860286,0.012003305555193333,0.00021980050458145637,0.015,3.488229948085942e-15,18.162950976280595
0.562,0.00251,0.0004220648413814824,0.012003305555193333,0.00021980050458145637,0.015,5.494049373984061e-15,6.0794079062473685
0.562,0.00316,6.692738674196247e-05,0.012003305555193333,0.00021980050458145637,0.015,8.708017242401746e-15,0.9640198476892451
0.562,0.00398,8.85866471104862e-06,0.012003305555193333,0.00021980050458145637,0.015,1.3813739417415143e-14,0.12759991120527006
0.562,0.00501,0.0,0.012003305555193333,0.00021980050458145637,0.015,2.188873012998799e-14,0.0
0.562,0.00631,0.0,0.012003305555193333,0.00021980050458145637,0.015,3.472192810899616e-14,0.0
0.562,0.00794,0.0,0.012003305555193333,0.00021980050458145637,0.015,5.497764338878772e-14,0.0
0.562,0.01,0.0,0.012003305555193333,0.00021980050458145637,0.015,8.720574870214855e-14,0.0
0.562,0.0126,0.0,0.012003305555193333,0.00021980050458145637,0.015,1.3844784663953105e-13,0.0
0.562,0.0158,0.0,0.012003305555193333,0.00021980050458145637,0.015,2.1770043106004373e-13,0.0
0.562,0.02,0.0,0.012003305555193333,0.00021980050458145637,0.015,3.488229948085942e-13,0.0
0.562,0.0251,0.0,0.012003305555193333,0.00021980050458145637,0.015,5.494049373984062e-13,0.0
0.562,0.0316,0.0,0.012003305555193333,0.00021980050458145637,0.015,8.708017242401749e-13,0.0
0.562,0.0398,0.0,0.012003305555193333,0.00021980050458145637,0.015,1.381373941741514e-12,0.0
0.562,0.0501,0.0,0.012003305555193333,0.00021980050458145637,0.015,2.1888730129987987e-12,0.0
0.562,0.0631,0.0,0.012003305555193333,0.00021980050458145637,0.015,3.4721928108996167e-12,0.0
0.562,0.0794,0.0,0.012003305555193333,0.00021980050458145637,0.015,5.497764338878773e-12,0.0
0.562,0.1,0.0,0.012003305555193333,0.00021980050458145637,0.015,8.720574870214857e-12,0.0
0.562,0.126,0.0,0.012003305555193333,0.00021980050458145637,0.015,1.3844784663953106e-11,0.0
0.562,0.158,0.0,0.012003305555193333,0.00021980050458145637,0.015,2.177004310600437e-11,0.0
0.562,0.2,0.0,0.012003305555193333,0.00021980050458145637,0.015,3.488229948085943e-11,0.0
0.562,0.251,0.0,0.012003305555193333,0.00021980050458145637,0.015,5.494049373984061e-11,0.0
0.562,0.316,0.0,0.012003305555193333,0.00021980050458145637,0.015,8.708017242401748e-11,0.0
0.562,0.398,0.0,0.012003305555193333,0.00021980050458145637,0.015,1.3813739417415144e-10,0.0
0.562,0.501,0.0,0.012003305555193333,0.00021980050458145637,0.015,2.1888730129987987e-10,0.0
0.562,0.631,0.0,0.012003305555193333,0.00021980050458145637,0.015,3.4721928108996164e-10,0.0
0.562,0.794,0.0,0.012003305555193333,0.00021980050458145637,0.015,5.497764338878775e-10,0.0
0.562,1.0,0.0,0.012003305555193333,0.00021980050458145637,0.015,8.720574870214855e-10,0.0
1.0,3.16e-08,0.0,0.011992268833131842,0.00021959840382955212,0.015,1.6281952783298434e-24,0.0
1.0,3.98e-08,0.0,0.011992268833131842,0.00021959840382955212,0.015,2.582845746560653e-24,0.0
1.0,5.01e-08,0.0,0.011992268833131842,0.00021959840382955212,0.015,4.0926798896017166e-24,0.0
1.0,6.31e-08,0.0,0.011992268833131842,0.00021959840382955212,0.015,6.492187351937679e-24,0.0
1.0,7.94e-08,0.0,0.011992268833131842,0.00021959840382955212,0.015,1.027953171055473e-23,0.0
1.0,1e-07,0.0,0.011992268833131842,0.00021959840382955212,0.015,1.6305432606251433e-23,0.0
1.0,1.26e-07,0.0,0.011992268833131842,0.00021959840382955212,0.015,2.588650480568478e-23,0.0
1.0,1.58e-07,0.0,0.011992268833131842,0.00021959840382955212,0.015,4.0704881958246095e-23,0.0
1.0,2e-07,0.0,0.011992268833131842,0.00021959840382955212,0.015,6.522173042500573e-23,0.0
1.0,2.51e-07,0.0,0.011992268833131842,0.00021959840382955212,0.015,1.0272585596264468e-22,0.0
1.0,3.16e-07,0.0,0.011992268833131842,0.00021959840382955212,0.015,1.6281952783298438e-22,0.0
1.0,3.98e-07,0.0,0.011992268833131842,0.00021959840382955212,0.015,2.5828457465606523e-22,0.0
1.0,5.01e-07,0.0,0.011992268833131842,0.00021959840382955212,0.015,4.0926798896017186e-22,0.0
1.0,6.31e-07,0.0,0.011992268833131842,0.00021959840382955212,0.015,6.492187351937678e-22,0.0
1.0,7.94e-07,0.0,0.011992268833131842,0.00021959840382955212,0.015,1.0279531710554732e-21,0.0
1.0,1e-06,0.0,0.011992268833131842,0.00021959840382955212,0.015,1.6305432606251439e-21,0.0
1.0,1.26e-06,0.0,0.011992268833131842,0.00021959840382955212,0.015,2.588650480568478e-21,0.0
1.0,1.58e-06,0.0,0.011992268833131842,0.00021959840382955212,0.015,4.070488195824609e-21,0.0
1.0,2e-06,0.0,0.011992268833131842,0.00021959840382955212,0.015,6.5221730425005756e-21,0.0
1.0,2.51e-06,0.0,0.011992268833131842,0.00021959840382955212,0.015,1.0272585596264471e-20,0.0
1.0,3.16e-06,0.0,0.011992268833131842,0.00021959840382955212,0.015,1.6281952783298435e-20,0.0
1.0,3.98e-06,0.0,0.011992268833131842,0.00021959840382955212,0.015,2.5828457465606527e-20,0.0
1.0,5.01e-06,0.0,0.011992268833131842,0.00021959840382955212,0.015,4.0926798896017174e-20,0.0
1.0,6.31e-06,0.0,0.011992268833131842,0.00021959840382955212,0.015,6.492187351937677e-20,0.0
1.0,7.94e-06,8.875802508503117e-06,0.011992268833131842,0.00021959840382955212,0.015,1.0279531710554731e-19,0.12772921175010643
1.0,1e-05,0.0,0.011992268833131842,0.00021959840382955212,0.015,1.6305432606251438e-19,0.0
1.0,1.26e-05,0.0,0.011992268833131842,0.00021959840382955212,0.015,2.5886504805684784e-19,0.0
1.0,1.58e-05,2.4379681366744888e-05,0.011992268833131842,0.00021959840382955212,0.015,4.07048819582461e-19,0.35084123161931985
1.0,2e-05,3.32552714783678e-05,0.011992268833131842,0.00021959840382955212,0.015,6.522173042500575e-19,0.4785673868248422
1.0,2.51e-05,2.4395548648273358e-05,0.011992268833131842,0.00021959840382955212,0.015,1.0272585596264469e-18,0.3510695732662083
1.0,3.16e-05,8.454223603678661e-05,0.011992268833131842,0.00021959840382955212,0.015,1.628195278329844e-18,1.2166238667686782
1.0,3.98e-05,0.0001577426251229375,0.011992268833131842,0.00021959840382955212,0.015,2.5828457465606526e-18,2.270030360301844
1.0,5.01e-05,0.0002130769986565004,0.011992268833131842,0.00021959840382955212,0.015,4.092679889601717e-18,3.06633198005475
1.0,6.31e-05,0.00024001537922059072,0.011992268833131842,0.00021959840382955212,0.015,6.492187351937679e-18,3.453994742039292
1.0,7.94e-05,0.000557715983700137,0.011992268833131842,0.00021959840382955212,0.015,1.0279531710554732e-17,8.025936010879944
1.0,0.0001,0.0007573387851036594,0.011992268833131842,0.00021959840382955212,0.015,1.6305432606251435e-17,10.898652370464658
1.0,0.000126,0.001110918374948395,0.011992268833131842,0.00021959840382955212,0.015,2.5886504805684775e-17,15.986918164856533
1.0,0.000158,0.0017812801889996405,0.011992268833131842,0.00021959840382955212,0.015,4.070488195824609e-17,25.633909072338703
1.0,0.0002,0.002765315794168283,0.011992268833131842,0.00021959840382955212,0.015,6.522173042500574e-17,39.79489249460584
1.0,0.000251,0.0038220677657651286,0.011992268833131842,0.00021959840382955212,0.015,1.0272585596264466e-16,55.00231697460361
1.0,0.000316,0.0050898093186799685,0.011992268833131842,0.00021959840382955212,0.015,1.6281952783298436e-16,73.24603399078777
1.0,0.000398,0.005904526112084274,0.011992268833131842,0.00021959840382955212,0.015,2.5828457465606527e-16,84.97039736203365
1.0,0.000501,0.006451430173132892,0.011992268833131842,0.00021959840382955212,0.015,4.092679889601718e-16,92.84074199326554
1.0,0.000631,0.00641775237845115,0.011992268833131842,0.00021959840382955212,0.015,6.492187351937679e-16,92.35609419222898
1.0,0.000794,0.004351528666885668,0.011992268833131842,0.00021959840382955212,0.015,1.0279531710554731e-15,62.621641930047296
1.0,0.001,0.0018810842638586772,0.011992268833131842,0.00021959840382955212,0.015,1.6305432606251437e-15,27.070161827960604
1.0,0.00126,0.0007125707376675973,0.011992268833131842,0.00021959840382955212,0.015,2.5886504805684783e-15,10.254407818479471
1.0,0.00158,0.0001576032182820557,0.011992268833131842,0.00021959840382955212,0.015,4.070488195824609e-15,2.2680241951262055
1.0,0.002,2.4379681366744888e-05,0.011992268833131842,0.00021959840382955212,0.015,6.522173042500575e-15,0.35084123161931985
1.0,0.00251,0.0,0.011992268833131842,0.00021959840382955212,0.015,1.0272585596264467e-14,0.0
1.0,0.00316,0.0,0.011992268833131842,0.00021959840382955212,0.015,1.6281952783298435e-14,0.0
1.0,0.00398,0.0,0.011992268833131842,0.00021959840382955212,0.015,2.5828457465606528e-14,0.0
1.0,0.00501,0.0,0.011992268833131842,0.00021959840382955212,0.015,4.092679889601717e-14,0.0
1.0,0.00631,0.0,0.011992268833131842,0.00021959840382955212,0.015,6.492187351937677e-14,0.0
1.0,0.00794,0.0,0.011992268833131842,0.00021959840382955212,0.015,1.0279531710554731e-13,0.0
1.0,0.01,0.0,0.011992268833131842,0.00021959840382955212,0.015,1.6305432606251435e-13,0.0
1.0,0.0126,0.0,0.011992268833131842,0.00021959840382955212,0.015,2.5886504805684784e-13,0.0
1.0,0.0158,0.0,0.011992268833131842,0.00021959840382955212,0.015,4.0704881958246095e-13,0.0
1.0,0.02,0.0,0.011992268833131842,0.00021959840382955212,0.015,6.522173042500574e-13,0.0
1.0,0.0251,0.0,0.011992268833131842,0.00021959840382955212,0.015,1.0272585596264468e-12,0.0
1.0,0.0316,0.0,0.011992268833131842,0.00021959840382955212,0.015,1.6281952783298438e-12,0.0
1.0,0.0398,0.0,0.011992268833131842,0.00021959840382955212,0.015,2.5828457465606533e-12,0.0
1.0,0.0501,0.0,0.011992268833131842,0.00021959840382955212,0.015,4.092679889601717e-12,0.0
1.0,0.0631,0.0,0.011992268833131842,0.00021959840382955212,0.015,6.492187351937678e-12,0.0
1.0,0.0794,0.0,0.011992268833131842,0.00021959840382955212,0.015,1.0279531710554731e-11,0.0
1.0,0.1,0.0,0.011992268833131842,0.00021959840382955212,0.015,1.6305432606251437e-11,0.0
1.0,0.126,0.0,0.011992268833131842,0.00021959840382955212,0.015,2.5886504805684785e-11,0.0
1.0,0.158,0.0,0.011992268833131842,0.00021959840382955212,0.015,4.070488195824609e-11,0.0
1.0,0.2,0.0,0.011992268833131842,0.00021959840382955212,0.015,6.522173042500575e-11,0.0
1.0,0.251,0.0,0.011992268833131842,0.00021959840382955212,0.015,1.0272585596264467e-10,0.0
1.0,0.316,0.0,0.011992268833131842,0.00021959840382955212,0.015,1.6281952783298435e-10,0.0
1.0,0.398,0.0,0.011992268833131842,0.00021959840382955212,0.015,2.582845746560653e-10,0.0
1.0,0.501,0.0,0.011992268833131842,0.00021959840382955212,0.015,4.0926798896017164e-10,0.0
1.0,0.631,0.0,0.011992268833131842,0.00021959840382955212,0.015,6.492187351937677e-10,0.0
1.0,0.794,0.0,0.011992268833131842,0.00021959840382955212,0.015,1.0279531710554732e-09,0.0
1.0,1.0,0.0,0.011992268833131842,0.00021959840382955212,0.015,1.6305432606251437e-09,0.0
1.78,3.16e-08,0.0,0.011957312892495351,0.00021895830237127542,0.015,2.941068776159828e-24,0.0
1.78,3.98e-08,0.0,0.011957312892495351,0.00021895830237127542,0.015,4.665488888187204e-24,0.0
1.78,5.01e-08,0.0,0.011957312892495351,0.00021895830237127542,0.015,7.392757609807053e-24,0.0
1.78,6.31e-08,0.0,0.011957312892495351,0.00021895830237127542,0.015,1.1727075839053972e-23,0.0
1.78,7.94e-08,0.0,0.011957312892495351,0.00021895830237127542,0.015,1.8568294694030378e-23,0.0
1.78,1e-07,0.0,0.011957312892495351,0.00021895830237127542,0.015,2.945310022592361e-23,0.0
1.78,1.26e-07,0.0,0.011957312892495351,0.00021895830237127542,0.015,4.675974191867632e-23,0.0
1.78,1.58e-07,0.0,0.011957312892495351,0.00021895830237127542,0.015,7.352671940399572e-23,0.0
1.78,2e-07,0.0,0.011957312892495351,0.00021895830237127542,0.015,1.1781240090369445e-22,0.0
1.78,2.51e-07,0.0,0.011957312892495351,0.00021895830237127542,0.015,1.8555747673334136e-22,0.0
1.78,3.16e-07,0.0,0.011957312892495351,0.00021895830237127542,0.015,2.9410687761598286e-22,0.0
1.78,3.98e-07,0.0,0.011957312892495351,0.00021895830237127542,0.015,4.665488888187204e-22,0.0
1.78,5.01e-07,0.0,0.011957312892495351,0.00021895830237127542,0.015,7.3927576098070555e-22,0.0
1.78,6.31e-07,0.0,0.011957312892495351,0.00021895830237127542,0.015,1.172707583905397e-21,0.0
1.78,7.94e-07,0.0,0.011957312892495351,0.00021895830237127542,0.015,1.8568294694030384e-21,0.0
1.78,1e-06,0.0,0.011957312892495351,0.00021895830237127542,0.015,2.9453100225923615e-21,0.0
1.78,1.26e-06,0.0,0.011957312892495351,0.00021895830237127542,0.015,4.675974191867633e-21,0.0
1.78,1.58e-06,0.0,0.011957312892495351,0.00021895830237127542,0.015,7.35267194039957e-21,0.0
1.78,2e-06,0.0,0.011957312892495351,0.00021895830237127542,0.015,1.1781240090369446e-20,0.0
1.78,2.51e-06,0.0,0.011957312892495351,0.00021895830237127542,0.015,1.8555747673334138e-20,0.0
1.78,3.16e-06,1.5636073585820595e-08,0.011957312892495351,0.00021895830237127542,0.015,2.941068776159828e-20,0.00022435850913088634
1.78,3.98e-06,0.0,0.011957312892495351,0.00021895830237127542,0.015,4.665488888187204e-20,0.0
1.78,5.01e-06,1.5845373765577432e-08,0.011957312892495351,0.00021895830237127542,0.015,7.392757609807055e-20,0.00022736171041625597
1.78,6.31e-06,6.108059184305377e-08,0.011957312892495351,0.00021895830237127542,0.015,1.172707583905397e-19,0.000876431697991432
1.78,7.94e-06,8.885191462149702e-06,0.011957312892495351,0.00021895830237127542,0.015,1.856829469403038e-19,0.1274916173071827
1.78,1e-05,8.885400762329459e-06,0.011957312892495351,0.00021895830237127542,0.015,2.945310022592362e-19,0.12749462050846808
1.78,1.26e-05,7.311427561726429e-05,0.011957312892495351,0.00021895830237127542,0.015,4.675974191867634e-19,1.0491003245565274
1.78,1.58e-05,9.318444379584385e-05,0.011957312892495351,0.00021895830237127542,0.015,7.352671940399572e-19,1.3370826614160627
1.78,2e-05,0.00010226935030782757,0.011957312892495351,0.00021895830237127542,0.015,1.1781240090369447e-18,1.467439945131492
1.78,2.51e-05,0.00014448724720277133,0.011957312892495351,0.00021895830237127542,0.015,1.8555747673334134e-18,2.073215068534633
1.78,3.16e-05,0.00024458001854214557,0.011957312892495351,0.00021895830237127542,0.015,2.941068776159829e-18,3.5094237707528992
1.78,3.98e-05,0.0003642522217223154,0.011957312892495351,0.00021895830237127542,0.015,4.665488888187204e-18,5.226573344304381
1.78,5.01e-05,0.0008060644442238127,0.011957312892495351,0.00021895830237127542,0.015,7.392757609807053e-18,11.566037725319395
1.78,6.31e-05,0.0011461278546153631,0.011957312892495351,0.00021895830237127542,0.015,1.1727075839053973e-17,16.445531246928383
1.78,7.94e-05,0.0019434044500074989,0.011957312892495351,0.00021895830237127542,0.015,1.8568294694030383e-17,27.885474102489002
1.78,0.0001,0.0025220374352134863,0.011957312892495351,0.00021895830237127542,0.015,2.945310022592361e-17,36.188148887320956
1.78,0.000126,0.003286960901557454,0.011957312892495351,0.00021895830237127542,0.015,4.6759741918676324e-17,47.163863958385306
1.78,0.000158,0.004023143564298514,0.011957312892495351,0.00021895830237127542,0.015,7.352671940399571e-17,57.727183691695586
1.78,0.0002,0.005326071014033033,0.011957312892495351,0.00021895830237127542,0.015,1.1781240090369445e-16,76.42259712293158
1.78,0.000251,0.006091153761372692,0.011957312892495351,0.00021895830237127542,0.015,1.8555747673334133e-16,87.4005976812399
1.78,0.000316,0.005882755550186532,0.011957312892495351,0.00021895830237127542,0.015,2.9410687761598285e-16,84.4103385403728
1.78,0.000398,0.004536743603078985,0.011957312892495351,0.00021895830237127542,0.015,4.665488888187205e-16,65.0967153300506
1.78,0.000501,0.0027728787081562857,0.011957312892495351,0.00021895830237127542,0.015,7.392757609807054e-16,39.78741399163562
1.78,0.000631,0.000836012125437843,0.011957312892495351,0.00021895830237127542,0.015,1.1727075839053972e-15,11.995750278936434
1.78,0.000794,0.00024234215108042748,0.011957312892495351,0.00021895830237127542,0.015,1.8568294694030377e-15,3.4773131130108625
1.78,0.001,1.7786437598244735e-05,0.011957312892495351,0.00021895830237127542,0.015,2.945310022592362e-15,0.255213599526067
1.78,0.00126,0.0,0.011957312892495351,0.00021895830237127542,0.015,4.675974191867633e-15,0.0
1.78,0.00158,2.0930017975684552e-10,0.011957312892495351,0.00021895830237127542,0.015,7.35267194039957e-15,3.0032012853697483e-06
1.78,0.002,0.0,0.011957312892495351,0.00021895830237127542,0.015,1.1781240090369448e-14,0.0
1.78,0.00251,0.0,0.011957312892495351,0.00021895830237127542,0.015,1.8555747673334135e-14,0.0
1.78,0.00316,0.0,0.011957312892495351,0.00021895830237127542,0.015,2.941068776159828e-14,0.0
1.78,0.00398,0.0,0.011957312892495351,0.00021895830237127542,0.015,4.665488888187205e-14,0.0
1.78,0.00501,0.0,0.011957312892495351,0.00021895830237127542,0.015,7.392757609807053e-14,0.0
1.78,0.00631,0.0,0.011957312892495351,0.00021895830237127542,0.015,1.172707583905397e-13,0.0
1.78,0.00794,0.0,0.011957312892495351,0.00021895830237127542,0.015,1.8568294694030378e-13,0.0
1.78,0.01,0.0,0.011957312892495351,0.00021895830237127542,0.015,2.945310022592361e-13,0.0
1.78,0.0126,0.0,0.011957312892495351,0.00021895830237127542,0.015,4.675974191867634e-13,0.0
1.78,0.0158,0.0,0.011957312892495351,0.00021895830237127542,0.015,7.352671940399573e-13,0.0
1.78,0.02,0.0,0.011957312892495351,0.00021895830237127542,0.015,1.1781240090369445e-12,0.0
1.78,0.0251,0.0,0.011957312892495351,0.00021895830237127542,0.015,1.8555747673334137e-12,0.0
1.78,0.0316,0.0,0.011957312892495351,0.00021895830237127542,0.015,2.941068776159829e-12,0.0
1.78,0.0398,0.0,0.011957312892495351,0.00021895830237127542,0.015,4.6654888881872044e-12,0.0
1.78,0.0501,0.0,0.011957312892495351,0.00021895830237127542,0.015,7.392757609807054e-12,0.0
1.78,0.0631,0.0,0.011957312892495351,0.00021895830237127542,0.015,1.1727075839053974e-11,0.0
1.78,0.0794,0.0,0.011957312892495351,0.00021895830237127542,0.015,1.8568294694030378e-11,0.0
1.78,0.1,0.0,0.011957312892495351,0.00021895830237127542,0.015,2.945310022592362e-11,0.0
1.78,0.126,0.0,0.011957312892495351,0.00021895830237127542,0.015,4.6759741918676334e-11,0.0
1.78,0.158,0.0,0.011957312892495351,0.00021895830237127542,0.015,7.352671940399571e-11,0.0
1.78,0.2,0.0,0.011957312892495351,0.00021895830237127542,0.015,1.1781240090369448e-10,0.0
1.78,0.251,0.0,0.011957312892495351,0.00021895830237127542,0.015,1.8555747673334136e-10,0.0
1.78,0.316,0.0,0.011957312892495351,0.00021895830237127542,0.015,2.9410687761598285e-10,0.0
1.78,0.398,0.0,0.011957312892495351,0.00021895830237127542,0.015,4.665488888187206e-10,0.0
1.78,0.501,0.0,0.011957312892495351,0.00021895830237127542,0.015,7.392757609807052e-10,0.0
1.78,0.631,0.0,0.011957312892495351,0.00021895830237127542,0.015,1.1727075839053971e-09,0.0
1.78,0.794,0.0,0.011957312892495351,0.00021895830237127542,0.015,1.8568294694030382e-09,0.0
1.78,1.0,0.0,0.011957312892495351,0.00021895830237127542,0.015,2.9453100225923614e-09,0.0
3.16,3.16e-08,0.0,0.011847657575455126,0.0002169503309916705,0.015,3.6665172390642495e-22,0.0
3.16,3.98e-08,0.0,0.011847657575455126,0.0002169503309916705,0.015,5.816285418369788e-22,0.0
3.16,5.01e-08,0.0,0.011847657575455126,0.0002169503309916705,0.015,9.216266358780304e-22,0.0
3.16,6.31e-08,0.0,0.011847657575455126,0.0002169503309916705,0.015,1.4619694063682314e-21,0.0
3.16,7.94e-08,0.0,0.011847657575455126,0.0002169503309916705,0.015,2.3148378285998935e-21,0.0
3.16,1e-07,0.0,0.011847657575455126,0.0002169503309916705,0.015,3.671804637742598e-21,0.0
3.16,1.26e-07,0.0,0.011847657575455126,0.0002169503309916705,0.015,5.82935704288015e-21,0.0
3.16,1.58e-07,0.0,0.011847657575455126,0.0002169503309916705,0.015,9.166293097660629e-21,0.0
3.16,2e-07,0.0,0.011847657575455126,0.0002169503309916705,0.015,1.4687218550970393e-20,0.0
3.16,2.51e-07,2.2266269032818086e-10,0.011847657575455126,0.0002169503309916705,0.015,2.3132736398242157e-20,3.165637571805469e-06
3.16,3.16e-07,3.28565022172305e-05,0.011847657575455126,0.0002169503309916705,0.015,3.6665172390642516e-20,0.4671271048763149
3.16,3.98e-07,4.7574161965224453e-07,0.011847657575455126,0.0002169503309916705,0.015,5.816285418369788e-20,0.006763708564838647
3.16,5.01e-07,3.3205973078846367e-05,0.011847657575455126,0.0002169503309916705,0.015,9.216266358780305e-20,0.4720955981975437
3.16,6.31e-07,1.2736621547397504e-07,0.011847657575455126,0.0002169503309916705,0.015,1.4619694063682312e-19,0.0018107895691407484
3.16,7.94e-07,3.4991618699652196e-07,0.011847657575455126,0.0002169503309916705,0.015,2.314837828599894e-19,0.004974824596372459
3.16,1e-06,6.679445439052024e-05,0.011847657575455126,0.0002169503309916705,0.015,3.6718046377426e-19,0.9496293882698869
3.16,1.26e-06,6.771505838805975e-05,0.011847657575455126,0.0002169503309916705,0.015,5.829357042880151e-19,0.9627177893804189
3.16,1.58e-06,0.00010073244230278507,0.011847657575455126,0.0002169503309916705,0.015,9.166293097660622e-19,1.4321321797712256
3.16,2e-06,0.00013372022935689823,0.011847657575455126,0.0002169503309916705,0.015,1.46872185509704e-18,1.9011257859982227
3.16,2.51e-06,0.0002021000966395404,0.011847657575455126,0.0002169503309916705,0.015,2.3132736398242158e-18,2.8732952891419967
3.16,3.16e-06,0.0004327293944034219,0.011847657575455126,0.0002169503309916705,0.015,3.666517239064249e-18,6.152195625270973
3.16,3.98e-06,0.0008059153658954851,0.011847657575455126,0.0002169503309916705,0.015,5.816285418369787e-18,11.4578511479128
3.16,5.01e-06,0.0012071104392190554,0.011847657575455126,0.0002169503309916705,0.015,9.216266358780303e-18,17.161717367549528
3.16,6.31e-06,0.0016736712608907457,0.011847657575455126,0.0002169503309916705,0.015,1.4619694063682312e-17,23.79490079149653
3.16,7.94e-06,0.00273799343654681,0.011847657575455126,0.0002169503309916705,0.015,2.3148378285998943e-17,38.92657041606028
3.16,1e-05,0.004368608803923667,0.011847657575455126,0.0002169503309916705,0.015,3.671804637742599e-17,62.10933742800743
3.16,1.26e-05,0.006017928975612477,0.011847657575455126,0.0002169503309916705,0.015,5.829357042880152e-17,85.55803417975928
3.16,1.58e-05,0.005875456313664908,0.011847657575455126,0.0002169503309916705,0.015,9.16629309766063e-17,83.53247340461724
3.16,2e-05,0.006378211222500056,0.011847657575455126,0.0002169503309916705,0.015,1.4687218550970397e-16,90.68023500972683
3.16,2.51e-05,0.0055756000149960435,0.011847657575455126,0.0002169503309916705,0.015,2.3132736398242143e-16,79.2693597064507
3.16,3.16e-05,0.0037979492972861997,0.011847657575455126,0.0002169503309916705,0.015,3.666517239064252e-16,53.99616331582478
3.16,3.98e-05,0.0012759046063121498,0.011847657575455126,0.0002169503309916705,0.015,5.816285418369787e-16,18.139777049438678
3.16,5.01e-05,0.0005008816707843067,0.011847657575455126,0.0002169503309916705,0.015,9.216266358780302e-16,7.1211294255291735
3.16,6.31e-05,0.00010044639421922497,0.011847657575455126,0.0002169503309916705,0.015,1.4619694063682314e-15,1.4280653800782632
3.16,7.94e-05,6.571300145396752e-05,0.011847657575455126,0.0002169503309916705,0.015,2.314837828599894e-15,0.9342541673783904
3.16,0.0001,0.0,0.011847657575455126,0.0002169503309916705,0.015,3.6718046377426005e-15,0.0
3.16,0.000126,0.0,0.011847657575455126,0.0002169503309916705,0.015,5.8293570428801496e-15,0.0
3.16,0.000158,0.0,0.011847657575455126,0.0002169503309916705,0.015,9.166293097660627e-15,0.0
3.16,0.0002,0.0,0.011847657575455126,0.0002169503309916705,0.015,1.4687218550970402e-14,0.0
3.16,0.000251,0.0,0.011847657575455126,0.0002169503309916705,0.015,2.3132736398242144e-14,0.0
3.16,0.000316,0.0,0.011847657575455126,0.0002169503309916705,0.015,3.666517239064251e-14,0.0
3.16,0.000398,0.0,0.011847657575455126,0.0002169503309916705,0.015,5.816285418369788e-14,0.0
3.16,0.000501,0.0,0.011847657575455126,0.0002169503309916705,0.015,9.216266358780304e-14,0.0
3.16,0.000631,0.0,0.011847657575455126,0.0002169503309916705,0.015,1.4619694063682312e-13,0.0
3.16,0.000794,0.0,0.011847657575455126,0.0002169503309916705,0.015,2.3148378285998933e-13,0.0
3.16,0.001,0.0,0.011847657575455126,0.0002169503309916705,0.015,3.6718046377425994e-13,0.0
3.16,0.00126,0.0,0.011847657575455126,0.0002169503309916705,0.015,5.82935704288015e-13,0.0
3.16,0.00158,0.0,0.011847657575455126,0.0002169503309916705,0.015,9.166293097660626e-13,0.0
3.16,0.002,0.0,0.011847657575455126,0.0002169503309916705,0.015,1.4687218550970398e-12,0.0
3.16,0.00251,0.0,0.011847657575455126,0.0002169503309916705,0.015,2.313273639824215e-12,0.0
3.16,0.00316,0.0,0.011847657575455126,0.0002169503309916705,0.015,3.66651723906425e-12,0.0
3.16,0.00398,0.0,0.011847657575455126,0.0002169503309916705,0.015,5.81628541836979e-12,0.0
3.16,0.00501,0.0,0.011847657575455126,0.0002169503309916705,0.015,9.216266358780302e-12,0.0
3.16,0.00631,0.0,0.011847657575455126,0.0002169503309916705,0.015,1.461969406368231e-11,0.0
3.16,0.00794,0.0,0.011847657575455126,0.0002169503309916705,0.015,2.3148378285998934e-11,0.0
3.16,0.01,0.0,0.011847657575455126,0.0002169503309916705,0.015,3.6718046377425996e-11,0.0
3.16,0.0126,0.0,0.011847657575455126,0.0002169503309916705,0.015,5.829357042880153e-11,0.0
3.16,0.0158,0.0,0.011847657575455126,0.0002169503309916705,0.015,9.166293097660626e-11,0.0
3.16,0.02,0.0,0.011847657575455126,0.0002169503309916705,0.015,1.4687218550970398e-10,0.0
3.16,0.0251,0.0,0.011847657575455126,0.0002169503309916705,0.015,2.3132736398242153e-10,0.0
3.16,0.0316,0.0,0.011847657575455126,0.0002169503309916705,0.015,3.6665172390642505e-10,0.0
3.16,0.0398,0.0,0.011847657575455126,0.0002169503309916705,0.015,5.816285418369788e-10,0.0
3.16,0.0501,0.0,0.011847657575455126,0.0002169503309916705,0.015,9.216266358780301e-10,0.0
3.16,0.0631,0.0,0.011847657575455126,0.0002169503309916705,0.015,1.4619694063682314e-09,0.0
3.16,0.0794,0.0,0.011847657575455126,0.0002169503309916705,0.015,2.314837828599894e-09,0.0
3.16,0.1,0.0,0.011847657575455126,0.0002169503309916705,0.015,3.671804637742601e-09,0.0
3.16,0.126,0.0,0.011847657575455126,0.0002169503309916705,0.015,5.829357042880151e-09,0.0
3.16,0.158,0.0,0.011847657575455126,0.0002169503309916705,0.015,9.166293097660627e-09,0.0
3.16,0.2,0.0,0.011847657575455126,0.0002169503309916705,0.015,1.4687218550970404e-08,0.0
3.16,0.251,0.0,0.011847657575455126,0.0002169503309916705,0.015,2.3132736398242153e-08,0.0
3.16,0.316,0.0,0.011847657575455126,0.0002169503309916705,0.015,3.666517239064251e-08,0.0
3.16,0.398,0.0,0.011847657575455126,0.0002169503309916705,0.015,5.8162854183697884e-08,0.0
3.16,0.501,0.0,0.011847657575455126,0.0002169503309916705,0.015,9.216266358780302e-08,0.0
3.16,0.631,0.0,0.011847657575455126,0.0002169503309916705,0.015,1.4619694063682313e-07,0.0
3.16,0.794,0.0,0.011847657575455126,0.0002169503309916705,0.015,2.3148378285998944e-07,0.0
3.16,1.0,0.0,0.011847657575455126,0.0002169503309916705,0.015,3.6718046377426e-07,0.0
5.62,3.16e-08,0.0,0.011502672326763058,0.00021063307684971724,0.015,1.519336219337864e-21,0.0
5.62,3.98e-08,0.0,0.011502672326763058,0.00021063307684971724,0.015,2.4101599752443024e-21,0.0
5.62,5.01e-08,0.0,0.011502672326763058,0.00021063307684971724,0.015,3.819048533788888e-21,0.0
5.62,6.31e-08,0.0,0.011502672326763058,0.00021063307684971724,0.015,6.058127988581392e-21,0.0
5.62,7.94e-08,1.2791965175065244e-12,0.011502672326763058,0.00021063307684971724,0.015,9.592255335427875e-21,1.7657014058896773e-08
5.62,1e-07,1.4982437370999184e-07,0.011502672326763058,0.00021063307684971724,0.015,1.521527218532551e-20,0.002068056812818236
5.62,1.26e-07,1.5001422365439362e-07,0.011502672326763058,0.00021063307684971724,0.015,2.4155766121422776e-20,0.002070677350860285
5.62,1.58e-07,1.2242486166653807e-05,0.011502672326763058,0.00021063307684971724,0.015,3.7983405483446615e-20,0.16898556820793798
5.62,2e-07,3.733164302828121e-10,0.011502672326763058,0.00021063307684971724,0.015,6.086108874130204e-20,5.152963886088088e-06
5.62,2.51e-07,2.1200152020837803e-05,0.011502672326763058,0.00021063307684971724,0.015,9.585773629476928e-20,0.2926300823679131
5.62,3.16e-07,4.279427614231283e-05,0.011502672326763058,0.00021063307684971724,0.015,1.5193362193378646e-19,0.5906982431112461
5.62,3.98e-07,4.5713576340117084e-05,0.011502672326763058,0.00021063307684971724,0.015,2.4101599752443025e-19,0.6309939474298023
5.62,5.01e-07,0.00015675560222666013,0.011502672326763058,0.00021063307684971724,0.015,3.8190485337888904e-19,2.1637299933572174
5.62,6.31e-07,0.0001547231768999462,0.011502672326763058,0.00021063307684971724,0.015,6.058127988581391e-19,2.135676006283052
5.62,7.94e-07,0.0002997408605510837,0.011502672326763058,0.00021063307684971724,0.015,9.592255335427876e-19,4.1373850822333145
5.62,1e-06,0.00041297735910848565,0.011502672326763058,0.00021063307684971724,0.015,1.521527218532551e-18,5.700411888236242
5.62,1.26e-06,0.0005244329586675986,0.011502672326763058,0.00021063307684971724,0.015,2.4155766121422784e-18,7.238856577089914
5.62,1.58e-06,0.0010873667847112352,0.011502672326763058,0.00021063307684971724,0.015,3.798340548344659e-18,15.0091485882471
5.62,2e-06,0.0016435739520467374,0.011502672326763058,0.00021063307684971724,0.015,6.086108874130204e-18,22.686591138235922
5.62,2.51e-06,0.00236653357474003,0.011502672326763058,0.00021063307684971724,0.015,9.585773629476925e-18,32.665752312621365
5.62,3.16e-06,0.003544234702896613,0.011502672326763058,0.00021063307684971724,0.015,1.5193362193378636e-17,48.9218045238746
5.62,3.98e-06,0.004540691428102768,0.011502672326763058,0.00021063307684971724,0.015,2.410159975244302e-17,62.676102761289535
5.62,5.01e-06,0.005938719030895792,0.011502672326763058,0.00021063307684971724,0.015,3.8190485337888893e-17,81.97336686372739
5.62,6.31e-06,0.006920870763372641,0.011502672326763058,0.00021063307684971724,0.015,6.058127988581391e-17,95.53021032834
5.62,7.94e-06,0.0069421578585606115,0.011502672326763058,0.00021063307684971724,0.015,9.592255335427875e-17,95.82404050522302
5.62,1e-05,0.005081744758121587,0.011502672326763058,0.00021063307684971724,0.015,1.5215272185325512e-16,70.1443737611021
5.62,1.26e-05,0.0030820255836684876,0.011502672326763058,0.00021063307684971724,0.015,2.4155766121422787e-16,42.54183646996714
5.62,1.58e-05,0.0012207892311557516,0.011502672326763058,0.00021063307684971724,0.015,3.798340548344661e-16,16.85080620723074
5.62,2e-05,0.00025794024136679186,0.011502672326763058,0.00021063307684971724,0.015,6.086108874130205e-16,3.5604024915940573
5.62,2.51e-05,2.4470933711154138e-05,0.011502672326763058,0.00021063307684971724,0.015,9.585773629476925e-16,0.33777735841121515
5.62,3.16e-05,1.1983358217982057e-05,0.011502672326763058,0.00021063307684971724,0.015,1.5193362193378643e-15,0.16540877154680508
5.62,3.98e-05,0.0,0.011502672326763058,0.00021063307684971724,0.015,2.4101599752443024e-15,0.0
5.62,5.01e-05,0.0,0.011502672326763058,0.00021063307684971724,0.015,3.819048533788888e-15,0.0
5.62,6.31e-05,0.0,0.011502672326763058,0.00021063307684971724,0.015,6.058127988581391e-15,0.0
5.62,7.94e-05,0.0,0.011502672326763058,0.00021063307684971724,0.015,9.592255335427877e-15,0.0
5.62,0.0001,0.0,0.011502672326763058,0.00021063307684971724,0.015,1.521527218532551e-14,0.0
5.62,0.000126,0.0,0.011502672326763058,0.00021063307684971724,0.015,2.4155766121422774e-14,0.0
5.62,0.000158,0.0,0.011502672326763058,0.00021063307684971724,0.015,3.798340548344661e-14,0.0
5.62,0.0002,0.0,0.011502672326763058,0.00021063307684971724,0.015,6.086108874130205e-14,0.0
5.62,0.000251,0.0,0.011502672326763058,0.00021063307684971724,0.015,9.58577362947692e-14,0.0
5.62,0.000316,0.0,0.011502672326763058,0.00021063307684971724,0.015,1.5193362193378643e-13,0.0
5.62,0.000398,0.0,0.011502672326763058,0.00021063307684971724,0.015,2.4101599752443026e-13,0.0
5.62,0.000501,0.0,0.011502672326763058,0.00021063307684971724,0.015,3.8190485337888896e-13,0.0
5.62,0.000631,0.0,0.011502672326763058,0.00021063307684971724,0.015,6.058127988581391e-13,0.0
5.62,0.000794,0.0,0.011502672326763058,0.00021063307684971724,0.015,9.592255335427873e-13,0.0
5.62,0.001,0.0,0.011502672326763058,0.00021063307684971724,0.015,1.5215272185325512e-12,0.0
5.62,0.00126,0.0,0.011502672326763058,0.00021063307684971724,0.015,2.415576612142278e-12,0.0
5.62,0.00158,0.0,0.011502672326763058,0.00021063307684971724,0.015,3.798340548344661e-12,0.0
5.62,0.002,0.0,0.011502672326763058,0.00021063307684971724,0.015,6.086108874130205e-12,0.0
5.62,0.00251,0.0,0.011502672326763058,0.00021063307684971724,0.015,9.585773629476926e-12,0.0
5.62,0.00316,0.0,0.011502672326763058,0.00021063307684971724,0.015,1.5193362193378642e-11,0.0
5.62,0.00398,0.0,0.011502672326763058,0.00021063307684971724,0.015,2.410159975244303e-11,0.0
5.62,0.00501,0.0,0.011502672326763058,0.00021063307684971724,0.015,3.8190485337888884e-11,0.0
5.62,0.00631,0.0,0.011502672326763058,0.00021063307684971724,0.015,6.05812798858139e-11,0.0
5.62,0.00794,0.0,0.011502672326763058,0.00021063307684971724,0.015,9.592255335427873e-11,0.0
5.62,0.01,0.0,0.011502672326763058,0.00021063307684971724,0.015,1.521527218532551e-10,0.0
5.62,0.0126,0.0,0.011502672326763058,0.00021063307684971724,0.015,2.415576612142279e-10,0.0
5.62,0.0158,0.0,0.011502672326763058,0.00021063307684971724,0.015,3.798340548344661e-10,0.0
5.62,0.02,0.0,0.011502672326763058,0.00021063307684971724,0.015,6.086108874130204e-10,0.0
5.62,0.0251,0.0,0.011502672326763058,0.00021063307684971724,0.015,9.585773629476927e-10,0.0
5.62,0.0316,0.0,0.011502672326763058,0.00021063307684971724,0.015,1.5193362193378644e-09,0.0
5.62,0.0398,0.0,0.011502672326763058,0.00021063307684971724,0.015,2.4101599752443027e-09,0.0
5.62,0.0501,0.0,0.011502672326763058,0.00021063307684971724,0.015,3.819048533788889e-09,0.0
5.62,0.0631,0.0,0.011502672326763058,0.00021063307684971724,0.015,6.05812798858139e-09,0.0
5.62,0.0794,0.0,0.011502672326763058,0.00021063307684971724,0.015,9.592255335427872e-09,0.0
5.62,0.1,0.0,0.011502672326763058,0.00021063307684971724,0.015,1.5215272185325516e-08,0.0
5.62,0.126,0.0,0.011502672326763058,0.00021063307684971724,0.015,2.4155766121422778e-08,0.0
5.62,0.158,0.0,0.011502672326763058,0.00021063307684971724,0.015,3.7983405483446606e-08,0.0
5.62,0.2,0.0,0.011502672326763058,0.00021063307684971724,0.015,6.086108874130207e-08,0.0
5.62,0.251,0.0,0.011502672326763058,0.00021063307684971724,0.015,9.585773629476926e-08,0.0
5.62,0.316,0.0,0.011502672326763058,0.00021063307684971724,0.015,1.5193362193378642e-07,0.0
5.62,0.398,0.0,0.011502672326763058,0.00021063307684971724,0.015,2.410159975244303e-07,0.0
5.62,0.501,0.0,0.011502672326763058,0.00021063307684971724,0.015,3.819048533788889e-07,0.0
5.62,0.631,0.0,0.011502672326763058,0.00021063307684971724,0.015,6.058127988581391e-07,0.0
5.62,0.794,0.0,0.011502672326763058,0.00021063307684971724,0.015,9.592255335427876e-07,0.0
5.62,1.0,0.0,0.011502672326763058,0.00021063307684971724,0.015,1.521527218532551e-06,0.0
10.0,3.16e-08,2.1472390796218274e-11,0.01043457402579619,0.00019107441907702233,0.015,1.2031899820120662e-20,2.688663015287573e-07
10.0,3.98e-08,5.151489488631689e-06,0.01043457402579619,0.00019107441907702233,0.015,1.9086495144071397e-20,0.06450431809468599
10.0,5.01e-08,2.491164150785606e-05,0.01043457402579619,0.00019107441907702233,0.015,3.024373985288922e-20,0.3119308409013853
10.0,6.31e-08,3.3624884272958297e-06,0.01043457402579619,0.00019107441907702233,0.015,4.797541724362144e-20,0.042103361286601616
10.0,7.94e-08,5.827539053516393e-05,0.01043457402579619,0.00019107441907702233,0.015,7.596281440271578e-20,0.7296946517056209
10.0,1e-07,5.200293212062459e-05,0.01043457402579619,0.00019107441907702233,0.015,1.2049250741187972e-19,0.6511541337253341
10.0,1.26e-07,0.000134316955273928,0.01043457402579619,0.00019107441907702233,0.015,1.912939047671002e-19,1.6818482552704292
10.0,1.58e-07,0.00021191272314858883,0.01043457402579619,0.00019107441907702233,0.015,3.0079749550301655e-19,2.653462796042405
10.0,2e-07,0.0004667701614117492,0.01043457402579619,0.00019107441907702233,0.015,4.819700296475189e-19,5.84465736274048
10.0,2.51e-07,0.00039263757446493145,0.01043457402579619,0.00019107441907702233,0.015,7.591148459455835e-19,4.9164070032760705
10.0,3.16e-07,0.0005814047763070393,0.01043457402579619,0.00019107441907702233,0.015,1.2031899820120662e-18,7.280053412792732
10.0,3.98e-07,0.0010080403717018442,0.01043457402579619,0.00019107441907702233,0.015,1.9086495144071398e-18,12.6221662554168
10.0,5.01e-07,0.0012220277289030279,0.01043457402579619,0.00019107441907702233,0.015,3.024373985288923e-18,15.301606558577092
10.0,6.31e-07,0.002253708343861021,0.01043457402579619,0.00019107441907702233,0.015,4.797541724362145e-18,28.21978385588683
10.0,7.94e-07,0.0031527742968337153,0.01043457402579619,0.00019107441907702233,0.015,7.596281440271584e-18,39.47742814432672
10.0,1e-06,0.004407136266684175,0.01043457402579619,0.00019107441907702233,0.015,1.2049250741187972e-17,55.18390753978451
10.0,1.26e-06,0.0052960923019511625,0.01043457402579619,0.00019107441907702233,0.015,1.912939047671002e-17,66.3149606065905
10.0,1.58e-06,0.006591114449850666,0.01043457402579619,0.00019107441907702233,0.015,3.0079749550301646e-17,82.53056596735405
10.0,2e-06,0.0065432507853951105,0.01043457402579619,0.00019107441907702233,0.015,4.819700296475189e-17,81.93124162746523
10.0,2.51e-06,0.0055227684030184085,0.01043457402579619,0.00019107441907702233,0.015,7.591148459455837e-17,69.15328287434856
10.0,3.16e-06,0.0032179018774322445,0.01043457402579619,0.00019107441907702233,0.015,1.2031899820120659e-16,40.29292241737836
10.0,3.98e-06,0.0015455092606270952,0.01043457402579619,0.00019107441907702233,0.015,1.908649514407139e-16,19.352076945080356
10.0,5.01e-06,0.0004131308757253846,0.01043457402579619,0.00019107441907702233,0.015,3.024373985288922e-16,5.173013646118239
10.0,6.31e-06,0.00012683548356696783,0.01043457402579619,0.00019107441907702233,0.015,4.797541724362145e-16,1.5881690908526185
10.0,7.94e-06,1.1661434948721912e-05,0.01043457402579619,0.00019107441907702233,0.015,7.596281440271583e-16,0.1460185274633347
10.0,1e-05,0.0,0.01043457402579619,0.00019107441907702233,0.015,1.2049250741187973e-15,0.0
10.0,1.26e-05,0.0,0.01043457402579619,0.00019107441907702233,0.015,1.9129390476710026e-15,0.0
10.0,1.58e-05,0.0,0.01043457402579619,0.00019107441907702233,0.015,3.007974955030167e-15,0.0
10.0,2e-05,0.0,0.01043457402579619,0.00019107441907702233,0.015,4.819700296475189e-15,0.0
10.0,2.51e-05,0.0,0.01043457402579619,0.00019107441907702233,0.015,7.591148459455835e-15,0.0
10.0,3.16e-05,0.0,0.01043457402579619,0.00019107441907702233,0.015,1.2031899820120668e-14,0.0
10.0,3.98e-05,0.0,0.01043457402579619,0.00019107441907702233,0.015,1.9086495144071394e-14,0.0
10.0,5.01e-05,0.0,0.01043457402579619,0.00019107441907702233,0.015,3.0243739852889225e-14,0.0
10.0,6.31e-05,0.0,0.01043457402579619,0.00019107441907702233,0.015,4.797541724362144e-14,0.0
10.0,7.94e-05,0.0,0.01043457402579619,0.00019107441907702233,0.015,7.596281440271584e-14,0.0
10.0,0.0001,0.0,0.01043457402579619,0.00019107441907702233,0.015,1.2049250741187974e-13,0.0
10.0,0.000126,0.0,0.01043457402579619,0.00019107441907702233,0.015,1.9129390476710017e-13,0.0
10.0,0.000158,0.0,0.01043457402579619,0.00019107441907702233,0.015,3.0079749550301656e-13,0.0
10.0,0.0002,0.0,0.01043457402579619,0.00019107441907702233,0.015,4.819700296475189e-13,0.0
10.0,0.000251,0.0,0.01043457402579619,0.00019107441907702233,0.015,7.591148459455831e-13,0.0
10.0,0.000316,0.0,0.01043457402579619,0.00019107441907702233,0.015,1.2031899820120662e-12,0.0
10.0,0.000398,0.0,0.01043457402579619,0.00019107441907702233,0.015,1.90864951440714e-12,0.0
10.0,0.000501,0.0,0.01043457402579619,0.00019107441907702233,0.015,3.024373985288923e-12,0.0
10.0,0.000631,0.0,0.01043457402579619,0.00019107441907702233,0.015,4.797541724362144e-12,0.0
10.0,0.000794,0.0,0.01043457402579619,0.00019107441907702233,0.015,7.59628144027158e-12,0.0
10.0,0.001,0.0,0.01043457402579619,0.00019107441907702233,0.015,1.2049250741187974e-11,0.0
10.0,0.00126,0.0,0.01043457402579619,0.00019107441907702233,0.015,1.9129390476710025e-11,0.0
10.0,0.00158,0.0,0.01043457402579619,0.00019107441907702233,0.015,3.007974955030165e-11,0.0
10.0,0.002,0.0,0.01043457402579619,0.00019107441907702233,0.015,4.8197002964751896e-11,0.0
10.0,0.00251,0.0,0.01043457402579619,0.00019107441907702233,0.015,7.591148459455835e-11,0.0
10.0,0.00316,0.0,0.01043457402579619,0.00019107441907702233,0.015,1.203189982012066e-10,0.0
10.0,0.00398,0.0,0.01043457402579619,0.00019107441907702233,0.015,1.90864951440714e-10,0.0
10.0,0.00501,0.0,0.01043457402579619,0.00019107441907702233,0.015,3.024373985288923e-10,0.0
10.0,0.00631,0.0,0.01043457402579619,0.00019107441907702233,0.015,4.797541724362144e-10,0.0
10.0,0.00794,0.0,0.01043457402579619,0.00019107441907702233,0.015,7.59628144027158e-10,0.0
10.0,0.01,0.0,0.01043457402579619,0.00019107441907702233,0.015,1.2049250741187974e-09,0.0
10.0,0.0126,0.0,0.01043457402579619,0.00019107441907702233,0.015,1.912939047671003e-09,0.0
10.0,0.0158,0.0,0.01043457402579619,0.00019107441907702233,0.015,3.0079749550301666e-09,0.0
10.0,0.02,0.0,0.01043457402579619,0.00019107441907702233,0.015,4.81970029647519e-09,0.0
10.0,0.0251,0.0,0.01043457402579619,0.00019107441907702233,0.015,7.591148459455838e-09,0.0
10.0,0.0316,0.0,0.01043457402579619,0.00019107441907702233,0.015,1.2031899820120666e-08,0.0
10.0,0.0398,0.0,0.01043457402579619,0.00019107441907702233,0.015,1.9086495144071396e-08,0.0
10.0,0.0501,0.0,0.01043457402579619,0.00019107441907702233,0.015,3.024373985288923e-08,0.0
10.0,0.0631,0.0,0.01043457402579619,0.00019107441907702233,0.015,4.797541724362144e-08,0.0
10.0,0.0794,0.0,0.01043457402579619,0.00019107441907702233,0.015,7.596281440271581e-08,0.0
10.0,0.1,0.0,0.01043457402579619,0.00019107441907702233,0.015,1.2049250741187975e-07,0.0
10.0,0.126,0.0,0.01043457402579619,0.00019107441907702233,0.015,1.912939047671003e-07,0.0
10.0,0.158,0.0,0.01043457402579619,0.00019107441907702233,0.015,3.0079749550301656e-07,0.0
10.0,0.2,0.0,0.01043457402579619,0.00019107441907702233,0.015,4.81970029647519e-07,0.0
10.0,0.251,0.0,0.01043457402579619,0.00019107441907702233,0.015,7.591148459455835e-07,0.0
10.0,0.316,0.0,0.01043457402579619,0.00019107441907702233,0.015,1.2031899820120663e-06,0.0
10.0,0.398,0.0,0.01043457402579619,0.00019107441907702233,0.015,1.90864951440714e-06,0.0
10.0,0.501,0.0,0.01043457402579619,0.00019107441907702233,0.015,3.024373985288922e-06,0.0
10.0,0.631,0.0,0.01043457402579619,0.00019107441907702233,0.015,4.797541724362143e-06,0.0
10.0,0.794,0.0,0.01043457402579619,0.00019107441907702233,0.015,7.5962814402715825e-06,0.0
10.0,1.0,0.0,0.01043457402579619,0.00019107441907702233,0.015,1.2049250741187976e-05,0.0
17.8,3.16e-08,8.207877473856623e-06,0.007305989812225731,0.0001337848345033095,0.015,4.540414443087337e-20,0.07196000304479226
17.8,3.98e-08,9.262877291518763e-05,0.007305989812225731,0.0001337848345033095,0.015,7.20256979493277e-20,0.8120938454847979
17.8,5.01e-08,3.493416817412072e-05,0.007305989812225731,0.0001337848345033095,0.015,1.1412920261470166e-19,0.3062744121344476
17.8,6.31e-08,0.00010732625928016675,0.007305989812225731,0.0001337848345033095,0.015,1.8104229641424627e-19,0.9409494682622347
17.8,7.94e-08,0.00015939671348306748,0.007305989812225731,0.0001337848345033095,0.015,2.8665685785953857e-19,1.3974609177714656
17.8,1e-07,0.0004339326856080433,0.007305989812225731,0.0001337848345033095,0.015,4.546962068465928e-19,3.8043693362929383
17.8,1.26e-07,0.0006924026110435851,0.007305989812225731,0.0001337848345033095,0.015,7.218756979896506e-19,6.070423706691514
17.8,1.58e-07,0.0008327011060287172,0.007305989812225731,0.0001337848345033095,0.015,1.1351036107718345e-18,7.300446956729887
17.8,2e-07,0.001079844567728474,0.007305989812225731,0.0001337848345033095,0.015,1.8187848273863712e-18,9.467200092733835
17.8,2.51e-07,0.0018808536786776141,0.007305989812225731,0.0001337848345033095,0.015,2.86463157275422e-18,16.489797377647125
17.8,3.16e-07,0.0025324265179936406,0.007305989812225731,0.0001337848345033095,0.015,4.540414443087338e-18,22.20225880880618
17.8,3.98e-07,0.0038218336246541008,0.007305989812225731,0.0001337848345033095,0.015,7.20256979493277e-18,33.506733030893514
17.8,5.01e-07,0.004707647598216531,0.007305989812225731,0.0001337848345033095,0.015,1.1412920261470167e-17,41.27283047054269
17.8,6.31e-07,0.0058641573972475864,0.007305989812225731,0.0001337848345033095,0.015,1.8104229641424622e-17,51.41216904189483
17.8,7.94e-07,0.004691129575012093,0.007305989812225731,0.0001337848345033095,0.015,2.8665685785953866e-17,41.12801385944301
17.8,1e-06,0.004102978823235449,0.007305989812225731,0.0001337848345033095,0.015,4.5469620684659285e-17,35.97158577880332
17.8,1.26e-06,0.002197935086889643,0.007305989812225731,0.0001337848345033095,0.015,7.218756979896509e-17,19.26970962329905
17.8,1.58e-06,0.0010298304724672854,0.007305989812225731,0.0001337848345033095,0.015,1.135103610771834e-16,9.028717128198718
17.8,2e-06,0.00016058987592894162,0.007305989812225731,0.0001337848345033095,0.015,1.8187848273863714e-16,1.40792159698013
17.8,2.51e-06,6.736123456775444e-05,0.007305989812225731,0.0001337848345033095,0.015,2.8646315727542195e-16,0.590568592189154
17.8,3.16e-06,2.9234435477850942e-05,0.007305989812225731,0.0001337848345033095,0.015,4.540414443087336e-16,0.2563037853208193
17.8,3.98e-06,0.0,0.007305989812225731,0.0001337848345033095,0.015,7.202569794932769e-16,0.0
17.8,5.01e-06,0.0,0.007305989812225731,0.0001337848345033095,0.015,1.1412920261470169e-15,0.0
17.8,6.31e-06,0.0,0.007305989812225731,0.0001337848345033095,0.015,1.8104229641424622e-15,0.0
17.8,7.94e-06,0.0,0.007305989812225731,0.0001337848345033095,0.015,2.8665685785953864e-15,0.0
17.8,1e-05,0.0,0.007305989812225731,0.0001337848345033095,0.015,4.546962068465929e-15,0.0
17.8,1.26e-05,0.0,0.007305989812225731,0.0001337848345033095,0.015,7.21875697989651e-15,0.0
17.8,1.58e-05,0.0,0.007305989812225731,0.0001337848345033095,0.015,1.1351036107718344e-14,0.0
17.8,2e-05,0.0,0.007305989812225731,0.0001337848345033095,0.015,1.8187848273863715e-14,0.0
17.8,2.51e-05,0.0,0.007305989812225731,0.0001337848345033095,0.015,2.8646315727542195e-14,0.0
17.8,3.16e-05,0.0,0.007305989812225731,0.0001337848345033095,0.015,4.540414443087338e-14,0.0
17.8,3.98e-05,0.0,0.007305989812225731,0.0001337848345033095,0.015,7.202569794932772e-14,0.0
17.8,5.01e-05,0.0,0.007305989812225731,0.0001337848345033095,0.015,1.1412920261470162e-13,0.0
17.8,6.31e-05,0.0,0.007305989812225731,0.0001337848345033095,0.015,1.8104229641424623e-13,0.0
17.8,7.94e-05,0.0,0.007305989812225731,0.0001337848345033095,0.015,2.8665685785953864e-13,0.0
17.8,0.0001,0.0,0.007305989812225731,0.0001337848345033095,0.015,4.546962068465929e-13,0.0
17.8,0.000126,0.0,0.007305989812225731,0.0001337848345033095,0.015,7.218756979896505e-13,0.0
17.8,0.000158,0.0,0.007305989812225731,0.0001337848345033095,0.015,1.1351036107718345e-12,0.0
17.8,0.0002,0.0,0.007305989812225731,0.0001337848345033095,0.015,1.8187848273863716e-12,0.0
17.8,0.000251,0.0,0.007305989812225731,0.0001337848345033095,0.015,2.8646315727542177e-12,0.0
17.8,0.000316,0.0,0.007305989812225731,0.0001337848345033095,0.015,4.540414443087338e-12,0.0
17.8,0.000398,0.0,0.007305989812225731,0.0001337848345033095,0.015,7.2025697949327695e-12,0.0
17.8,0.000501,0.0,0.007305989812225731,0.0001337848345033095,0.015,1.1412920261470166e-11,0.0
17.8,0.000631,0.0,0.007305989812225731,0.0001337848345033095,0.015,1.810422964142463e-11,0.0
17.8,0.000794,0.0,0.007305989812225731,0.0001337848345033095,0.015,2.866568578595386e-11,0.0
17.8,0.001,0.0,0.007305989812225731,0.0001337848345033095,0.015,4.54696206846593e-11,0.0
17.8,0.00126,0.0,0.007305989812225731,0.0001337848345033095,0.015,7.218756979896507e-11,0.0
17.8,0.00158,0.0,0.007305989812225731,0.0001337848345033095,0.015,1.1351036107718343e-10,0.0
17.8,0.002,0.0,0.007305989812225731,0.0001337848345033095,0.015,1.818784827386372e-10,0.0
17.8,0.00251,0.0,0.007305989812225731,0.0001337848345033095,0.015,2.8646315727542193e-10,0.0
17.8,0.00316,0.0,0.007305989812225731,0.0001337848345033095,0.015,4.5404144430873373e-10,0.0
17.8,0.00398,0.0,0.007305989812225731,0.0001337848345033095,0.015,7.20256979493277e-10,0.0
17.8,0.00501,0.0,0.007305989812225731,0.0001337848345033095,0.015,1.1412920261470163e-09,0.0
17.8,0.00631,0.0,0.007305989812225731,0.0001337848345033095,0.015,1.8104229641424624e-09,0.0
17.8,0.00794,0.0,0.007305989812225731,0.0001337848345033095,0.015,2.866568578595385e-09,0.0
17.8,0.01,0.0,0.007305989812225731,0.0001337848345033095,0.015,4.54696206846593e-09,0.0
17.8,0.0126,0.0,0.007305989812225731,0.0001337848345033095,0.015,7.218756979896509e-09,0.0
17.8,0.0158,0.0,0.007305989812225731,0.0001337848345033095,0.015,1.1351036107718345e-08,0.0
17.8,0.02,0.0,0.007305989812225731,0.0001337848345033095,0.015,1.818784827386372e-08,0.0
17.8,0.0251,0.0,0.007305989812225731,0.0001337848345033095,0.015,2.8646315727542206e-08,0.0
17.8,0.0316,0.0,0.007305989812225731,0.0001337848345033095,0.015,4.540414443087338e-08,0.0
17.8,0.0398,0.0,0.007305989812225731,0.0001337848345033095,0.015,7.202569794932769e-08,0.0
17.8,0.0501,0.0,0.007305989812225731,0.0001337848345033095,0.015,1.1412920261470164e-07,0.0
17.8,0.0631,0.0,0.007305989812225731,0.0001337848345033095,0.015,1.8104229641424628e-07,0.0
17.8,0.0794,0.0,0.007305989812225731,0.0001337848345033095,0.015,2.866568578595386e-07,0.0
17.8,0.1,0.0,0.007305989812225731,0.0001337848345033095,0.015,4.54696206846593e-07,0.0
17.8,0.126,0.0,0.007305989812225731,0.0001337848345033095,0.015,7.218756979896509e-07,0.0
17.8,0.158,0.0,0.007305989812225731,0.0001337848345033095,0.015,1.1351036107718345e-06,0.0
17.8,0.2,0.0,0.007305989812225731,0.0001337848345033095,0.015,1.818784827386372e-06,0.0
17.8,0.251,0.0,0.007305989812225731,0.0001337848345033095,0.015,2.864631572754219e-06,0.0
17.8,0.316,0.0,0.007305989812225731,0.0001337848345033095,0.015,4.540414443087338e-06,0.0
17.8,0.398,0.0,0.007305989812225731,0.0001337848345033095,0.015,7.202569794932771e-06,0.0
17.8,0.501,0.0,0.007305989812225731,0.0001337848345033095,0.015,1.1412920261470165e-05,0.0
17.8,0.631,0.0,0.007305989812225731,0.0001337848345033095,0.015,1.8104229641424618e-05,0.0
17.8,0.794,0.0,0.007305989812225731,0.0001337848345033095,0.015,2.8665685785953867e-05,0.0
17.8,1.0,0.0,0.007305989812225731,0.0001337848345033095,0.015,4.546962068465929e-05,0.0
31.6,3.16e-08,6.87886245932784e-05,0.0005236787670098608,9.589429903128745e-06,0.015,8.948379729681282e-20,0.04322777053357466
31.6,3.98e-08,4.078880595931251e-05,0.0005236787670098608,9.589429903128745e-06,0.015,1.4195032273478147e-19,0.025632277935092686
31.6,5.01e-08,0.00025408256905292537,0.0005236787670098608,9.589429903128745e-06,0.015,2.2492912399152096e-19,0.15966917577640052
31.6,6.31e-08,0.00022580757424094637,0.0005236787670098608,9.589429903128745e-06,0.015,3.5680337902075286e-19,0.14190075847198366
31.6,7.94e-08,0.00039020827085584113,0.0005236787670098608,9.589429903128745e-06,0.015,5.649516026339279e-19,0.24521254339060403
31.6,1e-07,0.0006547541395289209,0.0005236787670098608,9.589429903128745e-06,0.015,8.96128397861048e-19,0.41145700857972917
31.6,1.26e-07,0.0007283815656505928,0.0005236787670098608,9.589429903128745e-06,0.015,1.4226934444442e-18,0.45772555225513734
31.6,1.58e-07,0.0010149582250849074,0.0005236787670098608,9.589429903128745e-06,0.015,2.237094932420321e-18,0.6378144862547773
31.6,2e-07,0.001609086113431063,0.0005236787670098608,9.589429903128745e-06,0.015,3.584513591444192e-18,1.0111730782731216
31.6,2.51e-07,0.0016631441379177827,0.0005236787670098608,9.589429903128745e-06,0.015,5.6456985193643904e-18,1.0451439258053548
31.6,3.16e-07,0.0017180011451446552,0.0005236787670098608,9.589429903128745e-06,0.015,8.948379729681285e-18,1.0796168656930583
31.6,3.98e-07,0.001953035569998946,0.0005236787670098608,9.589429903128745e-06,0.015,1.4195032273478146e-17,1.2273159110681384
31.6,5.01e-07,0.0014597275703412728,0.0005236787670098608,9.589429903128745e-06,0.015,2.2492912399152104e-17,0.9173140010479411
31.6,6.31e-07,0.0008251104393713197,0.0005236787670098608,9.589429903128745e-06,0.015,3.568033790207528e-17,0.5185113810443246
31.6,7.94e-07,0.00020907352862137963,0.0005236787670098608,9.589429903128745e-06,0.015,5.649516026339281e-17,0.1313848412194139
31.6,1e-06,5.919701610613708e-05,0.0005236787670098608,9.589429903128745e-06,0.015,8.961283978610484e-17,0.03720026448614968
31.6,1.26e-06,3.186196744186262e-05,0.0005236787670098608,9.589429903128745e-06,0.015,1.4226934444442004e-16,0.020022522989355536
31.6,1.58e-06,0.0,0.0005236787670098608,9.589429903128745e-06,0.015,2.2370949324203203e-16,0.0
31.6,2e-06,0.0,0.0005236787670098608,9.589429903128745e-06,0.015,3.5845135914441935e-16,0.0
31.6,2.51e-06,0.0,0.0005236787670098608,9.589429903128745e-06,0.015,5.645698519364391e-16,0.0
31.6,3.16e-06,0.0,0.0005236787670098608,9.589429903128745e-06,0.015,8.948379729681281e-16,0.0
31.6,3.98e-06,0.0,0.0005236787670098608,9.589429903128745e-06,0.015,1.4195032273478146e-15,0.0
31.6,5.01e-06,0.0,0.0005236787670098608,9.589429903128745e-06,0.015,2.24929123991521e-15,0.0
31.6,6.31e-06,0.0,0.0005236787670098608,9.589429903128745e-06,0.015,3.568033790207528e-15,0.0
31.6,7.94e-06,0.0,0.0005236787670098608,9.589429903128745e-06,0.015,5.6495160263392794e-15,0.0
31.6,1e-05,0.0,0.0005236787670098608,9.589429903128745e-06,0.015,8.961283978610483e-15,0.0
31.6,1.26e-05,0.0,0.0005236787670098608,9.589429903128745e-06,0.015,1.4226934444442006e-14,0.0
31.6,1.58e-05,0.0,0.0005236787670098608,9.589429903128745e-06,0.015,2.2370949324203205e-14,0.0
31.6,2e-05,0.0,0.0005236787670098608,9.589429903128745e-06,0.015,3.584513591444193e-14,0.0
31.6,2.51e-05,0.0,0.0005236787670098608,9.589429903128745e-06,0.015,5.645698519364388e-14,0.0
31.6,3.16e-05,0.0,0.0005236787670098608,9.589429903128745e-06,0.015,8.948379729681282e-14,0.0
31.6,3.98e-05,0.0,0.0005236787670098608,9.589429903128745e-06,0.015,1.4195032273478142e-13,0.0
31.6,5.01e-05,0.0,0.0005236787670098608,9.589429903128745e-06,0.015,2.249291239915209e-13,0.0
31.6,6.31e-05,0.0,0.0005236787670098608,9.589429903128745e-06,0.015,3.568033790207528e-13,0.0
31.6,7.94e-05,0.0,0.0005236787670098608,9.589429903128745e-06,0.015,5.64951602633928e-13,0.0
31.6,0.0001,0.0,0.0005236787670098608,9.589429903128745e-06,0.015,8.961283978610485e-13,0.0
31.6,0.000126,0.0,0.0005236787670098608,9.589429903128745e-06,0.015,1.4226934444442e-12,0.0
31.6,0.000158,0.0,0.0005236787670098608,9.589429903128745e-06,0.015,2.2370949324203203e-12,0.0
31.6,0.0002,0.0,0.0005236787670098608,9.589429903128745e-06,0.015,3.584513591444194e-12,0.0
31.6,0.000251,0.0,0.0005236787670098608,9.589429903128745e-06,0.015,5.6456985193643874e-12,0.0
31.6,0.000316,0.0,0.0005236787670098608,9.589429903128745e-06,0.015,8.948379729681281e-12,0.0
31.6,0.000398,0.0,0.0005236787670098608,9.589429903128745e-06,0.015,1.419503227347815e-11,0.0
31.6,0.000501,0.0,0.0005236787670098608,9.589429903128745e-06,0.015,2.24929123991521e-11,0.0
31.6,0.000631,0.0,0.0005236787670098608,9.589429903128745e-06,0.015,3.5680337902075284e-11,0.0
31.6,0.000794,0.0,0.0005236787670098608,9.589429903128745e-06,0.015,5.649516026339277e-11,0.0
31.6,0.001,0.0,0.0005236787670098608,9.589429903128745e-06,0.015,8.96128397861048e-11,0.0
31.6,0.00126,0.0,0.0005236787670098608,9.589429903128745e-06,0.015,1.4226934444442005e-10,0.0
31.6,0.00158,0.0,0.0005236787670098608,9.589429903128745e-06,0.015,2.2370949324203205e-10,0.0
31.6,0.002,0.0,0.0005236787670098608,9.589429903128745e-06,0.015,3.584513591444192e-10,0.0
31.6,0.00251,0.0,0.0005236787670098608,9.589429903128745e-06,0.015,5.645698519364389e-10,0.0
31.6,0.00316,0.0,0.0005236787670098608,9.589429903128745e-06,0.015,8.948379729681282e-10,0.0
31.6,0.00398,0.0,0.0005236787670098608,9.589429903128745e-06,0.015,1.419503227347815e-09,0.0
31.6,0.00501,0.0,0.0005236787670098608,9.589429903128745e-06,0.015,2.2492912399152098e-09,0.0
31.6,0.00631,0.0,0.0005236787670098608,9.589429903128745e-06,0.015,3.5680337902075275e-09,0.0
31.6,0.00794,0.0,0.0005236787670098608,9.589429903128745e-06,0.015,5.649516026339278e-09,0.0
31.6,0.01,0.0,0.0005236787670098608,9.589429903128745e-06,0.015,8.961283978610482e-09,0.0
31.6,0.0126,0.0,0.0005236787670098608,9.589429903128745e-06,0.015,1.4226934444442003e-08,0.0
31.6,0.0158,0.0,0.0005236787670098608,9.589429903128745e-06,0.015,2.2370949324203213e-08,0.0
31.6,0.02,0.0,0.0005236787670098608,9.589429903128745e-06,0.015,3.584513591444193e-08,0.0
31.6,0.0251,0.0,0.0005236787670098608,9.589429903128745e-06,0.015,5.64569851936439e-08,0.0
31.6,0.0316,0.0,0.0005236787670098608,9.589429903128745e-06,0.015,8.948379729681285e-08,0.0
31.6,0.0398,0.0,0.0005236787670098608,9.589429903128745e-06,0.015,1.419503227347815e-07,0.0
31.6,0.0501,0.0,0.0005236787670098608,9.589429903128745e-06,0.015,2.2492912399152092e-07,0.0
31.6,0.0631,0.0,0.0005236787670098608,9.589429903128745e-06,0.015,3.5680337902075283e-07,0.0
31.6,0.0794,0.0,0.0005236787670098608,9.589429903128745e-06,0.015,5.649516026339277e-07,0.0
31.6,0.1,0.0,0.0005236787670098608,9.589429903128745e-06,0.015,8.961283978610486e-07,0.0
31.6,0.126,0.0,0.0005236787670098608,9.589429903128745e-06,0.015,1.4226934444442007e-06,0.0
31.6,0.158,0.0,0.0005236787670098608,9.589429903128745e-06,0.015,2.2370949324203206e-06,0.0
31.6,0.2,0.0,0.0005236787670098608,9.589429903128745e-06,0.015,3.5845135914441943e-06,0.0
31.6,0.251,0.0,0.0005236787670098608,9.589429903128745e-06,0.015,5.64569851936439e-06,0.0
31.6,0.316,0.0,0.0005236787670098608,9.589429903128745e-06,0.015,8.948379729681282e-06,0.0
31.6,0.398,0.0,0.0005236787670098608,9.589429903128745e-06,0.015,1.4195032273478154e-05,0.0
31.6,0.501,0.0,0.0005236787670098608,9.589429903128745e-06,0.015,2.2492912399152095e-05,0.0
31.6,0.631,0.0,0.0005236787670098608,9.589429903128745e-06,0.015,3.5680337902075275e-05,0.0
31.6,0.794,0.0,0.0005236787670098608,9.589429903128745e-06,0.015,5.64951602633928e-05,0.0
31.6,1.0,0.0,0.0005236787670098608,9.589429903128745e-06,0.015,8.961283978610485e-05,0.0
