filename,filepath,scan,run,mass,CaPhi,generated_events_index,nLLP_original,nLLP_original_weighted,nLLP_LLPdecay,nLLP_LLPdecay_weighted,nLLP_InCavern,nLLP_InCavern_weighted,nLLP_NotInATLAS,nLLP_NotInATLAS_weighted,nLLP_Geometry,nLLP_Geometry_weighted,nLLP_Tracker,nLLP_Tracker_weighted,nLLP_MET,nLLP_MET_weighted,nLLP_IsoJet,nLLP_IsoJet_weighted,nLLP_IsoCharged,nLLP_IsoCharged_weighted,nLLP_IsoAll,nLLP_IsoAll_weighted,nLLP_Final,nLLP_Final_weighted,n_surviving_llps,status,acceptance,cross_section_pb,N_signal
ALP_W+_sampledfs_Scan_10_Run_1.pkl.gz,/raid/anubis/sensitivityStudyData/ALPs/fermionCoupled/ALP_W+_Runs_2/Generated_Events_1/ALP_W+_sampledfs_Scan_10_Run_1.pkl.gz,10,1,10.0,0.0001,1,2000,2.2941824000000012e-09,2000,2.2941824000000012e-09,2000,2.2941824000000012e-09,0,0.0,0,0.0,0,0.0,0,0.0,0,0.0,0,0.0,0,0.0,0,0.0,0,success,0.0,1.147091e-12,0.0
ALP_W+_sampledfs_Scan_10_Run_2.pkl.gz,/raid/anubis/sensitivityStudyData/ALPs/fermionCoupled/ALP_W+_Runs_2/Generated_Events_1/ALP_W+_sampledfs_Scan_10_Run_2.pkl.gz,10,2,10.0,3.16e-05,1,2000,2.2826817999999986e-10,2000,2.2826817999999986e-10,2000,2.2826817999999986e-10,0,0.0,0,0.0,0,0.0,0,0.0,0,0.0,0,0.0,0,0.0,0,0.0,0,success,0.0,1.141341e-13,0.0
ALP_W+_sampledfs_Scan_10_Run_3.pkl.gz,/raid/anubis/sensitivityStudyData/ALPs/fermionCoupled/ALP_W+_Runs_2/Generated_Events_1/ALP_W+_sampledfs_Scan_10_Run_3.pkl.gz,10,3,10.0,1e-05,1,2000,2.2853886000000005e-11,2000,2.2853886000000005e-11,1960,2.2396808280000005e-11,13,1.4855025900000004e-13,2,2.2853886000000003e-14,1,1.1426943e-14,1,1.1426943e-14,1,1.1426943e-14,1,1.1426943e-14,1,1.1426943e-14,1,1.1426943e-14,1,success,0.0005,1.142695e-14,8.5702125e-12
ALP_W+_sampledfs_Scan_10_Run_4.pkl.gz,/raid/anubis/sensitivityStudyData/ALPs/fermionCoupled/ALP_W+_Runs_2/Generated_Events_1/ALP_W+_sampledfs_Scan_10_Run_4.pkl.gz,10,4,10.0,3.16e-06,1,2000,2.2968894e-12,2000,2.2968894e-12,1436,1.6491665892e-12,153,1.757120391e-13,32,3.67502304e-14,25,2.87111175e-14,21,2.41173387e-14,20,2.2968894e-14,20,2.2968894e-14,20,2.2968894e-14,20,2.2968894e-14,20,success,0.01,1.148445e-15,1.7226675e-11
ALP_W+_sampledfs_Scan_10_Run_5.pkl.gz,/raid/anubis/sensitivityStudyData/ALPs/fermionCoupled/ALP_W+_Runs_2/Generated_Events_1/ALP_W+_sampledfs_Scan_10_Run_5.pkl.gz,10,5,10.0,1e-06,1,2000,2.296189200000001e-13,2000,2.296189200000001e-13,377,4.328316642000001e-14,110,1.26290406e-14,35,4.018331100000001e-15,26,2.985045960000001e-15,13,1.4925229800000005e-15,13,1.4925229800000005e-15,13,1.4925229800000005e-15,13,1.4925229800000005e-15,13,1.4925229800000005e-15,13,success,0.0065,1.148094e-16,1.1193916499999999e-12
ALP_W+_sampledfs_Scan_10_Run_6.pkl.gz,/raid/anubis/sensitivityStudyData/ALPs/fermionCoupled/ALP_W+_Runs_2/Generated_Events_1/ALP_W+_sampledfs_Scan_10_Run_6.pkl.gz,10,6,10.0,3.16e-07,1,2000,2.2863694e-14,2000,2.2863694e-14,53,6.058878909999999e-16,15,1.71477705e-16,4,4.572738800000001e-17,2,2.2863694000000002e-17,1,1.1431847000000001e-17,1,1.1431847000000001e-17,1,1.1431847000000001e-17,1,1.1431847000000001e-17,1,1.1431847000000001e-17,1,success,0.0005,1.1431840000000002e-17,8.573880000000002e-15
ALP_W+_sampledfs_Scan_10_Run_7.pkl.gz,/raid/anubis/sensitivityStudyData/ALPs/fermionCoupled/ALP_W+_Runs_2/Generated_Events_1/ALP_W+_sampledfs_Scan_10_Run_7.pkl.gz,10,7,10.0,1e-07,1,2000,2.2904998000000005e-15,2000,2.2904998000000005e-15,5,5.726249499999999e-18,4,4.5809996e-18,1,1.1452499e-18,0,0.0,0,0.0,0,0.0,0,0.0,0,0.0,0,0.0,0,success,0.0,1.14525e-18,0.0
ALP_W+_sampledfs_Scan_10_Run_8.pkl.gz,/raid/anubis/sensitivityStudyData/ALPs/fermionCoupled/ALP_W+_Runs_2/Generated_Events_1/ALP_W+_sampledfs_Scan_10_Run_8.pkl.gz,10,8,10.0,3.16e-08,1,2000,2.2933228e-16,2000,2.2933228e-16,2,2.2933228e-19,2,2.2933228e-19,0,0.0,0,0.0,0,0.0,0,0.0,0,0.0,0,0.0,0,0.0,0,success,0.0,1.146661e-19,0.0
ALP_W+_sampledfs_Scan_11_Run_1.pkl.gz,/raid/anubis/sensitivityStudyData/ALPs/fermionCoupled/ALP_W+_Runs_2/Generated_Events_1/ALP_W+_sampledfs_Scan_11_Run_1.pkl.gz,11,1,17.8,3.16e-05,1,2000,1.70527e-10,2000,1.70527e-10,2000,1.70527e-10,0,0.0,0,0.0,0,0.0,0,0.0,0,0.0,0,0.0,0,0.0,0,0.0,0,success,0.0,8.52635e-14,0.0
ALP_W+_sampledfs_Scan_11_Run_2.pkl.gz,/raid/anubis/sensitivityStudyData/ALPs/fermionCoupled/ALP_W+_Runs_2/Generated_Events_1/ALP_W+_sampledfs_Scan_11_Run_2.pkl.gz,11,2,17.8,1e-05,1,2000,1.7103425599999995e-11,2000,1.7103425599999995e-11,2000,1.7103425599999995e-11,0,0.0,0,0.0,0,0.0,0,0.0,0,0.0,0,0.0,0,0.0,0,0.0,0,success,0.0,8.551713e-15,0.0
ALP_W+_sampledfs_Scan_11_Run_3.pkl.gz,/raid/anubis/sensitivityStudyData/ALPs/fermionCoupled/ALP_W+_Runs_2/Generated_Events_1/ALP_W+_sampledfs_Scan_11_Run_3.pkl.gz,11,3,17.8,3.16e-06,1,2000,1.7070510600000004e-12,2000,1.7070510600000004e-12,1932,1.6490113239600005e-12,36,3.0726919080000004e-14,2,1.7070510600000002e-15,2,1.7070510600000002e-15,2,1.7070510600000002e-15,2,1.7070510600000002e-15,2,1.7070510600000002e-15,2,1.7070510600000002e-15,2,1.7070510600000002e-15,2,success,0.001,8.535256e-16,1.2802884e-12
ALP_W+_sampledfs_Scan_11_Run_4.pkl.gz,/raid/anubis/sensitivityStudyData/ALPs/fermionCoupled/ALP_W+_Runs_2/Generated_Events_1/ALP_W+_sampledfs_Scan_11_Run_4.pkl.gz,11,4,17.8,1e-06,1,2000,1.7040835600000005e-13,2000,1.7040835600000005e-13,1156,9.8496029768e-14,214,1.8233694092e-14,47,4.0045963660000014e-15,34,2.8969420520000007e-15,28,2.385716984000001e-15,28,2.385716984000001e-15,28,2.385716984000001e-15,28,2.385716984000001e-15,28,2.385716984000001e-15,28,success,0.014,8.520418000000001e-17,1.7892877800000001e-12
ALP_W+_sampledfs_Scan_11_Run_5.pkl.gz,/raid/anubis/sensitivityStudyData/ALPs/fermionCoupled/ALP_W+_Runs_2/Generated_Events_1/ALP_W+_sampledfs_Scan_11_Run_5.pkl.gz,11,5,17.8,3.16e-07,1,2000,1.7150507200000002e-14,2000,1.7150507200000002e-14,244,2.0923618784e-15,78,6.688697807999999e-16,18,1.5435456480000002e-16,13,1.1147829679999999e-16,8,6.86020288e-17,7,6.002677520000002e-17,7,6.002677520000002e-17,7,6.002677520000002e-17,7,6.002677520000002e-17,7,success,0.0035,8.575253e-18,4.5020078250000004e-14
ALP_W+_sampledfs_Scan_11_Run_6.pkl.gz,/raid/anubis/sensitivityStudyData/ALPs/fermionCoupled/ALP_W+_Runs_2/Generated_Events_1/ALP_W+_sampledfs_Scan_11_Run_6.pkl.gz,11,6,17.8,1e-07,1,2000,1.7050194000000005e-15,2000,1.7050194000000005e-15,29,2.4722781299999997e-17,14,1.1935135800000005e-17,2,1.7050194000000004e-18,1,8.525097000000001e-19,1,8.525097000000001e-19,1,8.525097000000001e-19,1,8.525097000000001e-19,1,8.525097000000001e-19,1,8.525097000000001e-19,1,success,0.0005,8.525096999999999e-19,6.393822749999999e-16
ALP_W+_sampledfs_Scan_11_Run_7.pkl.gz,/raid/anubis/sensitivityStudyData/ALPs/fermionCoupled/ALP_W+_Runs_2/Generated_Events_1/ALP_W+_sampledfs_Scan_11_Run_7.pkl.gz,11,7,17.8,3.16e-08,1,2000,1.70522296e-16,2000,1.70522296e-16,4,3.4104459200000005e-19,2,1.7052229600000002e-19,0,0.0,0,0.0,0,0.0,0,0.0,0,0.0,0,0.0,0,0.0,0,success,0.0,8.526115e-20,0.0
ALP_W+_sampledfs_Scan_12_Run_1.pkl.gz,/raid/anubis/sensitivityStudyData/ALPs/fermionCoupled/ALP_W+_Runs_2/Generated_Events_1/ALP_W+_sampledfs_Scan_12_Run_1.pkl.gz,12,1,31.6,1e-05,1,2000,1.1743329599999996e-11,2000,1.1743329599999996e-11,2000,1.1743329599999996e-11,0,0.0,0,0.0,0,0.0,0,0.0,0,0.0,0,0.0,0,0.0,0,0.0,0,success,0.0,5.871664e-15,0.0
ALP_W+_sampledfs_Scan_12_Run_2.pkl.gz,/raid/anubis/sensitivityStudyData/ALPs/fermionCoupled/ALP_W+_Runs_2/Generated_Events_1/ALP_W+_sampledfs_Scan_12_Run_2.pkl.gz,12,2,31.6,3.16e-06,1,2000,1.17678426e-12,2000,1.17678426e-12,1996,1.1744306914800002e-12,7,4.11874491e-15,0,0.0,0,0.0,0,0.0,0,0.0,0,0.0,0,0.0,0,0.0,0,success,0.0,5.883922e-16,0.0
ALP_W+_sampledfs_Scan_12_Run_3.pkl.gz,/raid/anubis/sensitivityStudyData/ALPs/fermionCoupled/ALP_W+_Runs_2/Generated_Events_1/ALP_W+_sampledfs_Scan_12_Run_3.pkl.gz,12,3,31.6,1e-06,1,2000,1.17673342e-13,2000,1.17673342e-13,1687,9.925746397700001e-14,125,7.354583874999997e-15,16,9.41386736e-16,13,7.648767230000002e-16,12,7.060400520000002e-16,12,7.060400520000002e-16,12,7.060400520000002e-16,12,7.060400520000002e-16,12,7.060400520000002e-16,12,success,0.006,5.883667e-17,5.2953003e-13
ALP_W+_sampledfs_Scan_12_Run_4.pkl.gz,/raid/anubis/sensitivityStudyData/ALPs/fermionCoupled/ALP_W+_Runs_2/Generated_Events_1/ALP_W+_sampledfs_Scan_12_Run_4.pkl.gz,12,4,31.6,3.16e-07,1,2000,1.1730013200000003e-14,2000,1.1730013200000003e-14,529,3.1025884914000014e-15,151,8.856159966000001e-16,32,1.8768021120000003e-16,24,1.4076015840000003e-16,20,1.1730013200000002e-16,20,1.1730013200000002e-16,20,1.1730013200000002e-16,20,1.1730013200000002e-16,20,1.1730013200000002e-16,20,success,0.01,5.8650070000000004e-18,8.797510500000001e-14
ALP_W+_sampledfs_Scan_12_Run_5.pkl.gz,/raid/anubis/sensitivityStudyData/ALPs/fermionCoupled/ALP_W+_Runs_2/Generated_Events_1/ALP_W+_sampledfs_Scan_12_Run_5.pkl.gz,12,5,31.6,1e-07,1,2000,1.1811819200000004e-15,2000,1.1811819200000004e-15,71,4.193195816000001e-17,23,1.3583592080000005e-17,4,2.36236384e-18,4,2.36236384e-18,4,2.36236384e-18,4,2.36236384e-18,4,2.36236384e-18,4,2.36236384e-18,4,2.36236384e-18,4,success,0.002,5.905909e-19,1.7717727000000001e-15
ALP_W+_sampledfs_Scan_12_Run_6.pkl.gz,/raid/anubis/sensitivityStudyData/ALPs/fermionCoupled/ALP_W+_Runs_2/Generated_Events_1/ALP_W+_sampledfs_Scan_12_Run_6.pkl.gz,12,6,31.6,3.16e-08,1,2000,1.1760462400000004e-16,2000,1.1760462400000004e-16,9,5.292208080000002e-19,4,2.35209248e-19,2,1.17604624e-19,2,1.17604624e-19,2,1.17604624e-19,2,1.17604624e-19,2,1.17604624e-19,2,1.17604624e-19,2,1.17604624e-19,2,success,0.001,5.880231e-20,8.8203465e-17
ALP_W+_sampledfs_Scan_1_Run_1.pkl.gz,/raid/anubis/sensitivityStudyData/ALPs/fermionCoupled/ALP_W+_Runs_2/Generated_Events_1/ALP_W+_sampledfs_Scan_1_Run_1.pkl.gz,1,1,0.0562,1.0,1,2000,0.4969029000000001,2000,0.4969029000000001,1985,0.4931761282500001,13,0.00322986885,0,0.0,0,0.0,0,0.0,0,0.0,0,0.0,0,0.0,0,0.0,0,success,0.0,0.0002484514,0.0
ALP_W+_sampledfs_Scan_1_Run_2.pkl.gz,/raid/anubis/sensitivityStudyData/ALPs/fermionCoupled/ALP_W+_Runs_2/Generated_Events_1/ALP_W+_sampledfs_Scan_1_Run_2.pkl.gz,1,2,0.0562,0.316,1,2000,0.04949089,2000,0.04949089,1596,0.03949373022,119,0.002944707955,21,0.000519654345,6,0.0001484726699999,5,0.0001237272249999,5,0.0001237272249999,5,0.0001237272249999,5,0.0001237272249999,5,0.0001237272249999,5,success,0.0025,2.474545e-05,0.09279543750000001
ALP_W+_sampledfs_Scan_1_Run_3.pkl.gz,/raid/anubis/sensitivityStudyData/ALPs/fermionCoupled/ALP_W+_Runs_2/Generated_Events_1/ALP_W+_sampledfs_Scan_1_Run_3.pkl.gz,1,3,0.0562,0.1,1,2000,0.0049312466,2000,0.0049312466,643,0.0015853957819,137,0.0003377903921,23,5.670933590000003e-05,7,1.7259363100000003e-05,2,4.931246600000001e-06,2,4.931246600000001e-06,2,4.931246600000001e-06,2,4.931246600000001e-06,2,4.931246600000001e-06,2,success,0.001,2.465623e-06,0.0036984345
ALP_W+_sampledfs_Scan_1_Run_4.pkl.gz,/raid/anubis/sensitivityStudyData/ALPs/fermionCoupled/ALP_W+_Runs_2/Generated_Events_1/ALP_W+_sampledfs_Scan_1_Run_4.pkl.gz,1,4,0.0562,0.0316,1,2000,0.00049315096,2000,0.00049315096,129,3.180823692000001e-05,32,7.890415360000001e-06,7,1.7260283600000005e-06,1,2.4657548000000004e-07,1,2.4657548000000004e-07,1,2.4657548000000004e-07,1,2.4657548000000004e-07,1,2.4657548000000004e-07,1,2.4657548000000004e-07,1,success,0.0005,2.465755e-07,0.00018493162500000002
ALP_W+_sampledfs_Scan_1_Run_5.pkl.gz,/raid/anubis/sensitivityStudyData/ALPs/fermionCoupled/ALP_W+_Runs_2/Generated_Events_1/ALP_W+_sampledfs_Scan_1_Run_5.pkl.gz,1,5,0.0562,0.01,1,2000,4.946198599999998e-05,2000,4.946198599999998e-05,18,4.45157874e-07,2,4.9461986e-08,2,4.9461986e-08,0,0.0,0,0.0,0,0.0,0,0.0,0,0.0,0,0.0,0,success,0.0,2.473099e-08,0.0
ALP_W+_sampledfs_Scan_1_Run_6.pkl.gz,/raid/anubis/sensitivityStudyData/ALPs/fermionCoupled/ALP_W+_Runs_2/Generated_Events_1/ALP_W+_sampledfs_Scan_1_Run_6.pkl.gz,1,6,0.0562,0.00316,1,2000,4.936252200000002e-06,2000,4.936252200000002e-06,4,9.8725044e-09,1,2.4681261e-09,0,0.0,0,0.0,0,0.0,0,0.0,0,0.0,0,0.0,0,0.0,0,success,0.0,2.468126e-09,0.0
ALP_W+_sampledfs_Scan_2_Run_1.pkl.gz,/raid/anubis/sensitivityStudyData/ALPs/fermionCoupled/ALP_W+_Runs_2/Generated_Events_1/ALP_W+_sampledfs_Scan_2_Run_1.pkl.gz,2,1,0.1,1.0,1,2000,0.4985680800000001,2000,0.4985680800000001,1999,0.49831879596,1,0.00024928404,0,0.0,0,0.0,0,0.0,0,0.0,0,0.0,0,0.0,0,0.0,0,success,0.0,0.0002492841,0.0
ALP_W+_sampledfs_Scan_2_Run_2.pkl.gz,/raid/anubis/sensitivityStudyData/ALPs/fermionCoupled/ALP_W+_Runs_2/Generated_Events_1/ALP_W+_sampledfs_Scan_2_Run_2.pkl.gz,2,2,0.1,0.316,1,2000,0.049816846,2000,0.049816846,1877,0.046753109971,53,0.0013201464189999,7,0.0001743589609999,1,2.4908423e-05,1,2.4908423e-05,1,2.4908423e-05,1,2.4908423e-05,1,2.4908423e-05,1,2.4908423e-05,1,success,0.0005,2.490842e-05,0.018681315
ALP_W+_sampledfs_Scan_2_Run_3.pkl.gz,/raid/anubis/sensitivityStudyData/ALPs/fermionCoupled/ALP_W+_Runs_2/Generated_Events_1/ALP_W+_sampledfs_Scan_2_Run_3.pkl.gz,2,3,0.1,0.1,1,2000,0.0049461574,2000,0.0049461574,1145,0.0028316751115,134,0.0003313925458,22,5.440773140000002e-05,5,1.23653935e-05,3,7.419236100000001e-06,3,7.419236100000001e-06,3,7.419236100000001e-06,3,7.419236100000001e-06,3,7.419236100000001e-06,3,success,0.0015,2.473079e-06,0.005564427750000001
ALP_W+_sampledfs_Scan_2_Run_4.pkl.gz,/raid/anubis/sensitivityStudyData/ALPs/fermionCoupled/ALP_W+_Runs_2/Generated_Events_1/ALP_W+_sampledfs_Scan_2_Run_4.pkl.gz,2,4,0.1,0.0316,1,2000,0.00049445662,2000,0.00049445662,294,7.268512314e-05,85,2.1014406350000004e-05,14,3.4611963399999994e-06,3,7.4168493e-07,2,4.9445662e-07,2,4.9445662e-07,2,4.9445662e-07,2,4.9445662e-07,2,4.9445662e-07,2,success,0.001,2.472283e-07,0.00037084245
ALP_W+_sampledfs_Scan_2_Run_5.pkl.gz,/raid/anubis/sensitivityStudyData/ALPs/fermionCoupled/ALP_W+_Runs_2/Generated_Events_1/ALP_W+_sampledfs_Scan_2_Run_5.pkl.gz,2,5,0.1,0.01,1,2000,4.9634736000000027e-05,2000,4.9634736000000027e-05,42,1.0423294560000005e-06,10,2.4817368000000004e-07,3,7.4452104e-08,1,2.4817368e-08,0,0.0,0,0.0,0,0.0,0,0.0,0,0.0,0,success,0.0,2.481737e-08,0.0
ALP_W+_sampledfs_Scan_2_Run_6.pkl.gz,/raid/anubis/sensitivityStudyData/ALPs/fermionCoupled/ALP_W+_Runs_2/Generated_Events_1/ALP_W+_sampledfs_Scan_2_Run_6.pkl.gz,2,6,0.1,0.00316,1,2000,4.9418702e-06,2000,4.9418702e-06,1,2.4709351e-09,1,2.4709351e-09,0,0.0,0,0.0,0,0.0,0,0.0,0,0.0,0,0.0,0,0.0,0,success,0.0,2.470935e-09,0.0
ALP_W+_sampledfs_Scan_2_Run_7.pkl.gz,/raid/anubis/sensitivityStudyData/ALPs/fermionCoupled/ALP_W+_Runs_2/Generated_Events_1/ALP_W+_sampledfs_Scan_2_Run_7.pkl.gz,2,7,0.1,0.001,1,2000,4.961818199999999e-07,2000,4.961818199999999e-07,0,0.0,0,0.0,0,0.0,0,0.0,0,0.0,0,0.0,0,0.0,0,0.0,0,0.0,0,success,0.0,2.48091e-10,0.0
ALP_W+_sampledfs_Scan_2_Run_8.pkl.gz,/raid/anubis/sensitivityStudyData/ALPs/fermionCoupled/ALP_W+_Runs_2/Generated_Events_1/ALP_W+_sampledfs_Scan_2_Run_8.pkl.gz,2,8,0.1,0.000316,1,2000,4.9855414e-08,2000,4.9855414e-08,0,0.0,0,0.0,0,0.0,0,0.0,0,0.0,0,0.0,0,0.0,0,0.0,0,0.0,0,success,0.0,2.492771e-11,0.0
ALP_W+_sampledfs_Scan_3_Run_1.pkl.gz,/raid/anubis/sensitivityStudyData/ALPs/fermionCoupled/ALP_W+_Runs_2/Generated_Events_1/ALP_W+_sampledfs_Scan_3_Run_1.pkl.gz,3,1,0.178,1.0,1,2000,0.50347106,2000,0.50347106,2000,0.50347106,0,0.0,0,0.0,0,0.0,0,0.0,0,0.0,0,0.0,0,0.0,0,0.0,0,success,0.0,0.0002517356,0.0
ALP_W+_sampledfs_Scan_3_Run_2.pkl.gz,/raid/anubis/sensitivityStudyData/ALPs/fermionCoupled/ALP_W+_Runs_2/Generated_Events_1/ALP_W+_sampledfs_Scan_3_Run_2.pkl.gz,3,2,0.178,0.316,1,2000,0.050301174,2000,0.050301174,1982,0.049848463434,13,0.000326957631,2,5.030117400000001e-05,1,2.5150587000000004e-05,1,2.5150587000000004e-05,1,2.5150587000000004e-05,1,2.5150587000000004e-05,1,2.5150587000000004e-05,1,2.5150587000000004e-05,1,success,0.0005,2.515059e-05,0.0188629425
ALP_W+_sampledfs_Scan_3_Run_3.pkl.gz,/raid/anubis/sensitivityStudyData/ALPs/fermionCoupled/ALP_W+_Runs_2/Generated_Events_1/ALP_W+_sampledfs_Scan_3_Run_3.pkl.gz,3,3,0.178,0.1,1,2000,0.0049769539999999,2000,0.0049769539999999,1612,0.0040114249239999,104,0.000258801608,17,4.2304109000000005e-05,6,1.4930862000000002e-05,5,1.2442385000000002e-05,5,1.2442385000000002e-05,5,1.2442385000000002e-05,5,1.2442385000000002e-05,5,1.2442385000000002e-05,5,success,0.0025,2.488477e-06,0.00933178875
ALP_W+_sampledfs_Scan_3_Run_4.pkl.gz,/raid/anubis/sensitivityStudyData/ALPs/fermionCoupled/ALP_W+_Runs_2/Generated_Events_1/ALP_W+_sampledfs_Scan_3_Run_4.pkl.gz,3,4,0.178,0.0316,1,2000,0.0005003157999999,2000,0.0005003157999999,638,0.0001596007401999,144,3.6022737599999994e-05,21,5.2533159e-06,9,2.2514211e-06,6,1.5009474e-06,6,1.5009474e-06,6,1.5009474e-06,6,1.5009474e-06,6,1.5009474e-06,6,success,0.003,2.501579e-07,0.00112571055
ALP_W+_sampledfs_Scan_3_Run_5.pkl.gz,/raid/anubis/sensitivityStudyData/ALPs/fermionCoupled/ALP_W+_Runs_2/Generated_Events_1/ALP_W+_sampledfs_Scan_3_Run_5.pkl.gz,3,5,0.178,0.01,1,2000,5.012329599999999e-05,2000,5.012329599999999e-05,129,3.232952592e-06,37,9.27280976e-07,9,2.25554832e-07,2,5.0123296e-08,0,0.0,0,0.0,0,0.0,0,0.0,0,0.0,0,success,0.0,2.506165e-08,0.0
ALP_W+_sampledfs_Scan_3_Run_6.pkl.gz,/raid/anubis/sensitivityStudyData/ALPs/fermionCoupled/ALP_W+_Runs_2/Generated_Events_1/ALP_W+_sampledfs_Scan_3_Run_6.pkl.gz,3,6,0.178,0.00316,1,2000,4.983818599999999e-06,2000,4.983818599999999e-06,7,1.74433651e-08,2,4.9838186e-09,1,2.4919093e-09,1,2.4919093e-09,1,2.4919093e-09,1,2.4919093e-09,1,2.4919093e-09,1,2.4919093e-09,1,2.4919093e-09,1,success,0.0005,2.491909e-09,1.86893175e-06
ALP_W+_sampledfs_Scan_3_Run_7.pkl.gz,/raid/anubis/sensitivityStudyData/ALPs/fermionCoupled/ALP_W+_Runs_2/Generated_Events_1/ALP_W+_sampledfs_Scan_3_Run_7.pkl.gz,3,7,0.178,0.001,1,2000,5.004758599999998e-07,2000,5.004758599999998e-07,5,1.25118965e-09,2,5.0047586e-10,1,2.5023793e-10,0,0.0,0,0.0,0,0.0,0,0.0,0,0.0,0,0.0,0,success,0.0,2.502379e-10,0.0
ALP_W+_sampledfs_Scan_3_Run_8.pkl.gz,/raid/anubis/sensitivityStudyData/ALPs/fermionCoupled/ALP_W+_Runs_2/Generated_Events_1/ALP_W+_sampledfs_Scan_3_Run_8.pkl.gz,3,8,0.178,0.000316,1,2000,5.0309788000000004e-08,2000,5.0309788000000004e-08,0,0.0,0,0.0,0,0.0,0,0.0,0,0.0,0,0.0,0,0.0,0,0.0,0,0.0,0,success,0.0,2.515489e-11,0.0
ALP_W+_sampledfs_Scan_3_Run_9.pkl.gz,/raid/anubis/sensitivityStudyData/ALPs/fermionCoupled/ALP_W+_Runs_2/Generated_Events_1/ALP_W+_sampledfs_Scan_3_Run_9.pkl.gz,3,9,0.178,0.0001,1,2000,4.980754e-09,2000,4.980754e-09,0,0.0,0,0.0,0,0.0,0,0.0,0,0.0,0,0.0,0,0.0,0,0.0,0,0.0,0,success,0.0,2.490377e-12,0.0
ALP_W+_sampledfs_Scan_4_Run_1.pkl.gz,/raid/anubis/sensitivityStudyData/ALPs/fermionCoupled/ALP_W+_Runs_2/Generated_Events_1/ALP_W+_sampledfs_Scan_4_Run_1.pkl.gz,4,1,0.316,0.316,1,2000,0.050891546,2000,0.050891546,2000,0.050891546,0,0.0,0,0.0,0,0.0,0,0.0,0,0.0,0,0.0,0,0.0,0,0.0,0,success,0.0,2.544577e-05,0.0
ALP_W+_sampledfs_Scan_4_Run_2.pkl.gz,/raid/anubis/sensitivityStudyData/ALPs/fermionCoupled/ALP_W+_Runs_2/Generated_Events_1/ALP_W+_sampledfs_Scan_4_Run_2.pkl.gz,4,2,0.316,0.1,1,2000,0.0051122254,2000,0.0051122254,2000,0.0051122254,0,0.0,0,0.0,0,0.0,0,0.0,0,0.0,0,0.0,0,0.0,0,0.0,0,success,0.0,2.556113e-06,0.0
ALP_W+_sampledfs_Scan_4_Run_3.pkl.gz,/raid/anubis/sensitivityStudyData/ALPs/fermionCoupled/ALP_W+_Runs_2/Generated_Events_1/ALP_W+_sampledfs_Scan_4_Run_3.pkl.gz,4,3,0.316,0.0316,1,2000,0.00050390886,2000,0.00050390886,2000,0.00050390886,0,0.0,0,0.0,0,0.0,0,0.0,0,0.0,0,0.0,0,0.0,0,0.0,0,success,0.0,2.519544e-07,0.0
ALP_W+_sampledfs_Scan_4_Run_4.pkl.gz,/raid/anubis/sensitivityStudyData/ALPs/fermionCoupled/ALP_W+_Runs_2/Generated_Events_1/ALP_W+_sampledfs_Scan_4_Run_4.pkl.gz,4,4,0.316,0.01,1,2000,5.077927600000001e-05,2000,5.077927600000001e-05,1985,5.039843143e-05,12,3.04675656e-07,1,2.5389638e-08,1,2.5389638e-08,1,2.5389638e-08,0,0.0,1,2.5389638e-08,0,0.0,0,0.0,0,success,0.0,2.538964e-08,0.0
ALP_W+_sampledfs_Scan_4_Run_5.pkl.gz,/raid/anubis/sensitivityStudyData/ALPs/fermionCoupled/ALP_W+_Runs_2/Generated_Events_1/ALP_W+_sampledfs_Scan_4_Run_5.pkl.gz,4,5,0.316,0.00316,1,2000,5.072945600000003e-06,2000,5.072945600000003e-06,1615,4.096403572000001e-06,88,2.232096064000001e-07,19,4.8192983200000015e-08,9,2.282825520000001e-08,9,2.282825520000001e-08,9,2.282825520000001e-08,9,2.282825520000001e-08,9,2.282825520000001e-08,9,2.282825520000001e-08,9,success,0.0045,2.536473e-09,1.712119275e-05
ALP_W+_sampledfs_Scan_4_Run_6.pkl.gz,/raid/anubis/sensitivityStudyData/ALPs/fermionCoupled/ALP_W+_Runs_2/Generated_Events_1/ALP_W+_sampledfs_Scan_4_Run_6.pkl.gz,4,6,0.316,0.001,1,2000,5.0749188e-07,2000,5.0749188e-07,670,1.700097798e-07,120,3.04495128e-08,27,6.851140379999998e-09,16,4.05993504e-09,6,1.52247564e-09,6,1.52247564e-09,6,1.52247564e-09,6,1.52247564e-09,6,1.52247564e-09,6,success,0.003,2.537459e-10,1.14185655e-06
ALP_W+_sampledfs_Scan_4_Run_7.pkl.gz,/raid/anubis/sensitivityStudyData/ALPs/fermionCoupled/ALP_W+_Runs_2/Generated_Events_1/ALP_W+_sampledfs_Scan_4_Run_7.pkl.gz,4,7,0.316,0.000316,1,2000,5.0617740000000027e-08,2000,5.0617740000000027e-08,127,3.2142264900000003e-09,41,1.03766367e-09,15,3.7963305000000016e-10,12,3.037064400000001e-10,2,5.061774000000001e-11,2,5.061774000000001e-11,2,5.061774000000001e-11,2,5.061774000000001e-11,2,5.061774000000001e-11,2,success,0.001,2.530887e-11,3.7963305e-08
ALP_W+_sampledfs_Scan_4_Run_8.pkl.gz,/raid/anubis/sensitivityStudyData/ALPs/fermionCoupled/ALP_W+_Runs_2/Generated_Events_1/ALP_W+_sampledfs_Scan_4_Run_8.pkl.gz,4,8,0.316,0.0001,1,2000,5.1173220000000005e-09,2000,5.1173220000000005e-09,10,2.5586610000000003e-11,2,5.117322e-12,1,2.558661e-12,1,2.558661e-12,0,0.0,0,0.0,0,0.0,0,0.0,0,0.0,0,success,0.0,2.558661e-12,0.0
ALP_W+_sampledfs_Scan_4_Run_9.pkl.gz,/raid/anubis/sensitivityStudyData/ALPs/fermionCoupled/ALP_W+_Runs_2/Generated_Events_1/ALP_W+_sampledfs_Scan_4_Run_9.pkl.gz,4,9,0.316,3.16e-05,1,2000,5.039785599999997e-10,2000,5.039785599999997e-10,1,2.5198928e-13,1,2.5198928e-13,0,0.0,0,0.0,0,0.0,0,0.0,0,0.0,0,0.0,0,0.0,0,success,0.0,2.519893e-13,0.0
ALP_W+_sampledfs_Scan_5_Run_1.pkl.gz,/raid/anubis/sensitivityStudyData/ALPs/fermionCoupled/ALP_W+_Runs_2/Generated_Events_1/ALP_W+_sampledfs_Scan_5_Run_1.pkl.gz,5,1,0.562,0.1,1,2000,0.0048728768,2000,0.0048728768,2000,0.0048728768,0,0.0,0,0.0,0,0.0,0,0.0,0,0.0,0,0.0,0,0.0,0,0.0,0,success,0.0,2.436438e-06,0.0
ALP_W+_sampledfs_Scan_5_Run_2.pkl.gz,/raid/anubis/sensitivityStudyData/ALPs/fermionCoupled/ALP_W+_Runs_2/Generated_Events_1/ALP_W+_sampledfs_Scan_5_Run_2.pkl.gz,5,2,0.562,0.0316,1,2000,0.0004861082199999,2000,0.0004861082199999,2000,0.0004861082199999,0,0.0,0,0.0,0,0.0,0,0.0,0,0.0,0,0.0,0,0.0,0,0.0,0,success,0.0,2.430541e-07,0.0
ALP_W+_sampledfs_Scan_5_Run_3.pkl.gz,/raid/anubis/sensitivityStudyData/ALPs/fermionCoupled/ALP_W+_Runs_2/Generated_Events_1/ALP_W+_sampledfs_Scan_5_Run_3.pkl.gz,5,3,0.562,0.01,1,2000,4.8304904e-05,2000,4.8304904e-05,2000,4.8304904e-05,1,2.4152452e-08,0,0.0,0,0.0,0,0.0,0,0.0,0,0.0,0,0.0,0,0.0,0,success,0.0,2.415245e-08,0.0
ALP_W+_sampledfs_Scan_5_Run_4.pkl.gz,/raid/anubis/sensitivityStudyData/ALPs/fermionCoupled/ALP_W+_Runs_2/Generated_Events_1/ALP_W+_sampledfs_Scan_5_Run_4.pkl.gz,5,4,0.562,0.00316,1,2000,4.845625e-06,2000,4.845625e-06,1895,4.591229687499999e-06,38,9.206687500000001e-08,4,9.69125e-09,3,7.2684375e-09,3,7.2684375e-09,3,7.2684375e-09,3,7.2684375e-09,3,7.2684375e-09,3,7.2684375e-09,3,success,0.0015,2.422813e-09,5.45132925e-06
ALP_W+_sampledfs_Scan_5_Run_5.pkl.gz,/raid/anubis/sensitivityStudyData/ALPs/fermionCoupled/ALP_W+_Runs_2/Generated_Events_1/ALP_W+_sampledfs_Scan_5_Run_5.pkl.gz,5,5,0.562,0.001,1,2000,4.845453600000002e-07,2000,4.845453600000002e-07,1228,2.975108510400001e-07,126,3.0526357680000005e-08,31,7.51045308e-09,22,5.329998960000001e-09,16,3.87636288e-09,14,3.391817520000001e-09,14,3.391817520000001e-09,14,3.391817520000001e-09,14,3.391817520000001e-09,14,success,0.007,2.422727e-10,2.5438633500000006e-06
ALP_W+_sampledfs_Scan_5_Run_6.pkl.gz,/raid/anubis/sensitivityStudyData/ALPs/fermionCoupled/ALP_W+_Runs_2/Generated_Events_1/ALP_W+_sampledfs_Scan_5_Run_6.pkl.gz,5,6,0.562,0.000316,1,2000,4.8483284e-08,2000,4.8483284e-08,332,8.048225144e-09,79,1.915089718e-09,20,4.8483284e-10,11,2.66658062e-10,5,1.2120821e-10,5,1.2120821e-10,5,1.2120821e-10,5,1.2120821e-10,5,1.2120821e-10,5,success,0.0025,2.424164e-11,9.090615000000001e-08
ALP_W+_sampledfs_Scan_5_Run_7.pkl.gz,/raid/anubis/sensitivityStudyData/ALPs/fermionCoupled/ALP_W+_Runs_2/Generated_Events_1/ALP_W+_sampledfs_Scan_5_Run_7.pkl.gz,5,7,0.562,0.0001,1,2000,4.854372000000001e-09,2000,4.854372000000001e-09,58,1.4077678799999999e-10,15,3.640779e-11,1,2.427186e-12,1,2.427186e-12,0,0.0,0,0.0,0,0.0,0,0.0,0,0.0,0,success,0.0,2.427186e-12,0.0
ALP_W+_sampledfs_Scan_5_Run_8.pkl.gz,/raid/anubis/sensitivityStudyData/ALPs/fermionCoupled/ALP_W+_Runs_2/Generated_Events_1/ALP_W+_sampledfs_Scan_5_Run_8.pkl.gz,5,8,0.562,3.16e-05,1,2000,4.868646e-10,2000,4.868646e-10,5,1.2171615000000005e-12,1,2.434323000000001e-13,0,0.0,0,0.0,0,0.0,0,0.0,0,0.0,0,0.0,0,0.0,0,success,0.0,2.434323e-13,0.0
ALP_W+_sampledfs_Scan_5_Run_9.pkl.gz,/raid/anubis/sensitivityStudyData/ALPs/fermionCoupled/ALP_W+_Runs_2/Generated_Events_1/ALP_W+_sampledfs_Scan_5_Run_9.pkl.gz,5,9,0.562,1e-05,1,2000,4.8211668e-11,2000,4.8211668e-11,0,0.0,0,0.0,0,0.0,0,0.0,0,0.0,0,0.0,0,0.0,0,0.0,0,0.0,0,success,0.0,2.410584e-14,0.0
ALP_W+_sampledfs_Scan_6_Run_1.pkl.gz,/raid/anubis/sensitivityStudyData/ALPs/fermionCoupled/ALP_W+_Runs_2/Generated_Events_1/ALP_W+_sampledfs_Scan_6_Run_1.pkl.gz,6,1,1.0,0.01,1,2000,4.5123142e-05,2000,4.5123142e-05,2000,4.5123142e-05,0,0.0,0,0.0,0,0.0,0,0.0,0,0.0,0,0.0,0,0.0,0,0.0,0,success,0.0,2.256157e-08,0.0
ALP_W+_sampledfs_Scan_6_Run_2.pkl.gz,/raid/anubis/sensitivityStudyData/ALPs/fermionCoupled/ALP_W+_Runs_2/Generated_Events_1/ALP_W+_sampledfs_Scan_6_Run_2.pkl.gz,6,2,1.0,0.00316,1,2000,4.5187524e-06,2000,4.5187524e-06,1984,4.4826023808e-06,6,1.35562572e-08,2,4.5187524e-09,1,2.2593762e-09,1,2.2593762e-09,1,2.2593762e-09,1,2.2593762e-09,1,2.2593762e-09,1,2.2593762e-09,1,success,0.0005,2.259376e-09,1.694532e-06
ALP_W+_sampledfs_Scan_6_Run_3.pkl.gz,/raid/anubis/sensitivityStudyData/ALPs/fermionCoupled/ALP_W+_Runs_2/Generated_Events_1/ALP_W+_sampledfs_Scan_6_Run_3.pkl.gz,6,3,1.0,0.001,1,2000,4.478704199999999e-07,2000,4.478704199999999e-07,1664,3.726281894399999e-07,91,2.037810411e-08,17,3.80689857e-09,12,2.68722252e-09,12,2.68722252e-09,11,2.46328731e-09,11,2.46328731e-09,11,2.46328731e-09,11,2.46328731e-09,11,success,0.0055,2.239352e-10,1.8474654e-06
ALP_W+_sampledfs_Scan_6_Run_4.pkl.gz,/raid/anubis/sensitivityStudyData/ALPs/fermionCoupled/ALP_W+_Runs_2/Generated_Events_1/ALP_W+_sampledfs_Scan_6_Run_4.pkl.gz,6,4,1.0,0.000316,1,2000,4.5024358000000015e-08,2000,4.5024358000000015e-08,707,1.5916110553000002e-08,141,3.1742172390000006e-09,21,4.72755759e-10,20,4.5024358e-10,5,1.12560895e-10,5,1.12560895e-10,5,1.12560895e-10,5,1.12560895e-10,5,1.12560895e-10,5,success,0.0025,2.251218e-11,8.4420675e-08
ALP_W+_sampledfs_Scan_6_Run_5.pkl.gz,/raid/anubis/sensitivityStudyData/ALPs/fermionCoupled/ALP_W+_Runs_2/Generated_Events_1/ALP_W+_sampledfs_Scan_6_Run_5.pkl.gz,6,5,1.0,0.0001,1,2000,4.4883532e-09,2000,4.4883532e-09,131,2.9398713460000006e-10,53,1.1894135980000002e-10,17,3.81510022e-11,12,2.6930119200000005e-11,2,4.4883532000000006e-12,2,4.4883532000000006e-12,2,4.4883532000000006e-12,2,4.4883532000000006e-12,2,4.4883532000000006e-12,2,success,0.001,2.244176e-12,3.3662640000000004e-09
ALP_W+_sampledfs_Scan_6_Run_6.pkl.gz,/raid/anubis/sensitivityStudyData/ALPs/fermionCoupled/ALP_W+_Runs_2/Generated_Events_1/ALP_W+_sampledfs_Scan_6_Run_6.pkl.gz,6,6,1.0,3.16e-05,1,2000,4.487808800000001e-10,2000,4.487808800000001e-10,11,2.4682948400000005e-12,2,4.4878088000000003e-13,0,0.0,0,0.0,0,0.0,0,0.0,0,0.0,0,0.0,0,0.0,0,success,0.0,2.243904e-13,0.0
ALP_W+_sampledfs_Scan_6_Run_7.pkl.gz,/raid/anubis/sensitivityStudyData/ALPs/fermionCoupled/ALP_W+_Runs_2/Generated_Events_1/ALP_W+_sampledfs_Scan_6_Run_7.pkl.gz,6,7,1.0,1e-05,1,2000,4.503430199999999e-11,2000,4.503430199999999e-11,1,2.2517151e-14,0,0.0,0,0.0,0,0.0,0,0.0,0,0.0,0,0.0,0,0.0,0,0.0,0,success,0.0,2.251715e-14,0.0
ALP_W+_sampledfs_Scan_6_Run_8.pkl.gz,/raid/anubis/sensitivityStudyData/ALPs/fermionCoupled/ALP_W+_Runs_2/Generated_Events_1/ALP_W+_sampledfs_Scan_6_Run_8.pkl.gz,6,8,1.0,3.16e-06,1,2000,4.511445800000001e-12,2000,4.511445800000001e-12,0,0.0,0,0.0,0,0.0,0,0.0,0,0.0,0,0.0,0,0.0,0,0.0,0,0.0,0,success,0.0,2.255723e-15,0.0
ALP_W+_sampledfs_Scan_7_Run_1.pkl.gz,/raid/anubis/sensitivityStudyData/ALPs/fermionCoupled/ALP_W+_Runs_2/Generated_Events_1/ALP_W+_sampledfs_Scan_7_Run_1.pkl.gz,7,1,1.78,0.00316,1,2000,4.033677e-06,2000,4.033677e-06,2000,4.033677e-06,0,0.0,0,0.0,0,0.0,0,0.0,0,0.0,0,0.0,0,0.0,0,0.0,0,success,0.0,2.016839e-09,0.0
ALP_W+_sampledfs_Scan_7_Run_2.pkl.gz,/raid/anubis/sensitivityStudyData/ALPs/fermionCoupled/ALP_W+_Runs_2/Generated_Events_1/ALP_W+_sampledfs_Scan_7_Run_2.pkl.gz,7,2,1.78,0.001,1,2000,4.039712800000001e-07,2000,4.039712800000001e-07,1921,3.880144144400001e-07,32,6.463540480000001e-09,7,1.41389948e-09,3,6.059569200000001e-10,3,6.059569200000001e-10,3,6.059569200000001e-10,3,6.059569200000001e-10,3,6.059569200000001e-10,3,6.059569200000001e-10,3,success,0.0015,2.019856e-10,4.544676e-07
ALP_W+_sampledfs_Scan_7_Run_3.pkl.gz,/raid/anubis/sensitivityStudyData/ALPs/fermionCoupled/ALP_W+_Runs_2/Generated_Events_1/ALP_W+_sampledfs_Scan_7_Run_3.pkl.gz,7,3,1.78,0.000316,1,2000,4.0018708e-08,2000,4.0018708e-08,1231,2.4631514774e-08,165,3.3015434099999994e-09,31,6.20289974e-10,18,3.60168372e-10,12,2.40112248e-10,12,2.40112248e-10,12,2.40112248e-10,12,2.40112248e-10,12,2.40112248e-10,12,success,0.006,2.000935e-11,1.8008415e-07
ALP_W+_sampledfs_Scan_7_Run_4.pkl.gz,/raid/anubis/sensitivityStudyData/ALPs/fermionCoupled/ALP_W+_Runs_2/Generated_Events_1/ALP_W+_sampledfs_Scan_7_Run_4.pkl.gz,7,4,1.78,0.0001,1,2000,4.040067e-09,2000,4.040067e-09,328,6.62570988e-10,91,1.838230485e-10,18,3.6360603e-11,15,3.0300502500000004e-11,3,6.060100500000001e-12,3,6.060100500000001e-12,3,6.060100500000001e-12,3,6.060100500000001e-12,3,6.060100500000001e-12,3,success,0.0015,2.020034e-12,4.5450765e-09
ALP_W+_sampledfs_Scan_7_Run_5.pkl.gz,/raid/anubis/sensitivityStudyData/ALPs/fermionCoupled/ALP_W+_Runs_2/Generated_Events_1/ALP_W+_sampledfs_Scan_7_Run_5.pkl.gz,7,5,1.78,3.16e-05,1,2000,4.0035850000000004e-10,2000,4.0035850000000004e-10,48,9.608604000000002e-12,16,3.2028680000000005e-12,5,1.0008962500000002e-12,3,6.005377500000001e-13,0,0.0,0,0.0,0,0.0,0,0.0,0,0.0,0,success,0.0,2.001793e-13,0.0
ALP_W+_sampledfs_Scan_7_Run_6.pkl.gz,/raid/anubis/sensitivityStudyData/ALPs/fermionCoupled/ALP_W+_Runs_2/Generated_Events_1/ALP_W+_sampledfs_Scan_7_Run_6.pkl.gz,7,6,1.78,1e-05,1,2000,4.026549600000001e-11,2000,4.026549600000001e-11,5,1.0066374e-13,2,4.0265496e-14,0,0.0,0,0.0,0,0.0,0,0.0,0,0.0,0,0.0,0,0.0,0,success,0.0,2.013275e-14,0.0
ALP_W+_sampledfs_Scan_7_Run_7.pkl.gz,/raid/anubis/sensitivityStudyData/ALPs/fermionCoupled/ALP_W+_Runs_2/Generated_Events_1/ALP_W+_sampledfs_Scan_7_Run_7.pkl.gz,7,7,1.78,3.16e-06,1,2000,4.032869800000002e-12,2000,4.032869800000002e-12,0,0.0,0,0.0,0,0.0,0,0.0,0,0.0,0,0.0,0,0.0,0,0.0,0,0.0,0,success,0.0,2.016435e-15,0.0
ALP_W+_sampledfs_Scan_7_Run_8.pkl.gz,/raid/anubis/sensitivityStudyData/ALPs/fermionCoupled/ALP_W+_Runs_2/Generated_Events_1/ALP_W+_sampledfs_Scan_7_Run_8.pkl.gz,7,8,1.78,1e-06,1,2000,4.043570599999999e-13,2000,4.043570599999999e-13,0,0.0,0,0.0,0,0.0,0,0.0,0,0.0,0,0.0,0,0.0,0,0.0,0,0.0,0,success,0.0,2.021785e-16,0.0
ALP_W+_sampledfs_Scan_8_Run_1.pkl.gz,/raid/anubis/sensitivityStudyData/ALPs/fermionCoupled/ALP_W+_Runs_2/Generated_Events_1/ALP_W+_sampledfs_Scan_8_Run_1.pkl.gz,8,1,3.16,0.001,1,2000,3.4820102000000005e-07,2000,3.4820102000000005e-07,2000,3.4820102000000005e-07,0,0.0,0,0.0,0,0.0,0,0.0,0,0.0,0,0.0,0,0.0,0,0.0,0,success,0.0,1.741005e-10,0.0
ALP_W+_sampledfs_Scan_8_Run_2.pkl.gz,/raid/anubis/sensitivityStudyData/ALPs/fermionCoupled/ALP_W+_Runs_2/Generated_Events_1/ALP_W+_sampledfs_Scan_8_Run_2.pkl.gz,8,2,3.16,0.000316,1,2000,3.4735794e-08,2000,3.4735794e-08,2000,3.4735794e-08,0,0.0,0,0.0,0,0.0,0,0.0,0,0.0,0,0.0,0,0.0,0,0.0,0,success,0.0,1.736789e-11,0.0
ALP_W+_sampledfs_Scan_8_Run_3.pkl.gz,/raid/anubis/sensitivityStudyData/ALPs/fermionCoupled/ALP_W+_Runs_2/Generated_Events_1/ALP_W+_sampledfs_Scan_8_Run_3.pkl.gz,8,3,3.16,0.0001,1,2000,3.471122399999999e-09,2000,3.471122399999999e-09,1972,3.422526686399999e-09,9,1.56200508e-11,0,0.0,0,0.0,0,0.0,0,0.0,0,0.0,0,0.0,0,0.0,0,success,0.0,1.735561e-12,0.0
ALP_W+_sampledfs_Scan_8_Run_4.pkl.gz,/raid/anubis/sensitivityStudyData/ALPs/fermionCoupled/ALP_W+_Runs_2/Generated_Events_1/ALP_W+_sampledfs_Scan_8_Run_4.pkl.gz,8,4,3.16,3.16e-05,1,2000,3.4700358000000007e-10,2000,3.4700358000000007e-10,1536,2.6649874944e-10,124,2.1514221960000004e-11,23,3.990541170000001e-12,19,3.296534010000001e-12,13,2.2555232700000005e-12,13,2.2555232700000005e-12,13,2.2555232700000005e-12,13,2.2555232700000005e-12,13,2.2555232700000005e-12,13,success,0.0065,1.735018e-13,1.69164255e-09
ALP_W+_sampledfs_Scan_8_Run_5.pkl.gz,/raid/anubis/sensitivityStudyData/ALPs/fermionCoupled/ALP_W+_Runs_2/Generated_Events_1/ALP_W+_sampledfs_Scan_8_Run_5.pkl.gz,8,5,3.16,1e-05,1,2000,3.460095600000001e-11,2000,3.460095600000001e-11,477,8.252328006000003e-12,116,2.0068554480000013e-12,19,3.287090820000001e-13,12,2.076057360000001e-13,7,1.21103346e-13,7,1.21103346e-13,7,1.21103346e-13,7,1.21103346e-13,7,1.21103346e-13,7,success,0.0035,1.730048e-14,9.082752000000001e-11
ALP_W+_sampledfs_Scan_8_Run_6.pkl.gz,/raid/anubis/sensitivityStudyData/ALPs/fermionCoupled/ALP_W+_Runs_2/Generated_Events_1/ALP_W+_sampledfs_Scan_8_Run_6.pkl.gz,8,6,3.16,3.16e-06,1,2000,3.469617800000001e-12,2000,3.469617800000001e-12,83,1.4398913870000002e-13,23,3.99006047e-14,5,8.674044500000002e-15,4,6.939235600000001e-15,0,0.0,0,0.0,0,0.0,0,0.0,0,0.0,0,success,0.0,1.734808e-15,0.0
ALP_W+_sampledfs_Scan_8_Run_7.pkl.gz,/raid/anubis/sensitivityStudyData/ALPs/fermionCoupled/ALP_W+_Runs_2/Generated_Events_1/ALP_W+_sampledfs_Scan_8_Run_7.pkl.gz,8,7,3.16,1e-06,1,2000,3.4812124000000017e-13,2000,3.4812124000000017e-13,4,6.962424800000001e-16,2,3.4812124e-16,0,0.0,0,0.0,0,0.0,0,0.0,0,0.0,0,0.0,0,0.0,0,success,0.0,1.740606e-16,0.0
ALP_W+_sampledfs_Scan_8_Run_8.pkl.gz,/raid/anubis/sensitivityStudyData/ALPs/fermionCoupled/ALP_W+_Runs_2/Generated_Events_1/ALP_W+_sampledfs_Scan_8_Run_8.pkl.gz,8,8,3.16,3.16e-07,1,2000,3.483085e-14,2000,3.483085e-14,0,0.0,0,0.0,0,0.0,0,0.0,0,0.0,0,0.0,0,0.0,0,0.0,0,0.0,0,success,0.0,1.741543e-17,0.0
ALP_W+_sampledfs_Scan_9_Run_1.pkl.gz,/raid/anubis/sensitivityStudyData/ALPs/fermionCoupled/ALP_W+_Runs_2/Generated_Events_1/ALP_W+_sampledfs_Scan_9_Run_1.pkl.gz,9,1,5.62,0.000316,1,2000,2.8899764000000008e-08,2000,2.8899764000000008e-08,2000,2.8899764000000008e-08,0,0.0,0,0.0,0,0.0,0,0.0,0,0.0,0,0.0,0,0.0,0,0.0,0,success,0.0,1.444988e-11,0.0
ALP_W+_sampledfs_Scan_9_Run_2.pkl.gz,/raid/anubis/sensitivityStudyData/ALPs/fermionCoupled/ALP_W+_Runs_2/Generated_Events_1/ALP_W+_sampledfs_Scan_9_Run_2.pkl.gz,9,2,5.62,0.0001,1,2000,2.8758213999999997e-09,2000,2.8758213999999997e-09,2000,2.8758213999999997e-09,0,0.0,0,0.0,0,0.0,0,0.0,0,0.0,0,0.0,0,0.0,0,0.0,0,success,0.0,1.437911e-12,0.0
ALP_W+_sampledfs_Scan_9_Run_3.pkl.gz,/raid/anubis/sensitivityStudyData/ALPs/fermionCoupled/ALP_W+_Runs_2/Generated_Events_1/ALP_W+_sampledfs_Scan_9_Run_3.pkl.gz,9,3,5.62,3.16e-05,1,2000,2.8791716e-10,2000,2.8791716e-10,1966,2.8302256827999997e-10,24,3.4550059200000005e-12,1,1.4395858000000005e-13,1,1.4395858000000005e-13,1,1.4395858000000005e-13,1,1.4395858000000005e-13,1,1.4395858000000005e-13,1,1.4395858000000005e-13,1,1.4395858000000005e-13,1,success,0.0005,1.439586e-13,1.0796895e-10
ALP_W+_sampledfs_Scan_9_Run_4.pkl.gz,/raid/anubis/sensitivityStudyData/ALPs/fermionCoupled/ALP_W+_Runs_2/Generated_Events_1/ALP_W+_sampledfs_Scan_9_Run_4.pkl.gz,9,4,5.62,1e-05,1,2000,2.8871828000000008e-11,2000,2.8871828000000008e-11,1342,1.9372996588000005e-11,158,2.280874412000001e-12,26,3.7533376400000013e-13,24,3.4646193600000013e-13,21,3.031541940000001e-13,19,2.742823660000001e-13,19,2.742823660000001e-13,19,2.742823660000001e-13,19,2.742823660000001e-13,19,success,0.0095,1.443591e-14,2.057117175e-10
ALP_W+_sampledfs_Scan_9_Run_5.pkl.gz,/raid/anubis/sensitivityStudyData/ALPs/fermionCoupled/ALP_W+_Runs_2/Generated_Events_1/ALP_W+_sampledfs_Scan_9_Run_5.pkl.gz,9,5,5.62,3.16e-06,1,2000,2.8884656e-12,2000,2.8884656e-12,384,5.545853952e-13,100,1.4442328000000005e-13,16,2.31077248e-14,13,1.87750264e-14,6,8.6653968e-15,6,8.6653968e-15,6,8.6653968e-15,6,8.6653968e-15,6,8.6653968e-15,6,success,0.003,1.444233e-15,6.4990485e-12
ALP_W+_sampledfs_Scan_9_Run_6.pkl.gz,/raid/anubis/sensitivityStudyData/ALPs/fermionCoupled/ALP_W+_Runs_2/Generated_Events_1/ALP_W+_sampledfs_Scan_9_Run_6.pkl.gz,9,6,5.62,1e-06,1,2000,2.89052e-13,2000,2.89052e-13,55,7.948930000000005e-15,19,2.745994e-15,6,8.671560000000001e-16,6,8.671560000000001e-16,3,4.33578e-16,2,2.89052e-16,3,4.33578e-16,2,2.89052e-16,2,2.89052e-16,2,success,0.001,1.44526e-16,2.1678900000000003e-13
ALP_W+_sampledfs_Scan_9_Run_7.pkl.gz,/raid/anubis/sensitivityStudyData/ALPs/fermionCoupled/ALP_W+_Runs_2/Generated_Events_1/ALP_W+_sampledfs_Scan_9_Run_7.pkl.gz,9,7,5.62,3.16e-07,1,2000,2.8852398e-14,2000,2.8852398e-14,6,8.655719399999999e-17,2,2.8852398e-17,0,0.0,0,0.0,0,0.0,0,0.0,0,0.0,0,0.0,0,0.0,0,success,0.0,1.44262e-17,0.0
ALP_W+_sampledfs_Scan_9_Run_8.pkl.gz,/raid/anubis/sensitivityStudyData/ALPs/fermionCoupled/ALP_W+_Runs_2/Generated_Events_1/ALP_W+_sampledfs_Scan_9_Run_8.pkl.gz,9,8,5.62,1e-07,1,2000,2.896374199999999e-15,2000,2.896374199999999e-15,0,0.0,0,0.0,0,0.0,0,0.0,0,0.0,0,0.0,0,0.0,0,0.0,0,0.0,0,success,0.0,1.4481870000000001e-18,0.0
