mass,CaPhi,acceptance,cross_section_pb,Gamma_total_alp_GeV,N_signal
0.0562,3.16e-08,0.0,2.975678e-22,2.113605440218875e-28,0.0
0.0562,3.98e-08,0.0,4.63764e-22,3.35286368523104e-28,0.0
0.0562,5.01e-08,0.0,7.450366e-22,5.312821253608976e-28,0.0
0.0562,6.31e-08,0.0,1.181494e-21,8.427688428166437e-28,0.0
0.0562,7.94e-08,0.0,1.870486e-21,1.3344145162131738e-27,0.0
0.0562,1e-07,0.0,2.975051e-21,2.1166534211453243e-27,0.0
0.0562,1.26e-07,0.0,4.686395e-21,3.360398971410317e-27,0.0
0.0562,1.58e-07,0.0,7.364961e-21,5.28401360054719e-27,0.0
0.0562,2e-07,0.0,1.177185e-20,8.466613684581297e-27,0.0
0.0562,2.51e-07,0.0,1.845317e-20,1.333512821855766e-26,0.0
0.0562,3.16e-07,0.0,2.973098e-20,2.113605440218876e-26,0.0
0.0562,3.98e-07,0.0,4.675854e-20,3.35286368523104e-26,0.0
0.0562,5.01e-07,0.0,7.426083e-20,5.312821253608978e-26,0.0
0.0562,6.31e-07,0.0,1.168634e-19,8.427688428166437e-26,0.0
0.0562,7.94e-07,0.0,1.840949e-19,1.334414516213174e-25,0.0
0.0562,1e-06,0.0,2.902952e-19,2.116653421145325e-25,0.0
0.0562,1.26e-06,0.0,4.695045e-19,3.360398971410318e-25,0.0
0.0562,1.58e-06,0.0,7.464712e-19,5.2840136005471865e-25,0.0
0.0562,2e-06,0.0,1.178759e-18,8.4666136845813e-25,0.0
0.0562,2.51e-06,0.0,1.853696e-18,1.3335128218557664e-24,0.0
0.0562,3.16e-06,0.0,2.889512e-18,2.1136054402188746e-24,0.0
0.0562,3.98e-06,0.0,4.706464e-18,3.35286368523104e-24,0.0
0.0562,5.01e-06,0.0,7.466124e-18,5.312821253608978e-24,0.0
0.0562,6.31e-06,0.0,1.158282e-17,8.427688428166437e-24,0.0
0.0562,7.94e-06,0.0,1.844751e-17,1.334414516213174e-23,0.0
0.0562,1e-05,0.0,2.978834e-17,2.1166534211453248e-23,0.0
0.0562,1.26e-05,0.0,4.70691e-17,3.360398971410318e-23,0.0
0.0562,1.58e-05,0.0,7.441792e-17,5.284013600547191e-23,0.0
0.0562,2e-05,0.0,1.152165e-16,8.466613684581299e-23,0.0
0.0562,2.51e-05,0.0,1.855801e-16,1.333512821855766e-22,0.0
0.0562,3.16e-05,0.0,2.980005e-16,2.1136054402188764e-22,0.0
0.0562,3.98e-05,0.0,4.60289e-16,3.35286368523104e-22,0.0
0.0562,5.01e-05,0.0,7.444992e-16,5.312821253608975e-22,0.0
0.0562,6.31e-05,0.0,1.164532e-15,8.427688428166436e-22,0.0
0.0562,7.94e-05,0.0,1.855049e-15,1.3344145162131744e-21,0.0
0.0562,0.0001,0.0,2.916875e-15,2.116653421145325e-21,0.0
0.0562,0.000126,0.0,4.644495e-15,3.360398971410317e-21,0.0
0.0562,0.000158,0.0,7.363514e-15,5.284013600547188e-21,0.0
0.0562,0.0002,0.0,1.161635e-14,8.4666136845813e-21,0.0
0.0562,0.000251,0.0,1.848214e-14,1.3335128218557655e-20,0.0
0.0562,0.000316,0.0,2.967788e-14,2.1136054402188753e-20,0.0
0.0562,0.000398,0.0,4.632954e-14,3.3528636852310406e-20,0.0
0.0562,0.000501,0.0,7.407228e-14,5.312821253608977e-20,0.0
0.0562,0.000631,0.0,1.182709e-13,8.427688428166437e-20,0.0
0.0562,0.000794,0.0,1.849889e-13,1.3344145162131737e-19,0.0
0.0562,0.001,0.0,2.957863e-13,2.1166534211453247e-19,0.0
0.0562,0.00126,0.0,4.673409e-13,3.3603989714103175e-19,0.0
0.0562,0.00158,0.0,7.489946e-13,5.284013600547188e-19,0.0
0.0562,0.002,6.841186588207605e-06,1.170322e-12,8.466613684581299e-19,9.60766940434116e-12
0.0562,0.00251,0.0,1.869537e-12,1.333512821855766e-18,0.0
0.0562,0.00316,9.193807937782661e-08,2.938705e-12,2.1136054402188754e-18,3.2421467226961913e-13
0.0562,0.00398,0.0,4.637382e-12,3.3528636852310407e-18,0.0
0.0562,0.00501,1.3682373176415209e-05,7.390873e-12,5.312821253608976e-18,1.213496189825897e-10
0.0562,0.00631,1.8387615875565317e-07,1.166246e-11,8.427688428166436e-18,2.573338015729746e-12
0.0562,0.00794,6.657472858728885e-05,1.84041e-11,1.3344145162131735e-17,1.4702975548719873e-09
0.0562,0.01,2.0615497844000635e-05,2.942991e-11,2.1166534211453254e-17,7.280546953849593e-10
0.0562,0.0126,6.000935623721472e-05,4.595767e-11,3.360398971410318e-17,3.3094682290348274e-09
0.0562,0.0158,6.010129431659255e-05,7.229356e-11,5.284013600547189e-17,5.2139238321050916e-09
0.0562,0.02,0.00018714506953798523,1.167757e-10,8.466613684581302e-17,2.6224795796216287e-08
0.0562,0.0251,0.00018090066831934882,1.888892e-10,1.3335128218557664e-16,4.100421902196858e-08
0.0562,0.0316,0.00029417013228494847,2.891642e-10,2.1136054402188756e-16,1.0207616515928555e-07
0.0562,0.0398,0.0004778273186928628,4.649652e-10,3.352863685231041e-16,2.666076897617889e-07
0.0562,0.0501,0.0007546843358123567,7.312303e-10,5.312821253608977e-16,6.622176639376443e-07
0.0562,0.0631,0.0007987202550677663,1.162792e-09,8.427688428166436e-16,1.1144946273969099e-06
0.0562,0.0794,0.0012047807801276469,1.834975e-09,1.3344145162131739e-15,2.6528911344176743e-06
0.0562,0.1,0.0014549207570434724,2.932811e-09,2.116653421145325e-15,5.120409120462508e-06
0.0562,0.126,0.00234440529586569,4.68901e-09,3.3603989714103185e-15,1.3191527851640615e-05
0.0562,0.158,0.002514016496373195,7.297342e-09,5.284013600547189e-15,2.2014765801212357e-05
0.0562,0.2,0.0034169486114334824,1.169601e-08,8.4666136845813e-15,4.795759815457455e-05
0.0562,0.251,0.0033616264729517675,1.84152e-08,1.3335128218557659e-14,7.428602858964168e-05
0.0562,0.316,0.0025085995378689593,2.931769e-08,2.1136054402188757e-14,8.825561230246249e-05
0.0562,0.398,0.002300926768972834,4.66284e-08,3.352863685231041e-14,0.0001287462405052475
0.0562,0.501,0.0013597860870714414,7.412082e-08,5.3128212536089755e-14,0.00012094615175799197
0.0562,0.631,0.000592198415318227,1.178589e-07,8.427688428166436e-14,8.375502457337927e-05
0.0562,0.794,0.0004809006683193488,1.846462e-07,1.3344145162131743e-13,0.00010655577717915378
0.0562,1.0,6.124970816243071e-05,2.957332e-07,2.116653421145325e-13,2.1736286632730107e-05
0.1,3.16e-08,0.0,2.896788e-22,3.796731961172533e-28,0.0
0.1,3.98e-08,0.0,4.661861e-22,6.02284819717968e-28,0.0
0.1,5.01e-08,0.0,7.29084e-22,9.543577942099296e-28,0.0
0.1,6.31e-08,0.0,1.157616e-21,1.5138905968518844e-27,0.0
0.1,7.94e-08,0.0,1.836444e-21,2.3970482601684098e-27,0.0
0.1,1e-07,0.0,2.948757e-21,3.802207139453347e-27,0.0
0.1,1.26e-07,0.0,4.53613e-21,6.0363840545961334e-27,0.0
0.1,1.58e-07,0.0,7.23695e-21,9.491829902931337e-27,0.0
0.1,2e-07,0.0,1.179434e-20,1.520882855781339e-26,0.0
0.1,2.51e-07,0.0,1.85588e-20,2.3954285199270035e-26,0.0
0.1,3.16e-07,0.0,2.884281e-20,3.796731961172535e-26,0.0
0.1,3.98e-07,0.0,4.582357e-20,6.022848197179679e-26,0.0
0.1,5.01e-07,0.0,7.303022e-20,9.543577942099299e-26,0.0
0.1,6.31e-07,0.0,1.163564e-19,1.513890596851884e-25,0.0
0.1,7.94e-07,0.0,1.855373e-19,2.397048260168411e-25,0.0
0.1,1e-06,0.0,2.937803e-19,3.802207139453348e-25,0.0
0.1,1.26e-06,0.0,4.594528e-19,6.036384054596135e-25,0.0
0.1,1.58e-06,0.0,7.249145e-19,9.491829902931333e-25,0.0
0.1,2e-06,0.0,1.174839e-18,1.5208828557813391e-24,0.0
0.1,2.51e-06,0.0,1.817049e-18,2.395428519927004e-24,0.0
0.1,3.16e-06,0.0,2.921252e-18,3.796731961172533e-24,0.0
0.1,3.98e-06,0.0,4.616478e-18,6.02284819717968e-24,0.0
0.1,5.01e-06,0.0,7.274642e-18,9.543577942099298e-24,0.0
0.1,6.31e-06,0.0,1.164385e-17,1.513890596851884e-23,0.0
0.1,7.94e-06,0.0,1.845773e-17,2.3970482601684104e-23,0.0
0.1,1e-05,0.0,2.925291e-17,3.802207139453348e-23,0.0
0.1,1.26e-05,0.0,4.609259e-17,6.036384054596134e-23,0.0
0.1,1.58e-05,0.0,7.278698e-17,9.49182990293134e-23,0.0
0.1,2e-05,0.0,1.166936e-16,1.5208828557813392e-22,0.0
0.1,2.51e-05,0.0,1.851749e-16,2.3954285199270034e-22,0.0
0.1,3.16e-05,0.0,2.933815e-16,3.796731961172536e-22,0.0
0.1,3.98e-05,0.0,4.678668e-16,6.022848197179681e-22,0.0
0.1,5.01e-05,0.0,7.361804e-16,9.543577942099293e-22,0.0
0.1,6.31e-05,0.0,1.171898e-15,1.5138905968518841e-21,0.0
0.1,7.94e-05,0.0,1.826058e-15,2.3970482601684106e-21,0.0
0.1,0.0001,0.0,2.89564e-15,3.802207139453348e-21,0.0
0.1,0.000126,0.0,4.630306e-15,6.036384054596134e-21,0.0
0.1,0.000158,0.0,7.239144e-15,9.491829902931336e-21,0.0
0.1,0.0002,0.0,1.20319e-14,1.5208828557813392e-20,0.0
0.1,0.000251,0.0,1.833812e-14,2.395428519927002e-20,0.0
0.1,0.000316,0.0,2.937958e-14,3.7967319611725343e-20,0.0
0.1,0.000398,0.0,4.659286e-14,6.022848197179681e-20,0.0
0.1,0.000501,0.0,7.209265e-14,9.543577942099298e-20,0.0
0.1,0.000631,0.0,1.165923e-13,1.5138905968518845e-19,0.0
0.1,0.000794,0.0,1.860049e-13,2.39704826016841e-19,0.0
0.1,0.001,0.0,2.91393e-13,3.8022071394533476e-19,0.0
0.1,0.00126,0.0,4.629575e-13,6.036384054596134e-19,0.0
0.1,0.00158,0.0,7.363629e-13,9.491829902931335e-19,0.0
0.1,0.002,0.0,1.159835e-12,1.520882855781339e-18,0.0
0.1,0.00251,0.0,1.843587e-12,2.3954285199270035e-18,0.0
0.1,0.00316,6.977937812790003e-06,2.934153e-12,3.796731961172534e-18,2.4569204600653474e-11
0.1,0.00398,6.795778144538967e-06,4.682069e-12,6.022848197179681e-18,3.81819626177081e-11
0.1,0.00501,4.0311271146123336e-05,7.395459e-12,9.543577942099296e-18,3.577444235988458e-10
0.1,0.00631,4.0402350980248856e-05,1.168922e-11,1.513890596851884e-17,5.667263629504135e-10
0.1,0.00794,4.71070492906623e-05,1.855101e-11,2.39704826016841e-17,1.0486600109538832e-09
0.1,0.01,6.023520785862977e-05,2.929907e-11,3.8022071394533477e-17,2.1178026858174523e-09
0.1,0.0126,0.00019384178069433968,4.694625e-11,6.036384054596136e-17,1.0920173636305973e-08
0.1,0.0158,0.00017464648265483736,7.282646e-11,9.491829902931338e-17,1.5262662099843847e-08
0.1,0.02,0.00028079670341001485,1.173467e-10,1.520882855781339e-16,3.954067981925279e-08
0.1,0.0251,0.0003643497974952438,1.847748e-10,2.3954285199270034e-16,8.078719315466902e-08
0.1,0.0316,0.0009474553715261986,2.946887e-10,3.7967319611725352e-16,3.35045270091687e-07
0.1,0.0398,0.0012951999796557395,4.634325e-10,6.022848197179681e-16,7.202853174861702e-07
0.1,0.0501,0.0015908633570325896,7.383831e-10,9.543577942099298e-16,1.4095999406905565e-06
0.1,0.0631,0.001818501868781373,1.171644e-09,1.5138905968518842e-15,2.5567641642557792e-06
0.1,0.0794,0.002308114103787654,1.841918e-09,2.397048260168411e-15,5.101628296584418e-06
0.1,0.1,0.0031906572017128903,2.914685e-09,3.8022071394533474e-15,1.1159712823169444e-05
0.1,0.126,0.003386328577640222,4.570361e-09,6.036384054596135e-15,1.8572092877318813e-05
0.1,0.158,0.0033588883420947865,7.340762e-09,9.491829902931336e-15,2.958815988467089e-05
0.1,0.2,0.002687073213414193,1.172327e-08,1.520882855781339e-14,3.780154174874665e-05
0.1,0.251,0.001758092499804975,1.862923e-08,2.395428519927003e-14,3.930229144817021e-05
0.1,0.316,0.0014015323600791683,2.905746e-08,3.796731961172534e-14,4.8869964590047243e-05
0.1,0.398,0.0003370005223498027,4.593536e-08,6.022848197179682e-14,1.857628837719148e-05
0.1,0.501,0.0002870460025498007,7.296701e-08,9.543577942099294e-14,2.5133866246213603e-05
0.1,0.631,0.00010009107983412552,1.156365e-07,1.5138905968518842e-13,1.3889018583886629e-05
0.1,0.794,0.0,1.833746e-07,2.397048260168411e-13,0.0
0.1,1.0,0.0,2.862537e-07,3.802207139453347e-13,0.0
0.178,3.16e-08,0.0,2.905812e-22,6.778213642225725e-28,0.0
0.178,3.98e-08,0.0,4.672129e-22,1.075244505871579e-27,0.0
0.178,5.01e-08,0.0,7.373732e-22,1.7037918626945794e-27,0.0
0.178,6.31e-08,0.0,1.169359e-21,2.7027122276099957e-27,0.0
0.178,7.94e-08,0.0,1.853131e-21,4.2793922205478066e-27,0.0
0.178,1e-07,0.0,2.895028e-21,6.787988345443163e-27,0.0
0.178,1.26e-07,0.0,4.67948e-21,1.0776610297225566e-26,0.0
0.178,1.58e-07,0.0,7.165507e-21,1.6945534105564318e-26,0.0
0.178,2e-07,0.0,1.168121e-20,2.7151953381772654e-26,0.0
0.178,2.51e-07,0.0,1.839309e-20,4.276500537512648e-26,0.0
0.178,3.16e-07,0.0,2.90326e-20,6.778213642225727e-26,0.0
0.178,3.98e-07,0.0,4.712395e-20,1.075244505871579e-25,0.0
0.178,5.01e-07,0.0,7.365579e-20,1.7037918626945804e-25,0.0
0.178,6.31e-07,0.0,1.179627e-19,2.7027122276099954e-25,0.0
0.178,7.94e-07,0.0,1.840758e-19,4.279392220547808e-25,0.0
0.178,1e-06,0.0,2.924347e-19,6.787988345443164e-25,0.0
0.178,1.26e-06,0.0,4.634072e-19,1.0776610297225568e-24,0.0
0.178,1.58e-06,0.0,7.290363e-19,1.694553410556431e-24,0.0
0.178,2e-06,0.0,1.181213e-18,2.7151953381772656e-24,0.0
0.178,2.51e-06,0.0,1.854326e-18,4.276500537512649e-24,0.0
0.178,3.16e-06,0.0,2.912239e-18,6.778213642225724e-24,0.0
0.178,3.98e-06,0.0,4.715168e-18,1.075244505871579e-23,0.0
0.178,5.01e-06,0.0,7.36292e-18,1.7037918626945798e-23,0.0
0.178,6.31e-06,0.0,1.160203e-17,2.7027122276099954e-23,0.0
0.178,7.94e-06,0.0,1.853688e-17,4.279392220547807e-23,0.0
0.178,1e-05,0.0,2.942331e-17,6.787988345443164e-23,0.0
0.178,1.26e-05,0.0,4.684499e-17,1.0776610297225568e-22,0.0
0.178,1.58e-05,0.0,7.240802e-17,1.6945534105564321e-22,0.0
0.178,2e-05,0.0,1.175611e-16,2.7151953381772657e-22,0.0
0.178,2.51e-05,0.0,1.84137e-16,4.276500537512648e-22,0.0
0.178,3.16e-05,0.0,2.93104e-16,6.778213642225729e-22,0.0
0.178,3.98e-05,0.0,4.643144e-16,1.0752445058715789e-21,0.0
0.178,5.01e-05,0.0,7.374946e-16,1.7037918626945795e-21,0.0
0.178,6.31e-05,0.0,1.183048e-15,2.7027122276099954e-21,0.0
0.178,7.94e-05,0.0,1.83208e-15,4.2793922205478076e-21,0.0
0.178,0.0001,0.0,2.939922e-15,6.787988345443167e-21,0.0
0.178,0.000126,0.0,4.653923e-15,1.0776610297225565e-20,0.0
0.178,0.000158,0.0,7.377581e-15,1.6945534105564315e-20,0.0
0.178,0.0002,0.0,1.170211e-14,2.715195338177267e-20,0.0
0.178,0.000251,0.0,1.847431e-14,4.2765005375126464e-20,0.0
0.178,0.000316,0.0,2.939058e-14,6.778213642225726e-20,0.0
0.178,0.000398,0.0,4.647602e-14,1.0752445058715791e-19,0.0
0.178,0.000501,0.0,7.311317e-14,1.70379186269458e-19,0.0
0.178,0.000631,0.0,1.172882e-13,2.702712227609996e-19,0.0
0.178,0.000794,2.6460780247774336e-05,1.850936e-13,4.2793922205478054e-19,5.877265289843333e-12
0.178,0.001,0.0,2.939488e-13,6.787988345443164e-19,0.0
0.178,0.00126,6.963367009569391e-06,4.675462e-13,1.0776610297225568e-18,3.9068349414354384e-12
0.178,0.00158,6.963367009569389e-06,7.263342e-13,1.6945534105564313e-18,6.069277927442369e-12
0.178,0.002,2.655159417178472e-05,1.179592e-12,2.7151953381772658e-18,3.7584057686740664e-11
0.178,0.00251,2.6824035943815892e-05,1.863514e-12,4.276500537512648e-18,5.998435982136496e-11
0.178,0.00316,0.00011967904108622573,2.96746e-12,6.778213642225725e-18,4.2617132071407775e-10
0.178,0.00398,0.00011280648800066672,4.746175e-12,1.0752445058715792e-17,6.424791998238773e-10
0.178,0.00501,6.015736927714923e-05,7.381408e-12,1.7037918626945794e-17,5.328553042095642e-10
0.178,0.00631,8.689059129695473e-05,1.18824e-11,2.7027122276099953e-17,1.238962514432322e-09
0.178,0.00794,0.00010108976708812469,1.854174e-11,4.279392220547806e-17,2.2492562136102786e-09
0.178,0.01,0.00021425951078483295,2.953272e-11,6.787988345443164e-17,7.593199367214544e-09
0.178,0.0126,0.0005333936683269965,4.678556e-11,1.0776610297225568e-16,2.994614576775936e-08
0.178,0.0158,0.0005561305267662597,7.434763e-11,1.6945534105564316e-16,4.961638396286756e-08
0.178,0.02,0.0009425969045064782,1.184913e-10,2.715195338177266e-16,1.3402743910913817e-07
0.178,0.0251,0.001072175837100953,1.857665e-10,4.2765005375126484e-16,2.39009223171377e-07
0.178,0.0316,0.002042324462734447,2.89593e-10,6.778213642225726e-16,7.09731441763988e-07
0.178,0.0398,0.002185527208645682,4.678209e-10,1.0752445058715792e-15,1.226922366867733e-06
0.178,0.0501,0.0026422330978863517,7.400471e-10,1.7037918626945797e-15,2.3464523299377736e-06
0.178,0.0631,0.0026968502668747816,1.166503e-09,2.702712227609996e-15,3.7750607122322804e-06
0.178,0.0794,0.0027203136367061286,1.852888e-09,4.279392220547806e-15,6.048523792426974e-06
0.178,0.1,0.002468390957431748,2.924861e-09,6.787988345443165e-15,8.663640532973738e-06
0.178,0.126,0.002258703172701866,4.691484e-09,1.077661029722557e-14,1.271600375457605e-05
0.178,0.158,0.0017281252869432771,7.355989e-09,1.6945534105564315e-14,1.5254484721651907e-05
0.178,0.2,0.0009683013172988538,1.160107e-08,2.715195338177266e-14,1.3479997635691457e-05
0.178,0.251,0.0004208596220983608,1.841195e-08,4.276500537512648e-14,9.2986155829127e-06
0.178,0.316,0.00011477453826557967,2.917118e-08,6.778213642225726e-14,4.017730458194535e-06
0.178,0.398,3.351496118135411e-05,4.757924e-08,1.075244505871579e-13,1.913539657965997e-06
0.178,0.501,6.781739161548611e-06,7.370988e-08,1.7037918626945793e-13,5.998574157468586e-07
0.178,0.631,0.0,1.163207e-07,2.7027122276099956e-13,0.0
0.178,0.794,0.0,1.846219e-07,4.2793922205478077e-13,0.0
0.178,1.0,0.0,2.927518e-07,6.787988345443165e-13,0.0
0.316,3.16e-08,0.0,8.854863e-25,4.008895752389564e-25,0.0
0.316,3.98e-08,0.0,1.406018e-24,6.35940877625297e-25,0.0
0.316,5.01e-08,0.0,2.244037e-24,1.0076879133407438e-24,0.0
0.316,6.31e-08,0.0,3.578625e-24,1.5984877640474101e-24,0.0
0.316,7.94e-08,0.0,5.631835e-24,2.530996838000188e-24,0.0
0.316,1e-07,0.0,8.976088e-24,4.014676887106998e-24,0.0
0.316,1.26e-07,0.0,1.403726e-23,6.373701025971071e-24,0.0
0.316,1.58e-07,0.0,2.217953e-23,1.0022239380973914e-23,0.0
0.316,2e-07,0.0,3.529522e-23,1.6058707548427992e-23,0.0
0.316,2.51e-07,0.0,5.618496e-23,2.5292865856462806e-23,0.0
0.316,3.16e-07,0.0,8.808468e-23,4.0088957523895655e-23,0.0
0.316,3.98e-07,0.0,1.418867e-22,6.359408776252971e-23,0.0
0.316,5.01e-07,0.0,2.235068e-22,1.0076879133407441e-22,0.0
0.316,6.31e-07,0.0,3.571347e-22,1.5984877640474095e-22,0.0
0.316,7.94e-07,0.0,5.633959e-22,2.5309968380001885e-22,0.0
0.316,1e-06,0.0,8.895754e-22,4.0146768871069985e-22,0.0
0.316,1.26e-06,0.0,1.397958e-21,6.373701025971071e-22,0.0
0.316,1.58e-06,0.0,2.236953e-21,1.0022239380973909e-21,0.0
0.316,2e-06,0.0,3.602421e-21,1.6058707548427994e-21,0.0
0.316,2.51e-06,0.0,5.565863e-21,2.5292865856462806e-21,0.0
0.316,3.16e-06,0.0,8.824908e-21,4.0088957523895636e-21,0.0
0.316,3.98e-06,0.0,1.418647e-20,6.3594087762529694e-21,0.0
0.316,5.01e-06,0.0,2.226884e-20,1.007687913340744e-20,0.0
0.316,6.31e-06,0.0,3.537266e-20,1.5984877640474095e-20,0.0
0.316,7.94e-06,8.66519776942188e-06,5.599871e-20,2.5309968380001882e-20,5.822878763790032e-19
0.316,1e-05,0.0,8.860622e-20,4.014676887106999e-20,0.0
0.316,1.26e-05,0.0,1.416404e-19,6.373701025971072e-20,0.0
0.316,1.58e-05,0.0,2.224573e-19,1.0022239380973914e-19,0.0
0.316,2e-05,0.0,3.560955e-19,1.6058707548427997e-19,0.0
0.316,2.51e-05,0.0,5.677082e-19,2.52928658564628e-19,0.0
0.316,3.16e-05,8.744710493397568e-06,8.978195e-19,4.0088957523895655e-19,9.421405923392351e-18
0.316,3.98e-05,0.0,1.413947e-18,6.359408776252969e-19,0.0
0.316,5.01e-05,8.74471049339757e-06,2.242551e-18,1.0076879133407437e-18,2.3532551114015054e-17
0.316,6.31e-05,8.685832361803938e-06,3.553514e-18,1.59848776404741e-18,3.7038272279188036e-17
0.316,7.94e-05,4.189838378639747e-05,5.61939e-18,2.5309968380001883e-18,2.825320306385329e-16
0.316,0.0001,2.6176343721101553e-05,8.896663e-18,4.014676887106999e-18,2.794585303905678e-16
0.316,0.000126,6.664630466741021e-05,1.434292e-17,6.373701025971071e-18,1.1470831393683495e-15
0.316,0.000158,8.411866189362708e-05,2.232325e-17,1.0022239380973912e-17,2.2533623029402932e-15
0.316,0.0002,0.00024869823406296736,3.54269e-17,1.6058707548427996e-17,1.0572728961990407e-14
0.316,0.000251,0.0002175727771357002,5.635688e-17,2.5292865856462796e-17,1.4714067470764077e-14
0.316,0.000316,0.0003508257528445103,8.849283e-17,4.008895752389565e-17,3.725467644730952e-14
0.316,0.000398,0.0008684089441243859,1.39686e-16,6.359408776252971e-17,1.4556548612275077e-13
0.316,0.000501,0.0012362225635945258,2.228131e-16,1.0076879133407438e-16,3.3053589802133215e-13
0.316,0.000631,0.00178096979889316,3.587957e-16,1.5984877640474098e-16,7.668051668072768e-13
0.316,0.000794,0.00214818207688314,5.617244e-16,2.5309968380001873e-16,1.4480235458735226e-12
0.316,0.001,0.0029212502200309056,8.968564e-16,4.0146768871069995e-16,3.143930347003351e-12
0.316,0.00126,0.003651641009166423,1.396224e-15,6.373701025971071e-16,6.1182105796588565e-12
0.316,0.00158,0.004101411486359772,2.232585e-15,1.002223938097391e-15,1.098809971592944e-11
0.316,0.002,0.005194586251578982,3.58686e-15,1.6058707548427998e-15,2.2358704370806304e-11
0.316,0.00251,0.005236728362617068,5.673687e-15,2.52928658564628e-15,3.56538691602141e-11
0.316,0.00316,0.004064849392376414,8.866861e-15,4.008895752389564e-15,4.3250945457763356e-11
0.316,0.00398,0.003115688583907358,1.416923e-14,6.359408776252971e-15,5.2976289784509186e-11
0.316,0.00501,0.0018985030300070875,2.22294e-14,1.0076879133407437e-14,5.0643099906287466e-11
0.316,0.00631,0.001087075355175866,3.547429e-14,1.5984877640474097e-14,4.6275871681634004e-11
0.316,0.00794,0.0005416408194596713,5.74076e-14,2.5309968380001878e-14,3.7313159408655624e-11
0.316,0.01,0.000191433559460137,8.851169e-14,4.014676887106999e-14,2.033292944463866e-11
0.316,0.0126,8.252873314628562e-05,1.420046e-13,6.373701025971073e-14,1.4063351686734036e-11
0.316,0.0158,3.325354801623202e-05,2.222655e-13,1.0022239380973914e-13,8.869339771922182e-12
0.316,0.02,0.0,3.553367e-13,1.6058707548427997e-13,0.0
0.316,0.0251,8.665197769421881e-06,5.604803e-13,2.529286585646281e-13,5.828007174437888e-12
0.316,0.0316,0.0,8.831263e-13,4.0088957523895657e-13,0.0
0.316,0.0398,0.0,1.41972e-12,6.359408776252972e-13,0.0
0.316,0.0501,0.0,2.243669e-12,1.007687913340744e-12,0.0
0.316,0.0631,0.0,3.539069e-12,1.5984877640474097e-12,0.0
0.316,0.0794,0.0,5.609715e-12,2.5309968380001876e-12,0.0
0.316,0.1,0.0,9.03026e-12,4.014676887106999e-12,0.0
0.316,0.126,0.0,1.403962e-11,6.373701025971072e-12,0.0
0.316,0.158,0.0,2.21835e-11,1.0022239380973914e-11,0.0
0.316,0.2,0.0,3.540373e-11,1.6058707548427998e-11,0.0
0.316,0.251,0.0,5.632445e-11,2.5292865856462803e-11,0.0
0.316,0.316,0.0,8.944137e-11,4.0088957523895655e-11,0.0
0.316,0.398,0.0,1.415116e-10,6.359408776252971e-11,0.0
0.316,0.501,0.0,2.245922e-10,1.0076879133407438e-10,0.0
0.316,0.631,0.0,3.53395e-10,1.5984877640474096e-10,0.0
0.316,0.794,0.0,5.56731e-10,2.530996838000188e-10,0.0
0.316,1.0,0.0,8.797303e-10,4.014676887106999e-10,0.0
0.562,3.16e-08,0.0,6.989676e-25,8.708017242401745e-25,0.0
0.562,3.98e-08,0.0,1.110467e-24,1.381373941741514e-24,0.0
0.562,5.01e-08,0.0,1.7626e-24,2.188873012998799e-24,0.0
0.562,6.31e-08,0.0,2.795992e-24,3.472192810899618e-24,0.0
0.562,7.94e-08,0.0,4.382737e-24,5.497764338878773e-24,0.0
0.562,1e-07,0.0,7.068196e-24,8.720574870214853e-24,0.0
0.562,1.26e-07,0.0,1.106336e-23,1.3844784663953101e-23,0.0
0.562,1.58e-07,0.0,1.7538e-23,2.177004310600437e-23,0.0
0.562,2e-07,0.0,2.827173e-23,3.488229948085941e-23,0.0
0.562,2.51e-07,0.0,4.362974e-23,5.494049373984062e-23,0.0
0.562,3.16e-07,0.0,6.926969e-23,8.708017242401748e-23,0.0
0.562,3.98e-07,0.0,1.116966e-22,1.3813739417415138e-22,0.0
0.562,5.01e-07,0.0,1.770068e-22,2.1888730129987995e-22,0.0
0.562,6.31e-07,0.0,2.79937e-22,3.472192810899617e-22,0.0
0.562,7.94e-07,0.0,4.381211e-22,5.497764338878774e-22,0.0
0.562,1e-06,0.0,7.001166e-22,8.720574870214855e-22,0.0
0.562,1.26e-06,0.0,1.114648e-21,1.3844784663953103e-21,0.0
0.562,1.58e-06,0.0,1.729991e-21,2.1770043106004364e-21,0.0
0.562,2e-06,0.0,2.804472e-21,3.488229948085942e-21,0.0
0.562,2.51e-06,0.0,4.422329e-21,5.494049373984062e-21,0.0
0.562,3.16e-06,8.9071159301993e-06,7.079421e-21,8.708017242401745e-21,7.566866827882495e-20
0.562,3.98e-06,0.0,1.103555e-20,1.381373941741514e-20,0.0
0.562,5.01e-06,0.0,1.751333e-20,2.1888730129987992e-20,0.0
0.562,6.31e-06,0.0,2.805163e-20,3.472192810899617e-20,0.0
0.562,7.94e-06,2.4409321212334413e-05,4.445396e-20,5.497764338878773e-20,1.3021091865603186e-18
0.562,1e-05,0.0,7.023686e-20,8.720574870214857e-20,0.0
0.562,1.26e-05,6.512422178183942e-08,1.114168e-19,1.3844784663953107e-19,8.707118872107415e-21
0.562,1.58e-05,0.0,1.750054e-19,2.177004310600437e-19,0.0
0.562,2e-05,0.0,2.809367e-19,3.4882299480859427e-19,0.0
0.562,2.51e-05,2.2318816845919824e-10,4.412399e-19,5.494049373984061e-19,1.1817543015854375e-22
0.562,3.16e-05,1.7684429793171832e-05,6.985313e-19,8.708017242401748e-19,1.4823753279819658e-17
0.562,3.98e-05,2.440954440050288e-05,1.11447e-18,1.381373941741514e-18,3.2644445937634137e-17
0.562,5.01e-05,4.2223553072733016e-05,1.736908e-18,2.1888730129987984e-18,8.800611254454548e-17
0.562,6.31e-05,7.75435150635891e-05,2.773889e-18,3.472192810899617e-18,2.5811652414746887e-16
0.562,7.94e-05,0.00020003110865201415,4.463743e-18,5.497764338878774e-18,1.0714649532332012e-15
0.562,0.0001,0.0002683590005838992,7.017875e-18,8.720574870214856e-18,2.259971905467278e-15
0.562,0.000126,0.0002621560011632288,1.109512e-17,1.3844784663953103e-17,3.490382749951396e-15
0.562,0.000158,0.0004734408965860902,1.747526e-17,2.1770043106004364e-17,9.928203314970048e-15
0.562,0.0002,0.0007079453932176851,2.804773e-17,3.4882299480859425e-17,2.3827513492456162e-14
0.562,0.000251,0.0010941533516681447,4.419796e-17,5.4940493739840596e-17,5.803121528507351e-14
0.562,0.000316,0.001292758613970277,6.98514e-17,8.708017242401746e-17,1.0836119885746008e-13
0.562,0.000398,0.002552701620839422,1.108736e-16,1.3813739417415142e-16,3.396326621139621e-13
0.562,0.000501,0.002760697071561747,1.767903e-16,2.1888730129987993e-16,5.856773561886273e-13
0.562,0.000631,0.004048142046797369,2.760689e-16,3.4721928108996175e-16,1.341079346283718e-12
0.562,0.000794,0.004727341352704803,4.449211e-16,5.497764338878772e-16,2.523952697665091e-12
0.562,0.001,0.004512870741166024,7.020405e-16,8.720574870214855e-16,3.801861637876279e-12
0.562,0.00126,0.004648824131974027,1.101444e-15,1.3844784663953104e-15,6.144503336661601e-12
0.562,0.00158,0.0046741357879339935,1.748501e-15,2.1770043106004364e-15,9.807277319206051e-12
0.562,0.002,0.003072347785969798,2.789742e-15,3.488229948085942e-15,1.0285269188552347e-11
0.562,0.00251,0.0021974564454663647,4.432737e-15,5.494049373984061e-15,1.1688895790048684e-11
0.562,0.00316,0.0013316683297584636,6.999752e-15,8.708017242401746e-15,1.1185617665476159e-11
0.562,0.00398,0.0007344839721435207,1.121783e-14,1.3813739417415143e-14,9.887179604676903e-12
0.562,0.00501,0.00018645085418195683,1.757765e-14,2.188873012998799e-14,3.932841428413768e-12
0.562,0.00631,5.7938696775518644e-05,2.81718e-14,3.472192810899616e-14,1.9586848533846674e-12
0.562,0.00794,2.45411374446409e-05,4.444811e-14,5.497764338878772e-14,1.3089686119974212e-12
0.562,0.01,0.0,7.044009e-14,8.720574870214855e-14,0.0
0.562,0.0126,0.0,1.120781e-13,1.3844784663953105e-13,0.0
0.562,0.0158,0.0,1.735643e-13,2.1770043106004373e-13,0.0
0.562,0.02,0.0,2.81864e-13,3.488229948085942e-13,0.0
0.562,0.0251,0.0,4.405161e-13,5.494049373984062e-13,0.0
0.562,0.0316,0.0,6.998425e-13,8.708017242401749e-13,0.0
0.562,0.0398,0.0,1.109344e-12,1.381373941741514e-12,0.0
0.562,0.0501,0.0,1.768403e-12,2.1888730129987987e-12,0.0
0.562,0.0631,0.0,2.788099e-12,3.4721928108996167e-12,0.0
0.562,0.0794,0.0,4.355031e-12,5.497764338878773e-12,0.0
0.562,0.1,0.0,7.069179e-12,8.720574870214857e-12,0.0
0.562,0.126,0.0,1.099851e-11,1.3844784663953106e-11,0.0
0.562,0.158,0.0,1.743805e-11,2.177004310600437e-11,0.0
0.562,0.2,0.0,2.824123e-11,3.488229948085943e-11,0.0
0.562,0.251,0.0,4.358012e-11,5.494049373984061e-11,0.0
0.562,0.316,0.0,7.028032e-11,8.708017242401748e-11,0.0
0.562,0.398,0.0,1.117611e-10,1.3813739417415144e-10,0.0
0.562,0.501,0.0,1.739087e-10,2.1888730129987987e-10,0.0
0.562,0.631,0.0,2.777445e-10,3.4721928108996164e-10,0.0
0.562,0.794,0.0,4.370972e-10,5.497764338878775e-10,0.0
0.562,1.0,0.0,7.027193e-10,8.720574870214855e-10,0.0
1.0,3.16e-08,0.0,6.140692e-25,1.6281952783298434e-24,0.0
1.0,3.98e-08,0.0,9.795093e-25,2.582845746560653e-24,0.0
1.0,5.01e-08,0.0,1.56359e-24,4.0926798896017166e-24,0.0
1.0,6.31e-08,0.0,2.462398e-24,6.492187351937679e-24,0.0
1.0,7.94e-08,0.0,3.958938e-24,1.027953171055473e-23,0.0
1.0,1e-07,0.0,6.149231e-24,1.6305432606251433e-23,0.0
1.0,1.26e-07,0.0,9.784806e-24,2.588650480568478e-23,0.0
1.0,1.58e-07,0.0,1.568699e-23,4.0704881958246095e-23,0.0
1.0,2e-07,0.0,2.476191e-23,6.522173042500573e-23,0.0
1.0,2.51e-07,0.0,3.930181e-23,1.0272585596264468e-22,0.0
1.0,3.16e-07,0.0,6.077108e-23,1.6281952783298438e-22,0.0
1.0,3.98e-07,0.0,9.878332e-23,2.5828457465606523e-22,0.0
1.0,5.01e-07,0.0,1.550051e-22,4.0926798896017186e-22,0.0
1.0,6.31e-07,0.0,2.46448e-22,6.492187351937678e-22,0.0
1.0,7.94e-07,0.0,3.907883e-22,1.0279531710554732e-21,0.0
1.0,1e-06,0.0,6.193709e-22,1.6305432606251439e-21,0.0
1.0,1.26e-06,0.0,9.8787e-22,2.588650480568478e-21,0.0
1.0,1.58e-06,0.0,1.558418e-21,4.070488195824609e-21,0.0
1.0,2e-06,0.0,2.47877e-21,6.5221730425005756e-21,0.0
1.0,2.51e-06,0.0,3.85566e-21,1.0272585596264471e-20,0.0
1.0,3.16e-06,0.0,6.118621e-21,1.6281952783298435e-20,0.0
1.0,3.98e-06,0.0,9.870098e-21,2.5828457465606527e-20,0.0
1.0,5.01e-06,0.0,1.560387e-20,4.0926798896017174e-20,0.0
1.0,6.31e-06,0.0,2.490743e-20,6.492187351937677e-20,0.0
1.0,7.94e-06,1.5867281528473626e-08,3.878909e-20,1.0279531710554731e-19,7.385728935159612e-22
1.0,1e-05,6.21945734370617e-08,6.212209e-20,1.6305432606251438e-19,4.636388266282508e-21
1.0,1.26e-05,8.875802508503117e-06,1.00042e-19,2.5886504805684784e-19,1.0655436414668026e-18
1.0,1.58e-05,8.891882186911794e-06,1.546355e-19,4.07048819582461e-19,1.6500007774970385e-18
1.0,2e-05,6.657273753017266e-05,2.479186e-19,6.522173042500575e-19,1.9805543863977437e-17
1.0,2.51e-05,7.323212364920784e-05,3.900212e-19,1.0272585596264469e-18,3.4274496893054904e-17
1.0,3.16e-05,6.669691428016658e-05,6.230859e-19,1.628195278329844e-18,4.986948823377654e-17
1.0,3.98e-05,9.335605636873287e-05,9.701607e-19,2.5828457465606526e-18,1.0868445239511522e-16
1.0,5.01e-05,0.00025086704486073177,1.562251e-18,4.092679889601717e-18,4.703007500408677e-16
1.0,6.31e-05,0.00017111685350529242,2.475255e-18,6.492187351937679e-18,5.082694166678912e-16
1.0,7.94e-05,0.0005197200927002468,3.933823e-18,1.0279531710554732e-17,2.4533842250716357e-15
1.0,0.0001,0.00046219599808616205,6.211575e-18,1.6305432606251435e-17,3.445158128174462e-15
1.0,0.000126,0.000804495876939894,9.90794e-18,2.5886504805684775e-17,9.565076254761424e-15
1.0,0.000158,0.0013597085637008244,1.523594e-17,4.070488195824609e-17,2.485972571283833e-14
1.0,0.0002,0.001990335778356893,2.496373e-17,6.522173042500574e-17,5.962344597628958e-14
1.0,0.000251,0.002994068020413392,3.858825e-17,1.0272585596264466e-16,1.3864301434646052e-13
1.0,0.000316,0.0038387888358841103,6.20628e-17,1.6281952783298436e-16,2.8589518051645005e-13
1.0,0.000398,0.00520926922192595,9.845433e-17,2.5828457465606527e-16,6.154501332412088e-13
1.0,0.000501,0.00546828280034932,1.578405e-16,4.092679889601718e-16,1.0357397896182442e-12
1.0,0.000631,0.00594850906403676,2.477181e-16,6.492187351937679e-16,1.7682640358111574e-12
1.0,0.000794,0.005431098313491879,3.891837e-16,1.0279531710554731e-15,2.5364339240502357e-12
1.0,0.001,0.004036746801766303,6.227144e-16,1.6305432606251437e-15,3.016488435136587e-12
1.0,0.00126,0.003439354339217224,9.8088e-16,2.5886504805684783e-15,4.0483126611016694e-12
1.0,0.00158,0.0016112771575007812,1.549967e-15,4.070488195824609e-15,2.9969117063760166e-12
1.0,0.002,0.0009681909295951019,2.473048e-15,6.522173042500575e-15,2.8732591704639695e-12
1.0,0.00251,0.000419626800925789,3.915889e-15,1.0272585596264467e-14,1.9718543686205844e-12
1.0,0.00316,0.00015306993050574915,6.210388e-15,1.6281952783298435e-14,1.1407483914884862e-12
1.0,0.00398,1.5867281528473626e-08,9.81307e-15,2.5828457465606528e-14,1.8684809321834245e-16
1.0,0.00501,0.0,1.552651e-14,4.092679889601717e-14,0.0
1.0,0.00631,1.5867281528473622e-08,2.47545e-14,6.492187351937677e-14,4.713439447159204e-16
1.0,0.00794,0.0,3.910349e-14,1.0279531710554731e-13,0.0
1.0,0.01,0.0,6.14631e-14,1.6305432606251435e-13,0.0
1.0,0.0126,0.0,9.838386e-14,2.5886504805684784e-13,0.0
1.0,0.0158,0.0,1.544175e-13,4.0704881958246095e-13,0.0
1.0,0.02,0.0,2.473874e-13,6.522173042500574e-13,0.0
1.0,0.0251,0.0,3.924367e-13,1.0272585596264468e-12,0.0
1.0,0.0316,0.0,6.168239e-13,1.6281952783298438e-12,0.0
1.0,0.0398,0.0,9.843906e-13,2.5828457465606533e-12,0.0
1.0,0.0501,0.0,1.57097e-12,4.092679889601717e-12,0.0
1.0,0.0631,0.0,2.4748e-12,6.492187351937678e-12,0.0
1.0,0.0794,0.0,3.896055e-12,1.0279531710554731e-11,0.0
1.0,0.1,0.0,6.16077e-12,1.6305432606251437e-11,0.0
1.0,0.126,0.0,9.820945e-12,2.5886504805684785e-11,0.0
1.0,0.158,0.0,1.565104e-11,4.070488195824609e-11,0.0
1.0,0.2,0.0,2.506397e-11,6.522173042500575e-11,0.0
1.0,0.251,0.0,3.876047e-11,1.0272585596264467e-10,0.0
1.0,0.316,0.0,6.208017e-11,1.6281952783298435e-10,0.0
1.0,0.398,0.0,1.004933e-10,2.582845746560653e-10,0.0
1.0,0.501,0.0,1.560893e-10,4.0926798896017164e-10,0.0
1.0,0.631,0.0,2.474265e-10,6.492187351937677e-10,0.0
1.0,0.794,0.0,3.900257e-10,1.0279531710554732e-09,0.0
1.0,1.0,0.0,6.230464e-10,1.6305432606251437e-09,0.0
1.78,3.16e-08,0.0,5.46214e-25,2.941068776159828e-24,0.0
1.78,3.98e-08,0.0,8.672973e-25,4.665488888187204e-24,0.0
1.78,5.01e-08,0.0,1.387883e-24,7.392757609807053e-24,0.0
1.78,6.31e-08,0.0,2.194891e-24,1.1727075839053972e-23,0.0
1.78,7.94e-08,0.0,3.483548e-24,1.8568294694030378e-23,0.0
1.78,1e-07,0.0,5.49559e-24,2.945310022592361e-23,0.0
1.78,1.26e-07,0.0,8.875809e-24,4.675974191867632e-23,0.0
1.78,1.58e-07,0.0,1.390479e-23,7.352671940399572e-23,0.0
1.78,2e-07,0.0,2.217375e-23,1.1781240090369445e-22,0.0
1.78,2.51e-07,0.0,3.430853e-23,1.8555747673334136e-22,0.0
1.78,3.16e-07,0.0,5.41552e-23,2.9410687761598286e-22,0.0
1.78,3.98e-07,0.0,8.718822e-23,4.665488888187204e-22,0.0
1.78,5.01e-07,0.0,1.382536e-22,7.3927576098070555e-22,0.0
1.78,6.31e-07,0.0,2.196813e-22,1.172707583905397e-21,0.0
1.78,7.94e-07,0.0,3.462622e-22,1.8568294694030384e-21,0.0
1.78,1e-06,0.0,5.45277e-22,2.9453100225923615e-21,0.0
1.78,1.26e-06,0.0,8.762012e-22,4.675974191867633e-21,0.0
1.78,1.58e-06,0.0,1.367047e-21,7.35267194039957e-21,0.0
1.78,2e-06,0.0,2.2027e-21,1.1781240090369446e-20,0.0
1.78,2.51e-06,0.0,3.516195e-21,1.8555747673334138e-20,0.0
1.78,3.16e-06,0.0,5.475271e-21,2.941068776159828e-20,0.0
1.78,3.98e-06,0.0,8.747757e-21,4.665488888187204e-20,0.0
1.78,5.01e-06,0.0,1.374248e-20,7.392757609807055e-20,0.0
1.78,6.31e-06,8.900827535735522e-06,2.15852e-20,1.172707583905397e-19,2.3055137102923007e-19
1.78,7.94e-06,8.900827535735522e-06,3.467733e-20,1.856829469403038e-19,3.70388320475745e-19
1.78,1e-05,8.901246136095036e-06,5.509182e-20,2.945310022592362e-19,5.884630198865319e-19
1.78,1.26e-05,7.539800619759911e-05,8.723841e-20,4.675974191867634e-19,7.893122613418433e-18
1.78,1.58e-05,6.671252978528341e-05,1.383488e-19,7.352671940399572e-19,1.1075518128909862e-17
1.78,2e-05,3.575716207415935e-05,2.220391e-19,1.1781240090369447e-18,9.527385702600571e-18
1.78,2.51e-05,8.695239526884584e-05,3.498931e-19,1.8555747673334134e-18,3.650885175965017e-17
1.78,3.16e-05,0.00019799123603366975,5.472524e-19,2.941068776159829e-18,1.3002141491807071e-16
1.78,3.98e-05,0.000381739508638456,8.691998e-19,4.665488888187204e-18,3.98169485472773e-16
1.78,5.01e-05,0.0004071614072055961,1.396255e-18,7.392757609807053e-18,6.822013807414196e-16
1.78,6.31e-05,0.0008325847315563891,2.197216e-18,1.1727075839053973e-17,2.1952421922376838e-15
1.78,7.94e-05,0.0011175533813302073,3.472354e-18,1.8568294694030383e-17,4.656649144650565e-15
1.78,0.0001,0.0015800432572528782,5.580906e-18,2.945310022592361e-17,1.058168747359456e-14
1.78,0.000126,0.0021782581831043014,8.665492e-18,4.6759741918676324e-17,2.265081463154983e-14
1.78,0.000158,0.0029265619915850947,1.373538e-17,7.352671940399571e-17,4.8236929257573696e-14
1.78,0.0002,0.0042607652520770985,2.200296e-17,1.1781240090369445e-16,1.1249933689301078e-13
1.78,0.000251,0.005341110757399654,3.439336e-17,1.8555747673334133e-16,2.2043849409494275e-13
1.78,0.000316,0.006162775071497468,5.498886e-17,2.9410687761598285e-16,4.0666077074167713e-13
1.78,0.000398,0.006095569308749867,8.604057e-17,4.665488888187205e-16,6.293595093592136e-13
1.78,0.000501,0.00544125438454662,1.393591e-16,7.392757609807054e-16,9.099459766817649e-13
1.78,0.000631,0.0037857099864948246,2.213684e-16,1.1727075839053972e-15,1.0056438750892571e-12
1.78,0.000794,0.0026413167229186263,3.444347e-16,1.8568294694030377e-15,1.0917133596761523e-12
1.78,0.001,0.0014857914482209844,5.477433e-16,2.945310022592362e-15,9.765987731524093e-13
1.78,0.00126,0.0005224791980465388,8.810293e-16,4.675974191867633e-15,5.523833785434041e-13
1.78,0.00158,0.00026006687878753177,1.376875e-15,7.35267194039957e-15,4.2969550047669933e-13
1.78,0.002,6.663518521931527e-05,2.194239e-15,1.1781240090369448e-14,1.7545622661653415e-13
1.78,0.00251,6.108059184305379e-08,3.461301e-15,1.8555747673334135e-14,2.537019763523447e-16
1.78,0.00316,0.0,5.506377e-15,2.941068776159828e-14,0.0
1.78,0.00398,0.0,8.649353e-15,4.665488888187205e-14,0.0
1.78,0.00501,0.0,1.376739e-14,7.392757609807053e-14,0.0
1.78,0.00631,0.0,2.19118e-14,1.172707583905397e-13,0.0
1.78,0.00794,0.0,3.494885e-14,1.8568294694030378e-13,0.0
1.78,0.01,0.0,5.481162e-14,2.945310022592361e-13,0.0
1.78,0.0126,0.0,8.729497e-14,4.675974191867634e-13,0.0
1.78,0.0158,0.0,1.372924e-13,7.352671940399573e-13,0.0
1.78,0.02,0.0,2.216879e-13,1.1781240090369445e-12,0.0
1.78,0.0251,0.0,3.43155e-13,1.8555747673334137e-12,0.0
1.78,0.0316,0.0,5.500362e-13,2.941068776159829e-12,0.0
1.78,0.0398,0.0,8.695451e-13,4.6654888881872044e-12,0.0
1.78,0.0501,0.0,1.388096e-12,7.392757609807054e-12,0.0
1.78,0.0631,0.0,2.187564e-12,1.1727075839053974e-11,0.0
1.78,0.0794,0.0,3.480546e-12,1.8568294694030378e-11,0.0
1.78,0.1,0.0,5.556574e-12,2.945310022592362e-11,0.0
1.78,0.126,0.0,8.799947e-12,4.6759741918676334e-11,0.0
1.78,0.158,0.0,1.377591e-11,7.352671940399571e-11,0.0
1.78,0.2,0.0,2.189101e-11,1.1781240090369448e-10,0.0
1.78,0.251,0.0,3.432306e-11,1.8555747673334136e-10,0.0
1.78,0.316,0.0,5.490839e-11,2.9410687761598285e-10,0.0
1.78,0.398,0.0,8.713045e-11,4.665488888187206e-10,0.0
1.78,0.501,0.0,1.39494e-10,7.392757609807052e-10,0.0
1.78,0.631,0.0,2.192771e-10,1.1727075839053971e-09,0.0
1.78,0.794,0.0,3.52068e-10,1.8568294694030382e-09,0.0
1.78,1.0,0.0,5.499957e-10,2.9453100225923614e-09,0.0
3.16,3.16e-08,0.0,6.831134e-27,3.6665172390642495e-22,0.0
3.16,3.98e-08,0.0,1.09006e-26,5.816285418369788e-22,0.0
3.16,5.01e-08,0.0,1.72216e-26,9.216266358780304e-22,0.0
3.16,6.31e-08,0.0,2.727164e-26,1.4619694063682314e-21,0.0
3.16,7.94e-08,0.0,4.326219e-26,2.3148378285998935e-21,0.0
3.16,1e-07,0.0,6.81503e-26,3.671804637742598e-21,0.0
3.16,1.26e-07,0.0,1.079417e-25,5.82935704288015e-21,0.0
3.16,1.58e-07,1.2714355278364686e-07,1.700372e-25,9.166293097660629e-21,2.5942960456060225e-26
3.16,2e-07,0.0,2.740521e-25,1.4687218550970393e-20,0.0
3.16,2.51e-07,0.0,4.313031e-25,2.3132736398242157e-20,0.0
3.16,3.16e-07,8.698142537632627e-10,6.892323e-25,3.6665172390642516e-20,7.194048944328447e-28
3.16,3.98e-07,3.48595086375093e-07,1.082353e-24,5.816285418369788e-20,4.527635250280092e-25
3.16,5.01e-07,1.0924769440914437e-09,1.71392e-24,9.216266358780305e-20,2.246901700820649e-27
3.16,6.31e-07,3.285910867949829e-05,2.736701e-24,1.4619694063682312e-19,1.0791066669874998e-22
3.16,7.94e-07,6.619027789545098e-05,4.347523e-24,2.314837828599894e-19,3.4531650663223775e-22
3.16,1e-06,1.2955713034916733e-07,6.790158e-24,3.6718046377426e-19,1.0556560621169295e-24
3.16,1.26e-06,9.952577236567148e-05,1.088325e-23,5.829357042880151e-19,1.299796634518433e-21
3.16,1.58e-06,3.52393694556048e-05,1.723067e-23,9.166293097660622e-19,7.286375353171272e-22
3.16,2e-06,0.00036437899507936797,2.723668e-23,1.46872185509704e-18,1.1909368905237983e-20
3.16,2.51e-06,0.0005962828918023616,4.293166e-23,2.3132736398242158e-18,3.071929724961093e-20
3.16,3.16e-06,0.0006654493333153239,6.860218e-23,3.666517239064249e-18,5.478152993397343e-20
3.16,3.98e-06,0.0007341576730198542,1.078465e-22,5.816285418369787e-18,9.501160258000285e-20
3.16,5.01e-06,0.001265628899666981,1.71064e-22,9.216266358780303e-18,2.5980425051115895e-19
3.16,6.31e-06,0.0016332276565305206,2.695525e-22,1.4619694063682312e-17,5.282887174643319e-19
3.16,7.94e-06,0.002863252921793669,4.299956e-22,2.3148378285998943e-17,1.477423389670106e-18
3.16,1e-05,0.004194205711310586,6.816629e-22,3.671804637742599e-17,3.430841314042245e-18
3.16,1.26e-05,0.004840226672445996,1.084804e-21,5.829357042880152e-17,6.3008367062113286e-18
3.16,1.58e-05,0.00603938240062376,1.702512e-21,9.16629309766063e-17,1.233854521158091e-17
3.16,2e-05,0.008490158428335812,2.705823e-21,1.4687218550970397e-16,2.7567439138841878e-17
3.16,2.51e-05,0.008367448880038481,4.263068e-21,2.3132736398242143e-16,4.280520427455347e-17
3.16,3.16e-05,0.0071411427471149425,6.760888e-21,3.666517239064252e-16,5.793655956630774e-17
3.16,3.98e-05,0.0060683292937212955,1.084443e-20,5.816285418369787e-16,7.896908669125204e-17
3.16,5.01e-05,0.003905420681246952,1.704685e-20,9.216266358780302e-16,7.989014464813753e-17
3.16,6.31e-05,0.0025935962941909998,2.684488e-20,1.4619694063682314e-15,8.35497375432025e-17
3.16,7.94e-05,0.0009009016214439985,4.257089e-20,2.314837828599894e-15,4.6022620592776927e-17
3.16,0.0001,0.00033441329016752335,6.772762e-20,3.6718046377426005e-15,2.7178819487298906e-17
3.16,0.000126,0.00013276176676705606,1.06932e-19,5.8293570428801496e-15,1.7035777492721807e-17
3.16,0.000158,6.58410148210049e-05,1.684788e-19,9.166293097660627e-15,1.3311378201390145e-17
3.16,0.0002,0.0,2.734473e-19,1.4687218550970402e-14,0.0
3.16,0.000251,0.0,4.298229e-19,2.3132736398242144e-14,0.0
3.16,0.000316,0.0,6.871743e-19,3.666517239064251e-14,0.0
3.16,0.000398,0.0,1.081526e-18,5.816285418369788e-14,0.0
3.16,0.000501,0.0,1.734669e-18,9.216266358780304e-14,0.0
3.16,0.000631,0.0,2.729677e-18,1.4619694063682312e-13,0.0
3.16,0.000794,0.0,4.291346e-18,2.3148378285998933e-13,0.0
3.16,0.001,0.0,6.926842e-18,3.6718046377425994e-13,0.0
3.16,0.00126,0.0,1.095194e-17,5.82935704288015e-13,0.0
3.16,0.00158,0.0,1.714463e-17,9.166293097660626e-13,0.0
3.16,0.002,0.0,2.753269e-17,1.4687218550970398e-12,0.0
3.16,0.00251,0.0,4.342452e-17,2.313273639824215e-12,0.0
3.16,0.00316,0.0,6.893567e-17,3.66651723906425e-12,0.0
3.16,0.00398,0.0,1.072113e-16,5.81628541836979e-12,0.0
3.16,0.00501,0.0,1.717288e-16,9.216266358780302e-12,0.0
3.16,0.00631,0.0,2.709864e-16,1.461969406368231e-11,0.0
3.16,0.00794,0.0,4.334363e-16,2.3148378285998934e-11,0.0
3.16,0.01,0.0,6.779675e-16,3.6718046377425996e-11,0.0
3.16,0.0126,0.0,1.088933e-15,5.829357042880153e-11,0.0
3.16,0.0158,0.0,1.692215e-15,9.166293097660626e-11,0.0
3.16,0.02,0.0,2.749639e-15,1.4687218550970398e-10,0.0
3.16,0.0251,0.0,4.29678e-15,2.3132736398242153e-10,0.0
3.16,0.0316,0.0,6.889594e-15,3.6665172390642505e-10,0.0
3.16,0.0398,0.0,1.061138e-14,5.816285418369788e-10,0.0
3.16,0.0501,0.0,1.699815e-14,9.216266358780301e-10,0.0
3.16,0.0631,0.0,2.700414e-14,1.4619694063682314e-09,0.0
3.16,0.0794,0.0,4.318231e-14,2.314837828599894e-09,0.0
3.16,0.1,0.0,6.809274e-14,3.671804637742601e-09,0.0
3.16,0.126,0.0,1.094459e-13,5.829357042880151e-09,0.0
3.16,0.158,0.0,1.692146e-13,9.166293097660627e-09,0.0
3.16,0.2,0.0,2.768396e-13,1.4687218550970404e-08,0.0
3.16,0.251,0.0,4.299866e-13,2.3132736398242153e-08,0.0
3.16,0.316,0.0,6.865626e-13,3.666517239064251e-08,0.0
3.16,0.398,0.0,1.068497e-12,5.8162854183697884e-08,0.0
3.16,0.501,0.0,1.719455e-12,9.216266358780302e-08,0.0
3.16,0.631,0.0,2.703184e-12,1.4619694063682313e-07,0.0
3.16,0.794,0.0,4.302818e-12,2.3148378285998944e-07,0.0
3.16,1.0,0.0,6.84348e-12,3.6718046377426e-07,0.0
5.62,3.16e-08,0.0,2.46128e-27,1.519336219337864e-21,0.0
5.62,3.98e-08,0.0,3.986268e-27,2.4101599752443024e-21,0.0
5.62,5.01e-08,0.0,6.211268e-27,3.819048533788888e-21,0.0
5.62,6.31e-08,5.4652427079137884e-08,9.965345e-27,6.058127988581392e-21,6.535563491171418e-28
5.62,7.94e-08,0.0,1.554773e-26,9.592255335427875e-21,0.0
5.62,1e-07,2.0484883802289504e-07,2.466818e-26,1.521527218532551e-20,6.0638976109675434e-27
5.62,1.26e-07,1.2133182591692052e-05,3.968247e-26,2.4155766121422776e-20,5.777695850392105e-25
5.62,1.58e-07,1.502919755142168e-07,6.141797e-26,3.7983405483446615e-20,1.1076753652047484e-26
5.62,2e-07,2.996461890269487e-07,9.903803e-26,6.086108874130204e-20,3.5611641909883936e-26
5.62,2.51e-07,2.1294853807271394e-05,1.566737e-25,9.585773629476928e-20,4.003612244333156e-24
5.62,3.16e-07,9.684376697713318e-11,2.497715e-25,1.5193362193378646e-19,2.902657553223483e-29
5.62,3.98e-07,7.824060368126624e-05,3.948766e-25,2.4101599752443025e-19,3.7074460276327077e-23
5.62,5.01e-07,0.00014546698736441917,6.21859e-25,3.8190485337888904e-19,1.0855194635454042e-22
5.62,6.31e-07,0.0002394800785783082,9.857419e-25,6.058127988581391e-19,2.83278657203917e-22
5.62,7.94e-07,0.0001883584918854587,1.553903e-24,9.592255335427876e-19,3.5122899073954788e-22
5.62,1e-06,0.00034568765478402806,2.510245e-24,1.521527218532551e-18,1.041312848379999e-21
5.62,1.26e-06,0.0006351055476338799,3.912004e-24,2.4155766121422784e-18,2.9814425313191146e-21
5.62,1.58e-06,0.0010096273234427606,6.096523e-24,3.798340548344659e-18,7.386259438556676e-21
5.62,2e-06,0.001978385200550187,9.761009e-24,6.086108874130204e-18,2.3173242897644618e-20
5.62,2.51e-06,0.0024336112116517647,1.573798e-23,9.585773629476925e-18,4.596014949210149e-20
5.62,3.16e-06,0.0039189624374133,2.473509e-23,1.5193362193378636e-17,1.1632306631524482e-19
5.62,3.98e-06,0.005148984429007267,3.916976e-23,2.410159975244302e-17,2.42021381193542e-19
5.62,5.01e-06,0.007155566084418627,6.19486e-23,3.8190485337888893e-17,5.319327613646589e-19
5.62,6.31e-06,0.007907000085742829,9.911697e-23,6.058127988581391e-17,9.404614683462835e-19
5.62,7.94e-06,0.009672674590484518,1.543755e-22,9.592255335427875e-17,1.7918687714920115e-18
5.62,1e-05,0.011105804165162826,2.464263e-22,1.5215272185325512e-16,3.2841146747347974e-18
5.62,1.26e-05,0.009090331988148521,3.921762e-22,2.4155766121422787e-16,4.278014227020639e-18
5.62,1.58e-05,0.006330501014490931,6.13215e-22,3.798340548344661e-16,4.658349815521268e-18
5.62,2e-05,0.003868960932525879,1.006536e-21,6.086108874130205e-16,4.6730981534170414e-18
5.62,2.51e-05,0.002171997676309616,1.557011e-21,9.585773629476925e-16,4.058189128786214e-18
5.62,3.16e-05,0.0009129274388130096,2.511658e-21,1.5193362193378643e-15,2.751553806137047e-18
5.62,3.98e-05,0.0005060805873084588,3.909169e-21,2.4101599752443024e-15,2.374025452089625e-18
5.62,5.01e-05,9.10989589406651e-05,6.315292e-21,3.819048533788888e-15,6.903798319275731e-19
5.62,6.31e-05,1.2337847963229065e-05,9.799891e-21,6.058127988581391e-15,1.4509147825706021e-19
5.62,7.94e-05,0.0,1.566081e-20,9.592255335427877e-15,0.0
5.62,0.0001,0.0,2.503467e-20,1.521527218532551e-14,0.0
5.62,0.000126,0.0,3.896689e-20,2.4155766121422774e-14,0.0
5.62,0.000158,0.0,6.181008e-20,3.798340548344661e-14,0.0
5.62,0.0002,0.0,9.825316e-20,6.086108874130205e-14,0.0
5.62,0.000251,0.0,1.565947e-19,9.58577362947692e-14,0.0
5.62,0.000316,0.0,2.50058e-19,1.5193362193378643e-13,0.0
5.62,0.000398,0.0,3.92577e-19,2.4101599752443026e-13,0.0
5.62,0.000501,0.0,6.210111e-19,3.8190485337888896e-13,0.0
5.62,0.000631,0.0,9.928292e-19,6.058127988581391e-13,0.0
5.62,0.000794,0.0,1.571823e-18,9.592255335427873e-13,0.0
5.62,0.001,0.0,2.500372e-18,1.5215272185325512e-12,0.0
5.62,0.00126,0.0,3.94363e-18,2.415576612142278e-12,0.0
5.62,0.00158,0.0,6.17929e-18,3.798340548344661e-12,0.0
5.62,0.002,0.0,9.942632e-18,6.086108874130205e-12,0.0
5.62,0.00251,0.0,1.559059e-17,9.585773629476926e-12,0.0
5.62,0.00316,0.0,2.471667e-17,1.5193362193378642e-11,0.0
5.62,0.00398,0.0,3.927851e-17,2.410159975244303e-11,0.0
5.62,0.00501,0.0,6.185624e-17,3.8190485337888884e-11,0.0
5.62,0.00631,0.0,9.866699e-17,6.05812798858139e-11,0.0
5.62,0.00794,0.0,1.56452e-16,9.592255335427873e-11,0.0
5.62,0.01,0.0,2.469872e-16,1.521527218532551e-10,0.0
5.62,0.0126,0.0,3.977709e-16,2.415576612142279e-10,0.0
5.62,0.0158,0.0,6.0698e-16,3.798340548344661e-10,0.0
5.62,0.02,0.0,9.974207e-16,6.086108874130204e-10,0.0
5.62,0.0251,0.0,1.550976e-15,9.585773629476927e-10,0.0
5.62,0.0316,0.0,2.462032e-15,1.5193362193378644e-09,0.0
5.62,0.0398,0.0,3.961265e-15,2.4101599752443027e-09,0.0
5.62,0.0501,0.0,6.152124e-15,3.819048533788889e-09,0.0
5.62,0.0631,0.0,9.772507e-15,6.05812798858139e-09,0.0
5.62,0.0794,0.0,1.547183e-14,9.592255335427872e-09,0.0
5.62,0.1,0.0,2.472451e-14,1.5215272185325516e-08,0.0
5.62,0.126,0.0,3.972846e-14,2.4155766121422778e-08,0.0
5.62,0.158,0.0,6.195216e-14,3.7983405483446606e-08,0.0
5.62,0.2,0.0,9.891759e-14,6.086108874130207e-08,0.0
5.62,0.251,0.0,1.565411e-13,9.585773629476926e-08,0.0
5.62,0.316,0.0,2.481303e-13,1.5193362193378642e-07,0.0
5.62,0.398,0.0,3.963435e-13,2.410159975244303e-07,0.0
5.62,0.501,0.0,6.228074e-13,3.819048533788889e-07,0.0
5.62,0.631,0.0,9.934957e-13,6.058127988581391e-07,0.0
5.62,0.794,0.0,1.55131e-12,9.592255335427876e-07,0.0
5.62,1.0,0.0,2.470809e-12,1.521527218532551e-06,0.0
10.0,3.16e-08,0.0,4.505785e-28,1.2031899820120662e-20,0.0
10.0,3.98e-08,2.4887175282016048e-05,7.135597e-28,1.9086495144071397e-20,2.1310182393699347e-26
10.0,5.01e-08,3.003843460157331e-05,1.13183e-27,3.024373985288922e-20,4.079808172211846e-26
10.0,6.31e-08,0.00010799422907118103,1.809455e-27,4.797541724362144e-20,2.344928373167927e-25
10.0,7.94e-08,9.959399276684626e-05,2.877229e-27,7.596281440271578e-20,3.438656690574724e-25
10.0,1e-07,8.966022663760027e-05,4.498148e-27,1.2049250741187972e-19,4.839659629553621e-25
10.0,1.26e-07,0.00011785467261772154,7.228032e-27,1.912939047671002e-19,1.0222288140364983e-24
10.0,1.58e-07,4.3273419611775235e-05,1.129267e-26,3.0079749550301655e-19,5.864069369367671e-25
10.0,2e-07,0.00029526697879310996,1.805316e-26,4.819700296475189e-19,6.3966024130423454e-24
10.0,2.51e-07,0.0003549965277795724,2.861409e-26,7.591148459455835e-19,1.2189483114686619e-23
10.0,3.16e-07,0.000771275625357453,4.498493e-26,1.2031899820120662e-18,4.16349360208935e-23
10.0,3.98e-07,0.001261855033298009,7.133567e-26,1.9086495144071398e-18,1.0801832909182294e-22
10.0,5.01e-07,0.0016388674798609867,1.126742e-25,3.024373985288923e-18,2.215896986392233e-22
10.0,6.31e-07,0.002371769343105357,1.801622e-25,4.797541724362145e-18,5.127638192956992e-22
10.0,7.94e-07,0.003534162921181956,2.862152e-25,7.596281440271584e-18,1.2138373767824133e-21
10.0,1e-06,0.005036776395782606,4.524505e-25,1.2049250741187972e-17,2.7346703983920454e-21
10.0,1.26e-06,0.0075690151657332614,7.187418e-25,1.912939047671002e-17,6.5282011013357075e-21
10.0,1.58e-06,0.009153458894592566,1.14261e-24,3.0079749550301646e-17,1.2550600401060494e-20
10.0,2e-06,0.011889905038155676,1.812154e-24,4.819700296475189e-17,2.5855606769416754e-20
10.0,2.51e-06,0.012610226435819069,2.863379e-24,7.591148459455837e-17,4.332942907388301e-20
10.0,3.16e-06,0.010723208206422273,4.546495e-24,1.2031899820120659e-16,5.85036149933494e-20
10.0,3.98e-06,0.00837220616898934,7.178992e-24,1.908649514407139e-16,7.212480133143015e-20
10.0,5.01e-06,0.006228505311824926,1.133923e-23,3.024373985288922e-16,8.475174514440546e-20
10.0,6.31e-06,0.00339791765457402,1.808265e-23,4.797541724362145e-16,7.373202681177947e-20
10.0,7.94e-06,0.0017643859285059397,2.826249e-23,7.596281440271583e-16,5.983912759264781e-20
10.0,1e-05,0.0006887216986990853,4.512993e-23,1.2049250741187973e-15,3.729835446212498e-20
10.0,1.26e-05,0.00017607494905492178,7.199132e-23,1.9129390476710026e-15,1.5211041601675887e-20
10.0,1.58e-05,5.961256047099127e-05,1.123427e-22,3.007974955030167e-15,8.036443196669316e-21
10.0,2e-05,0.0,1.793108e-22,4.819700296475189e-15,0.0
10.0,2.51e-05,0.0,2.861343e-22,7.591148459455835e-15,0.0
10.0,3.16e-05,0.0,4.526497e-22,1.2031899820120668e-14,0.0
10.0,3.98e-05,0.0,7.105512e-22,1.9086495144071394e-14,0.0
10.0,5.01e-05,0.0,1.132991e-21,3.0243739852889225e-14,0.0
10.0,6.31e-05,0.0,1.778933e-21,4.797541724362144e-14,0.0
10.0,7.94e-05,0.0,2.865534e-21,7.596281440271584e-14,0.0
10.0,0.0001,0.0,4.549123e-21,1.2049250741187974e-13,0.0
10.0,0.000126,0.0,7.267212e-21,1.9129390476710017e-13,0.0
10.0,0.000158,0.0,1.122024e-20,3.0079749550301656e-13,0.0
10.0,0.0002,0.0,1.804952e-20,4.819700296475189e-13,0.0
10.0,0.000251,0.0,2.850674e-20,7.591148459455831e-13,0.0
10.0,0.000316,0.0,4.497625e-20,1.2031899820120662e-12,0.0
10.0,0.000398,0.0,7.202683e-20,1.90864951440714e-12,0.0
10.0,0.000501,0.0,1.118634e-19,3.024373985288923e-12,0.0
10.0,0.000631,0.0,1.793891e-19,4.797541724362144e-12,0.0
10.0,0.000794,0.0,2.859923e-19,7.59628144027158e-12,0.0
10.0,0.001,0.0,4.449277e-19,1.2049250741187974e-11,0.0
10.0,0.00126,0.0,7.211955e-19,1.9129390476710025e-11,0.0
10.0,0.00158,0.0,1.138523e-18,3.007974955030165e-11,0.0
10.0,0.002,0.0,1.811611e-18,4.8197002964751896e-11,0.0
10.0,0.00251,0.0,2.875313e-18,7.591148459455835e-11,0.0
10.0,0.00316,0.0,4.457786e-18,1.203189982012066e-10,0.0
10.0,0.00398,0.0,7.191999e-18,1.90864951440714e-10,0.0
10.0,0.00501,0.0,1.139158e-17,3.024373985288923e-10,0.0
10.0,0.00631,0.0,1.810853e-17,4.797541724362144e-10,0.0
10.0,0.00794,0.0,2.841403e-17,7.59628144027158e-10,0.0
10.0,0.01,0.0,4.564692e-17,1.2049250741187974e-09,0.0
10.0,0.0126,0.0,7.072331e-17,1.912939047671003e-09,0.0
10.0,0.0158,0.0,1.123341e-16,3.0079749550301666e-09,0.0
10.0,0.02,0.0,1.828493e-16,4.81970029647519e-09,0.0
10.0,0.0251,0.0,2.827409e-16,7.591148459455838e-09,0.0
10.0,0.0316,0.0,4.523505e-16,1.2031899820120666e-08,0.0
10.0,0.0398,0.0,7.236357e-16,1.9086495144071396e-08,0.0
10.0,0.0501,0.0,1.137711e-15,3.024373985288923e-08,0.0
10.0,0.0631,0.0,1.787917e-15,4.797541724362144e-08,0.0
10.0,0.0794,0.0,2.859925e-15,7.596281440271581e-08,0.0
10.0,0.1,0.0,4.565927e-15,1.2049250741187975e-07,0.0
10.0,0.126,0.0,7.088482e-15,1.912939047671003e-07,0.0
10.0,0.158,0.0,1.122609e-14,3.0079749550301656e-07,0.0
10.0,0.2,0.0,1.799008e-14,4.81970029647519e-07,0.0
10.0,0.251,0.0,2.845921e-14,7.591148459455835e-07,0.0
10.0,0.316,0.0,4.471253e-14,1.2031899820120663e-06,0.0
10.0,0.398,0.0,7.167336e-14,1.90864951440714e-06,0.0
10.0,0.501,0.0,1.142392e-13,3.024373985288922e-06,0.0
10.0,0.631,0.0,1.807001e-13,4.797541724362143e-06,0.0
10.0,0.794,0.0,2.856294e-13,7.5962814402715825e-06,0.0
10.0,1.0,0.0,4.603766e-13,1.2049250741187976e-05,0.0
17.8,3.16e-08,9.423530422923671e-05,1.634418e-28,4.540414443087337e-20,1.8482385296128877e-26
17.8,3.98e-08,1.5684918087727655e-05,2.577494e-28,7.20256979493277e-20,4.851333871393141e-27
17.8,5.01e-08,7.327822395738893e-05,4.143816e-28,1.1412920261470166e-19,3.643817722634539e-26
17.8,6.31e-08,0.0001876919830311739,6.470461e-28,1.8104229641424627e-19,1.4573443874590473e-25
17.8,7.94e-08,0.0002757097131933209,1.035404e-27,2.8665685785953857e-19,3.4256512785506067e-25
17.8,1e-07,0.00019659234124870984,1.643499e-27,4.546962068465928e-19,3.8771917949989604e-25
17.8,1.26e-07,0.0005034691250441021,2.623439e-27,7.218756979896506e-19,1.5849846455238891e-24
17.8,1.58e-07,0.001015122634140085,4.141024e-27,1.1351036107718345e-18,5.0443766291007746e-24
17.8,2e-07,0.0013368102117895795,6.524475e-27,1.8187848273863712e-18,1.046638176787898e-23
17.8,2.51e-07,0.0026848567089283295,1.024815e-26,2.86463157275422e-18,3.301777713792463e-23
17.8,3.16e-07,0.0035820452799825366,1.629346e-26,4.540414443087338e-18,7.00366937851011e-23
17.8,3.98e-07,0.00528159643418169,2.633444e-26,7.20256979493277e-18,1.6690546128020602e-22
17.8,5.01e-07,0.008460929522271057,4.114881e-26,1.1412920261470167e-17,4.17788617602387e-22
17.8,6.31e-07,0.010860617049922526,6.58607e-26,1.8104229641424622e-17,8.58345409607799e-22
17.8,7.94e-07,0.01277530289896832,1.018413e-25,2.8665685785953866e-17,1.5612641461496429e-21
17.8,1e-06,0.013647701646230062,1.643073e-25,4.5469620684659285e-17,2.6909004104371403e-21
17.8,1.26e-06,0.013319362227544297,2.607146e-25,7.218756979896509e-17,4.167062634491185e-21
17.8,1.58e-06,0.0106496589547307,4.094785e-25,1.135103610771834e-16,5.232967649153634e-21
17.8,2e-06,0.007029826849600847,6.573946e-25,1.8187848273863714e-16,5.54564425183513e-21
17.8,2.51e-06,0.003993519313075284,1.032203e-24,2.8646315727542195e-16,4.946547138617097e-21
17.8,3.16e-06,0.0017859898669782398,1.632223e-24,4.540414443087336e-16,3.498160486378589e-21
17.8,3.98e-06,0.0007360594005695391,2.565677e-24,7.202569794932769e-16,2.2661888096100642e-21
17.8,5.01e-06,0.00020498330225421756,4.128317e-24,1.1412920261470169e-15,1.0154832616946697e-21
17.8,6.31e-06,9.674361821178383e-05,6.573035e-24,1.8104229641424622e-15,7.63079026239231e-22
17.8,7.94e-06,2.9224382881236227e-05,1.034987e-23,2.8665685785953864e-15,3.6296227638122455e-22
17.8,1e-05,3.956578754195948e-11,1.64755e-23,4.546962068465929e-15,7.822393591770641e-28
17.8,1.26e-05,0.0,2.598355e-23,7.21875697989651e-15,0.0
17.8,1.58e-05,0.0,4.110446e-23,1.1351036107718344e-14,0.0
17.8,2e-05,0.0,6.49388e-23,1.8187848273863715e-14,0.0
17.8,2.51e-05,0.0,1.038258e-22,2.8646315727542195e-14,0.0
17.8,3.16e-05,0.0,1.649953e-22,4.540414443087338e-14,0.0
17.8,3.98e-05,0.0,2.621994e-22,7.202569794932772e-14,0.0
17.8,5.01e-05,0.0,4.097922e-22,1.1412920261470162e-13,0.0
17.8,6.31e-05,0.0,6.556234e-22,1.8104229641424623e-13,0.0
17.8,7.94e-05,0.0,1.044738e-21,2.8665685785953864e-13,0.0
17.8,0.0001,0.0,1.634676e-21,4.546962068465929e-13,0.0
17.8,0.000126,0.0,2.587551e-21,7.218756979896505e-13,0.0
17.8,0.000158,0.0,4.136559e-21,1.1351036107718345e-12,0.0
17.8,0.0002,0.0,6.598718e-21,1.8187848273863716e-12,0.0
17.8,0.000251,0.0,1.028546e-20,2.8646315727542177e-12,0.0
17.8,0.000316,0.0,1.635888e-20,4.540414443087338e-12,0.0
17.8,0.000398,0.0,2.590732e-20,7.2025697949327695e-12,0.0
17.8,0.000501,0.0,4.058444e-20,1.1412920261470166e-11,0.0
17.8,0.000631,0.0,6.503052e-20,1.810422964142463e-11,0.0
17.8,0.000794,0.0,1.04109e-19,2.866568578595386e-11,0.0
17.8,0.001,0.0,1.635396e-19,4.54696206846593e-11,0.0
17.8,0.00126,0.0,2.636599e-19,7.218756979896507e-11,0.0
17.8,0.00158,0.0,4.124652e-19,1.1351036107718343e-10,0.0
17.8,0.002,0.0,6.545521e-19,1.818784827386372e-10,0.0
17.8,0.00251,0.0,1.041995e-18,2.8646315727542193e-10,0.0
17.8,0.00316,0.0,1.623916e-18,4.5404144430873373e-10,0.0
17.8,0.00398,0.0,2.625479e-18,7.20256979493277e-10,0.0
17.8,0.00501,0.0,4.093995e-18,1.1412920261470163e-09,0.0
17.8,0.00631,0.0,6.566384e-18,1.8104229641424624e-09,0.0
17.8,0.00794,0.0,1.032521e-17,2.866568578595385e-09,0.0
17.8,0.01,0.0,1.64729e-17,4.54696206846593e-09,0.0
17.8,0.0126,0.0,2.626967e-17,7.218756979896509e-09,0.0
17.8,0.0158,0.0,4.059709e-17,1.1351036107718345e-08,0.0
17.8,0.02,0.0,6.590055e-17,1.818784827386372e-08,0.0
17.8,0.0251,0.0,1.046313e-16,2.8646315727542206e-08,0.0
17.8,0.0316,0.0,1.633722e-16,4.540414443087338e-08,0.0
17.8,0.0398,0.0,2.603508e-16,7.202569794932769e-08,0.0
17.8,0.0501,0.0,4.102667e-16,1.1412920261470164e-07,0.0
17.8,0.0631,0.0,6.508878e-16,1.8104229641424628e-07,0.0
17.8,0.0794,0.0,1.028237e-15,2.866568578595386e-07,0.0
17.8,0.1,0.0,1.617455e-15,4.54696206846593e-07,0.0
17.8,0.126,0.0,2.631171e-15,7.218756979896509e-07,0.0
17.8,0.158,0.0,4.104707e-15,1.1351036107718345e-06,0.0
17.8,0.2,0.0,6.654247e-15,1.818784827386372e-06,0.0
17.8,0.251,0.0,1.037282e-14,2.864631572754219e-06,0.0
17.8,0.316,0.0,1.635558e-14,4.540414443087338e-06,0.0
17.8,0.398,0.0,2.62222e-14,7.202569794932771e-06,0.0
17.8,0.501,0.0,4.127145e-14,1.1412920261470165e-05,0.0
17.8,0.631,0.0,6.560134e-14,1.8104229641424618e-05,0.0
17.8,0.794,0.0,1.031306e-13,2.8665685785953867e-05,0.0
17.8,1.0,0.0,1.648364e-13,4.546962068465929e-05,0.0
31.6,3.16e-08,0.00025162810344959925,1.050883e-28,8.948379729681282e-20,3.1731803548491024e-26
31.6,3.98e-08,0.00041092374915099856,1.671009e-28,1.4195032273478147e-19,8.239887397740732e-26
31.6,5.01e-08,0.0002882108011801161,2.668921e-28,2.2492912399152096e-19,9.230542316357241e-26
31.6,6.31e-08,0.000691445734077188,4.262391e-28,3.5680337902075286e-19,3.5366544887027994e-25
31.6,7.94e-08,0.001190085278492849,6.579284e-28,5.649516026339279e-19,9.395890837708255e-25
31.6,1e-07,0.001472950586385231,1.058756e-27,8.96128397861048e-19,1.871394325246658e-24
31.6,1.26e-07,0.0024209683327729038,1.7034e-27,1.4226934444442e-18,4.9486529496544376e-24
31.6,1.58e-07,0.003455392405014019,2.682632e-27,2.237094932420321e-18,1.112345548589708e-23
31.6,2e-07,0.005606530022590544,4.199034e-27,3.584513591444192e-18,2.8250412224254156e-23
31.6,2.51e-07,0.00811136808786068,6.72155e-27,5.6456985193643904e-18,6.542515940515194e-23
31.6,3.16e-07,0.010085888522662735,1.065878e-26,8.948379729681285e-18,1.2900392024110454e-22
31.6,3.98e-07,0.01497657124285721,1.694667e-26,1.4195032273478146e-17,3.0456361270102923e-22
31.6,5.01e-07,0.016732626347110674,2.652013e-26,2.2492912399152104e-17,5.325017111601603e-22
31.6,6.31e-07,0.01605822946588923,4.160855e-26,3.568033790207528e-17,8.017915723715105e-22
31.6,7.94e-07,0.014412012251577832,6.664978e-26,5.649516026339281e-17,1.1526689351099605e-21
31.6,1e-06,0.01050341693365608,1.053988e-25,8.961283978610484e-17,1.3284570488484364e-21
31.6,1.26e-06,0.007311244554266854,1.675954e-25,1.4226934444442004e-16,1.4703971466842103e-21
31.6,1.58e-06,0.0035843747668771655,2.65385e-25,2.2370949324203203e-16,1.141487157009236e-21
31.6,2e-06,0.0014180274745911583,4.180518e-25,3.5845135914441935e-16,7.113707258427456e-22
31.6,2.51e-06,0.0005176627878877784,6.761294e-25,5.645698519364391e-16,4.20008436212269e-22
31.6,3.16e-06,0.00021905610719359018,1.066919e-24,8.948379729681281e-16,2.804581473970537e-22
31.6,3.98e-06,2.9590653378310785e-05,1.649546e-24,1.4195032273478146e-15,5.857337270109486e-23
31.6,5.01e-06,1.0477965497199105e-08,2.68715e-24,2.24929123991521e-15,3.378703798295829e-26
31.6,6.31e-06,0.0,4.235912e-24,3.568033790207528e-15,0.0
31.6,7.94e-06,0.0,6.702997e-24,5.6495160263392794e-15,0.0
31.6,1e-05,0.0,1.056793e-23,8.961283978610483e-15,0.0
31.6,1.26e-05,0.0,1.698166e-23,1.4226934444442006e-14,0.0
31.6,1.58e-05,0.0,2.63088e-23,2.2370949324203205e-14,0.0
31.6,2e-05,0.0,4.275886e-23,3.584513591444193e-14,0.0
31.6,2.51e-05,0.0,6.703474e-23,5.645698519364388e-14,0.0
31.6,3.16e-05,0.0,1.052312e-22,8.948379729681282e-14,0.0
31.6,3.98e-05,0.0,1.676153e-22,1.4195032273478142e-13,0.0
31.6,5.01e-05,0.0,2.66172e-22,2.249291239915209e-13,0.0
31.6,6.31e-05,0.0,4.225955e-22,3.568033790207528e-13,0.0
31.6,7.94e-05,0.0,6.66898e-22,5.64951602633928e-13,0.0
31.6,0.0001,0.0,1.073558e-21,8.961283978610485e-13,0.0
31.6,0.000126,0.0,1.685006e-21,1.4226934444442e-12,0.0
31.6,0.000158,0.0,2.662783e-21,2.2370949324203203e-12,0.0
31.6,0.0002,0.0,4.220376e-21,3.584513591444194e-12,0.0
31.6,0.000251,0.0,6.728551e-21,5.6456985193643874e-12,0.0
31.6,0.000316,0.0,1.065383e-20,8.948379729681281e-12,0.0
31.6,0.000398,0.0,1.68735e-20,1.419503227347815e-11,0.0
31.6,0.000501,0.0,2.69308e-20,2.24929123991521e-11,0.0
31.6,0.000631,0.0,4.185606e-20,3.5680337902075284e-11,0.0
31.6,0.000794,0.0,6.677534e-20,5.649516026339277e-11,0.0
31.6,0.001,0.0,1.05413e-19,8.96128397861048e-11,0.0
31.6,0.00126,0.0,1.667256e-19,1.4226934444442005e-10,0.0
31.6,0.00158,0.0,2.67982e-19,2.2370949324203205e-10,0.0
31.6,0.002,0.0,4.256382e-19,3.584513591444192e-10,0.0
31.6,0.00251,0.0,6.715754e-19,5.645698519364389e-10,0.0
31.6,0.00316,0.0,1.053412e-18,8.948379729681282e-10,0.0
31.6,0.00398,0.0,1.67142e-18,1.419503227347815e-09,0.0
31.6,0.00501,0.0,2.678541e-18,2.2492912399152098e-09,0.0
31.6,0.00631,0.0,4.238344e-18,3.5680337902075275e-09,0.0
31.6,0.00794,0.0,6.752162e-18,5.649516026339278e-09,0.0
31.6,0.01,0.0,1.071721e-17,8.961283978610482e-09,0.0
31.6,0.0126,0.0,1.695329e-17,1.4226934444442003e-08,0.0
31.6,0.0158,0.0,2.681971e-17,2.2370949324203213e-08,0.0
31.6,0.02,0.0,4.2884e-17,3.584513591444193e-08,0.0
31.6,0.0251,0.0,6.653671e-17,5.64569851936439e-08,0.0
31.6,0.0316,0.0,1.062748e-16,8.948379729681285e-08,0.0
31.6,0.0398,0.0,1.694067e-16,1.419503227347815e-07,0.0
31.6,0.0501,0.0,2.667396e-16,2.2492912399152092e-07,0.0
31.6,0.0631,0.0,4.23161e-16,3.5680337902075283e-07,0.0
31.6,0.0794,0.0,6.636021e-16,5.649516026339277e-07,0.0
31.6,0.1,0.0,1.059709e-15,8.961283978610486e-07,0.0
31.6,0.126,0.0,1.704402e-15,1.4226934444442007e-06,0.0
31.6,0.158,0.0,2.667783e-15,2.2370949324203206e-06,0.0
31.6,0.2,0.0,4.289052e-15,3.5845135914441943e-06,0.0
31.6,0.251,0.0,6.659662e-15,5.64569851936439e-06,0.0
31.6,0.316,0.0,1.057515e-14,8.948379729681282e-06,0.0
31.6,0.398,0.0,1.658507e-14,1.4195032273478154e-05,0.0
31.6,0.501,0.0,2.6469e-14,2.2492912399152095e-05,0.0
31.6,0.631,0.0,4.216547e-14,3.5680337902075275e-05,0.0
31.6,0.794,0.0,6.626411e-14,5.64951602633928e-05,0.0
31.6,1.0,0.0,1.064713e-13,8.961283978610485e-05,0.0
